id,word,reading,romaji,meanings,level,pos,jmdict_id,other_forms,example_ja,example_en
42c4654587,あいかわらず,あいかわらず,aikawarazu,as ever; as usual; the same,N2,adv; adj-no,1401310,相変わらず,君は相変わらず健康そうに見える。,You look as healthy as ever.
79169045a2,アイデア,アイデア,aidea,idea,N2,n,1014210,アイディア,アイディアが足りないということはない。,There is no shortage of ideas.
08e45ae028,あいまい,あいまい,aimai,vague; ambiguous,N2,adj-na; n,1567920,曖昧,彼は私にあいまいな返事をした。,He gave me a vague answer.
5b1dbc60e6,遭う,あう,au,to meet; to encounter (undesirable nuance),N2,v5u; vi,1198180,,駅へ行く途中でにわか雨に遭った。,I was caught in a shower on my way to the station.
5c46e379a2,扇ぐ,あおぐ,aogu,to fan; to flap,N2,v5g; vt,1609000,,彼はあおいで火をおこした。,He fanned the fire into flame.
f24da46d2e,青白い,あおじろい,aojiroi,pale; pallid,N2,adj-i,1381760,,彼女はいつも青白い顔をしている。,She always looks pale.
b286c3e278,明き,あき,aki,room; time to spare; emptiness,N2,n,1609010,,字と字の間の空きをもっと広くしなさい。,Leave more space between characters.
4bbc998853,あきれる,あきれる,akireru,to be amazed; to be shocked,N2,v1; vi,1515580,呆れる,君の厚かましいのには呆れたよ。,I am amazed at your audacity.
f4f844d9b9,アクセント,アクセント,akusento,accent,N2,n,1015310,,Australiaという語のアクセントはどこですか。,"Where do you place the stress in the word ""Australia""?"
4f70e78ef3,あくび,あくび,akubi,yawn,N2,n; vs; vi,1254010,,あの先生の講義はあくびが出る。,His lectures are terribly boring.
a542a76c28,あくまで,あくまで,akumade,to the end; to the last; stubbornly,N2,adv,1518320,飽くまで,彼はその計画にあくまで反対した。,He opposed the plan to the last.
817ab81f5e,明け方,あけがた,akegata,dawn,N2,n; adv,1532300,,その事故は明け方に起こった。,The accident occurred at dawn.
8c256fc677,挙げる,あげる,ageru,to raise; to fly,N2,v1; vt,2864818,,質問があれば右手を挙げて下さい。,"If you have a question, please raise your right hand."
d4d89391b7,揚げる,あげる,ageru,to lift; to fry,N2,v1; vt,2864817,,彼はたこを揚げた。,He flew a kite.
36c77eda04,憧れる,あこがれる,akogareru,to long for; to yearn after; to admire,N2,v1; vi,1453810,,あの人達は都会の生活にあこがれている。,They are longing for city life.
c6ff7af051,足跡,あしあと,ashiato,footprints,N2,n,1581330,,足跡が床に残っていた。,Footprints were left on the floor.
e62d8e80cc,味わう,あじわう,ajiwau,to taste; to savor; to relish,N2,v5u; vt,1527010,,あのテーマパークでスリルを味わった。,We had a thrilling time at the theme park.
eafba17b69,預かる,あずかる,azukaru,to keep in custody; to receive on deposit; to take charge of,N2,v5r; vt,1544970,,４時まで荷物を預かっていただけませんか。,Could you keep my bags here until four?
4d006aea23,暖まる,あたたまる,atatamaru,to warm up; to get warm,N2,v5r; vi,1586430,,ここにお掛けになって暖まってください。,Sit down here and warm yourself.
a7a7a09d5d,暖める,あたためる,atatameru,to warm; to heat,N2,v1; vt,1586440,,ミルクを温めてくれませんか。,"Will you warm the milk, please?"
ac69e2e6fa,あたりまえ,あたりまえ,atarimae,usual; common; ordinary,N2,adj-no; adj-na; n,1448800,当たり前,この問題はあたりまえのやり方では解決しない。,You cannot solve this problem in an ordinary way.
18818a506e,あちらこちら,あちらこちら,achirakochira,here and there,N2,pn; adv; vs,1612620,,彼の目はあちらこちらに動いた。,His eyes went to and fro.
a059581841,厚かましい,あつかましい,atsukamashii,impudent; shameless; brazen,N2,adj-i,1275330,,彼は厚かましくも助けを求めてきた。,He had the cheek to ask me to help him.
869960843c,圧縮,あっしゅく,asshuku,compression; condensation; pressure,N2,n; vs; vt,1153080,,その気体は圧縮されてボンベに詰め込まれた。,The gas was compressed into a gas cylinder.
d3825b176d,宛名,あてな,atena,address; direction,N2,n,1586520,,この手紙は宛名が違っている。,This letter is wrongly addressed.
83df753526,あてはまる,あてはまる,atehamaru,to be applicable; to come under (a category); to fulfill,N2,v5r; vi,1448930,当てはまる,この規則は１年生には当てはまらない。,This rule doesn't apply to first-year students.
a5a037fa3e,あてはめる,あてはめる,atehameru,to apply; to adapt,N2,v1; vt,1586530,当てはめる,この規則は貴方には当てはめることはできない。,This rule cannot be applied to you.
f87fab18b5,暴れる,あばれる,abareru,to act violently; to rage; to struggle; to be riotous,N2,v1; vi,1519340,,少年たちは２階でどたばた暴れていた。,The boys were banging about upstairs.
cab6203141,脂,あぶら,abura,fat; tallow; lard,N2,n,1311750,,肌が脂っぽいのです。,I have greasy skin.
956a0a55ec,あぶる,あぶる,aburu,to scorch,N2,v5r; vt,1568910,炙る,それは油であぶられた。,That was cooked in oil.
3365ac796d,あふれる,あふれる,afureru,to flood; to overflow; to brim over,N2,v1; vi,1167610,溢れる,その街は活気にあふれていた。,The town was full of activity.
0823382f19,雨戸,あまど,amado,sliding storm door,N2,n,1171970,,嵐が雨戸をがたがたとならした。,The storm rattled the shutters.
e34ae82b35,甘やかす,あまやかす,amayakasu,to pamper; to spoil,N2,v5s; vt,1213470,,私は甘やかされた子供は嫌いだ。,I don't like spoiled children.
89251f222d,余る,あまる,amaru,to remain; to be left over; to be in excess; to be too many,N2,v5r; vi,1543910,,日本では米が、ヨーロッパではワインが余っている。,"Japan has a surplus of rice, Europe of wine."
796332c2c7,編物,あみもの,amimono,knitting; web,N2,n; adj-no,1586670,,彼女はせっせと編み物に精を出していた。,She was busy with her knitting.
fb73ee2899,編む,あむ,amu,to knit,N2,v5m; vt,1511950,,彼女は自分で編んだセーターを着ていた。,She wore a sweater that she'd knitted herself.
488070d93a,危うい,あやうい,ayaui,dangerous; critical; grave,N2,adj-i,1218360,,危うい所を助かった。,I had a narrow escape.
36d05281eb,怪しい,あやしい,ayashii,suspicious; dubious; doubtful,N2,adj-i,1586700,,空が怪しい。雨が降るかな。,The sky looks ominous. I wonder if it will rain.
c171dadc4a,荒い,あらい,arai,rough; rude; wild,N2,adj-i,1281450,,僕のボスは人使いが荒いんだ。,My boss is a slave driver.
1c9be68b8f,粗い,あらい,arai,coarse; rough,N2,adj-i,1396910,,彼女のドレスはきめの粗いウールでできていた。,Her dress was made of coarse wool.
3741d0a778,あらすじ,あらすじ,arasuji,outline; summary,N2,n,1396970,粗筋,,
2c37f1e65a,争う,あらそう,arasou,to dispute; to argue; to be at variance; to compete,N2,v5u; vi,1400620,,１０チームが賞を得ようと争った。,Ten teams competed for the prize.
ba30b2fc1e,改めて,あらためて,aratamete,another time; again; over again; anew; formally,N2,adv,1200740,,改めて言う事はない。,I have nothing particular to say.
554088a0dc,改める,あらためる,aratameru,to change; to alter; to reform; to revise,N2,v1; vt,1200750,,どうして考えを改めたのですか。,What made you change your mind?
173f8d3f42,著す,あらわす,arawasu,to write; to publish,N2,v5s; vt,1427080,,有名作家はまたベストセラー書を著した。,The famous author created another best-selling book.
89034be6d9,有難い,ありがたい,arigatai,grateful; thankful; welcome; appreciated; evoking gratitude,N2,adj-i,1541560,,お手伝いいただければたいへん有り難いと思います。,I'd be very grateful if you'd help me.
8c1e168b75,あれこれ,あれこれ,arekore,one thing or another; this and that; this or that,N2,adv; pn,1612650,彼此,もうかれこれ１０時です。,It is almost ten o'clock.
4fcdca6105,あわただしい,あわただしい,awatadashii,busy; hurried; confused; flurried,N2,adj-i,1278810,慌ただしい,飛行機の辺りで人の動きがあわただしかった。,There was much activity around the plane.
dedd8df548,あわてる,あわてる,awateru,to become confused,N2,v1; vi,1278830,慌てる,その質問で彼はすっかりあわてた。,The question threw him off his balance.
9b0fdc64d8,安易,あんい,an'i,easy-going,N2,adj-na; n,1153720,,彼は彼女を安易な餌で誘き寄せた。,He lured her with trinkets.
96370a1ce3,案外,あんがい,angai,unexpectedly,N2,adv; adv-to,1154820,,ピクニックは案外つまらなかった。,The picnic was a disappointment.
02304543b5,アンテナ,アンテナ,antena,antenna,N2,n,1020410,,このアンテナを屋根につけると画面がはっきりする。,You'll get a clear picture with this antenna on the roof.
f90c31a922,言い出す,いいだす,iidasu,to start talking; to speak; to tell; to propose; to suggest; to break the ice,N2,v5s; vt,1264080,,これはだれかの言い出したことかい。,Was this somebody else's idea?
319bcb97fb,言い付ける,いいつける,iitsukeru,to tell; to tell on (someone); to order,N2,v1; vt,1264230,,彼はちゃんと私が言いつけておいたとおりにやった。,He did exactly as I had told him.
9711352afe,意義,いぎ,igi,meaning; significance,N2,n,1156520,,彼は重大な意義のある決定を下した。,He has made a significant decision.
c6399cbbfd,生き生き,いきいき,ikiiki,vividly; lively,N2,adv; adv-to; vs,1609130,,彼は生き生きとした想像力を持っている。,He has a very vivid imagination.
ad6b4ebbf6,いきなり,いきなり,ikinari,abruptly; suddenly; all of a sudden; without warning,N2,adv; adj-no,1282000,行き成り,そのタクシーはいきなり左に曲がった。,The taxi abruptly turned left.
3308b2d953,育児,いくじ,ikuji,childcare; nursing; upbringing,N2,n; vs; vi,1160630,,ほんの一握りの男性しか育児休暇を取りたがらない。,Only a handful of men want to take childcare leave.
363c73e228,幾分,いくぶん,ikubun,somewhat,N2,adv; n,1220060,,そのケーキは幾分レモンの味がした。,There was some taste of lemon in the cake.
85d99f2057,生け花,いけばな,ikebana,flower arrangement,N2,n,1587180,,彼女は生け花の大家になった。,She has made herself master of flower arranging.
e73024b2eb,以後,いご,igo,after this; from now on; hereafter; thereafter,N2,n; adv,1155100,,以後こんなことはいたしません。,I'll never do this again.
f485f00a3a,以降,いこう,ikou,on and after; hereafter; thereafter,N2,n; adv,1155110,,それ以降彼は辛い一生を送った。,He led a hard life after that.
7102632d8f,イコール,イコール,ikooru,equal,N2,adj-na,1021220,,彼らは宗教イコール教会に行くことだと考えている。,They equate religion with church-going.
3966c8755c,勇ましい,いさましい,isamashii,brave; valiant; gallant; courageous,N2,adj-i,1539660,,一人で原始林へ乗り込もうとは君はなんて勇ましいんだ。,How brave of you to go alone into the primaeval forest!
05292c6357,衣食住,いしょくじゅう,ishokujuu,"necessities of life (food, clothing, etc.)",N2,n,1158780,,私達が生きていくためには衣食住が必要です。,"We need food, clothes and a home in order to live."
9332146c42,意地悪,いじわる,ijiwaru,malicious; ill-tempered; unkind,N2,adj-na; n,1156740,,友達に意地悪をしてはいけません。,Don't be unkind to your friends.
ca1d593e5e,いちいち,いちいち,ichiichi,one by one; separately,N2,n; adv,1587320,一々,ジョンが品物をいちいち手に取って見た。,John picked up the articles one by one and examined them.
99ff21adbb,一応,いちおう,ichiou,once; tentatively; in outline; for the time being,N2,n; adv,1161170,,ええ、先方から一応返事はありました。,"Yeah, there was some sort of reply from them."
28ba375980,一段と,いちだんと,ichidanto,greater; more; further; still more,N2,,,,ゲームで一段と盛り上がった。,The game added to the fun.
9299dcd9c4,一流,いちりゅう,ichiryuu,first class; top grade; foremost; top-notch,N2,adj-no; n,1167270,,こんな一流選手が相手では勝ち目がない。,We have no chance against those top players.
a86f29464a,佚,いつ,itsu,be lost; peace; hide; mistake; beautiful; in turn,N2,n,1585390,,,
84ce1b3469,一昨年,いっさくねん,issakunen,year before last,N2,n; adv,1576060,,彼女は、一昨年よりもはるかに暮らし向きがよい。,She's far better off than she was the year before last.
b1205d9b83,一斉,いっせい,issei,simultaneous; all at once,N2,adv; n,1164040,,彼らは一斉に立ち上がった。,They stood up simultaneously.
e2c0c40491,一旦,いったん,ittan,once; for a moment; one morning; temporarily,N2,adv,1164650,,いったんしたことは元どおりにならない。,What is done cannot be undone.
d56c7f55f8,一定,いってい,ittei,fixed; settled; definite,N2,adj-no,1164950,,金利自由化の方向性を一定するのはむずかしいことです。,It is difficult to peg the direction of interest deregulation.
3db8531d3b,いっていらっしゃい,いっていらっしゃい,itteirasshai,see you later; take care (said to someone leaving home),N2,,,,,
b36e55026a,いってまいります,いってまいります,ittemairimasu,good bye; I'm off; see you later,N2,exp,2149180,,,
b95d04294a,いってらっしゃい,いってらっしゃい,itterasshai,have a good day; take care; see you,N2,int,2088750,,そう、いいわよ。いってらっしゃい。でも運転には気を付けてね。,"Oh, OK. See you. But drive carefully."
8c9eb6e298,いつのまにか,いつのまにか,itsunomanika,before one knows; unnoticed; unawares,N2,adv,1188850,何時の間にか,いつの間にかボブは外へ出ていた。,Bob went out before I knew it.
2c3f94c2e7,移転,いてん,iten,moving; transfer; demise,N2,n; vs; vt; vi,1158390,,ご移転の際はお知らせ下さい。,"If you change your address, please let me know."
2fac4509a1,緯度,いど,ido,latitude (nav.),N2,n,1158490,,,
354b630662,井戸,いど,ido,water well,N2,n,1160330,,井戸には少しの水も無かった。,There was no water in the well.
8ca2ab5e1d,従姉妹,いとこ,itoko,cousin (female),N2,n,1335310,,彼の従姉妹は、名前は忘れたが、看護婦だった。,"His cousin, whose name I forget, was a nurse."
d46e97a030,威張る,いばる,ibaru,to be proud; to swagger,N2,v5r; vi,1156320,,あの人はあまり威張るから好きになれない。,That man is too boastful for my liking.
608f79c4f1,嫌がる,いやがる,iyagaru,to hate; to dislike,N2,v5r; vt,1609260,,彼は誤りを認めるのを嫌がらない。,He feels no reluctance in acknowledging errors.
17c46940e9,いよいよ,いよいよ,iyoiyo,more and more; all the more; increasingly; at last; beyond doubt,N2,adv,1587670,愈々,いよいよ千載一遇のチャンスがめぐってきた。,"At last, a chance in a million arrived."
82a3b17d15,煎る,いる,iru,to parch; to fry,N2,v5r; vt,1391500,,彼はコーヒー豆をいっている。,He is roasting coffee beans.
228ab529ea,炒る,いる,iru,to roast; to parch; to toast; to boil down,N2,v5r; vt,1391500,,彼はコーヒー豆をいっている。,He is roasting coffee beans.
c1294618e7,入れ物,いれもの,iremono,container; case; receptacle,N2,n,1587840,,眼窩とは、目をいれている骨のいれもののことです。,The eye socket is the bone receptacle in which the eye fits.
a7cee32023,インキ,インキ,inki,ink,N2,n,2856157,,印刷インキが不足している。,Printing ink is in short supply.
b1eb46ec35,インタビュー,インタビュー,intabyuu,interview,N2,n; vs; vt; vi,1023100,,彼がインタビューで言ったことは理にかなっている。,What he said in his interview makes sense.
1cda943bec,引力,いんりょく,inryoku,gravity,N2,n,1169720,,ニュートンは引力の法則を確立した。,Newton established the law of gravity.
2a68d3e319,ウーマン,ウーマン,uuman,woman,N2,n,1024950,,彼女はウーマンリブ運動の指導者だと言われている。,She is said to be a leader in the women's liberation movement.
b453cd7ae1,ウール,ウール,uuru,wool,N2,n,1025010,,彼はウールと綿の区別がつかない。,He cannot tell wool from cotton.
d2573d60e7,ウエートレス,ウエートレス,ueetoresu,waitress,N2,n,1025690,,ウエートレスはテーブルの上に白いテーブルクロスをかけた。,The waitress spread a white cloth over the table.
c7ba433c9d,植木,うえき,ueki,garden shrubs; trees; potted plant,N2,n,1587970,,母は植木の世話をよくする人だ。,My mother looks after the plants well.
c20bb40c25,飢える,うえる,ueru,to starve,N2,v1; vi,1224080,,彼は飢えた者に食を与えた。,He furnished food to the hungry.
155ca82293,浮かぶ,うかぶ,ukabu,to float; to rise to surface; to come to mind,N2,v5b; vi,1497430,,浮かんだと思うとまた沈む。,"Now it rises, now it sinks."
0fd77d7f82,浮かべる,うかべる,ukaberu,"to float; to express; to look (sad, glad)",N2,v1; vt,1497360,,彼は小さな船を水に浮かべている。,He is sailing a little boat on the water.
3d9613a286,浮く,うく,uku,to float; to become merry; to become loose,N2,v5k; vi,1497420,,それから彼女はあおむけに浮いていた。,Then she was floating on her back.
a4847f22e0,承る,うけたまわる,uketamawaru,(humble) to hear; to be told; to know,N2,v5r; vt,1349440,,ご用は承っておりますか。,Is anybody waiting on you?
503bf9a13e,受取,うけとり,uketori,receipt,N2,n,1329770,受け取り,お受け取りくださって幸いに存じます。,It was gracious of you to accept.
7b66979a25,受け持つ,うけもつ,ukemotsu,to take (be in) charge of,N2,v5t; vt,1329640,,費用を受け持つ者に決定権がある。,He who pays the piper calls the tune.
609f65f056,薄暗い,うすぐらい,usugurai,dim; gloomy,N2,adj-i,1475530,,薄暗い光の中で彼の顔を見た。,I saw his face in the dim light.
30f83846c7,薄める,うすめる,usumeru,to dilute; to water down,N2,v1; vt,1475500,,,
40a3c95ccf,打合せ,うちあわせ,uchiawase,business meeting; previous arrangement; appointment,N2,n; vs; vt,1588140,打ち合わせ,打ち合わせは来週に延期になった。,The meeting was put off until next week.
4a25e28103,打ち消す,うちけす,uchikesu,to deny; to negate; to contradict,N2,v5s; vt,1609310,,,
1abb6e796a,討つ,うつ,utsu,to attack; to avenge,N2,v5t; vt,1478010,,,
079b23ed2d,うっかり,うっかり,ukkari,carelessly; thoughtlessly; inadvertently,N2,adv; adv-to; vs,1001010,,うっかりそれを忘れるところだったわ。,I almost forgot all about that.
6cfaa71596,映す,うつす,utsusu,to project; to reflect; to cast (shadow),N2,v5s; vt,1588330,,一本の高い木が水面に長い影を映している。,A tall tree projects its long shadow on the water.
46b2bb8278,映る,うつる,utsuru,to be reflected; to harmonize with; to come out (photo),N2,v5r; vi,1173710,,カーテンに女の子の影が映った。,A silhouette of a girl appeared on the curtain.
8d45108aac,写る,うつる,utsuru,to be photographed; to be projected,N2,v5r; vi,1321820,,うまく写っているといいですが。,I hope it'll come out good.
10adbed302,うどん,うどん,udon,noodles (Japanese),N2,n,1574470,饂飩,そばはそば粉から、うどんやきしめんは普通の小麦粉からできてるの。,"Soba is made of buckwheat flour, and udon and kishimen are made of plain wheat flour."
27a6e0b315,有無,うむ,umu,yes or no; existence; flag indicator (comp); presence or absence marker,N2,n,1541610,,排卵の有無を調べる方法はありますか？,Is there some way to check for ovulation?
04779b98e7,埋める,うめる,umeru,"to bury; to fill up; to fill (a seat, a vacant position)",N2,v1; vt,1524500,,犬はよく骨を地面に埋める。,Dogs often bury bones.
d95334bf4d,敬う,うやまう,uyamau,to show respect; to honour,N2,v5u; vt,1250700,,私は、年上の人を敬うように教えられた。,I was taught to respect my elders.
27cd0cb3fc,裏返す,うらがえす,uragaesu,to turn inside out; to turn (something) over,N2,v5s; vt,1550630,,彼はシャツを裏返しに着ていた。,He had his shirt on inside out.
01cfbc11d9,裏口,うらぐち,uraguchi,backdoor; rear entrance,N2,n,1550270,,彼は裏口入学した。,He bought his way into college.
5ba9e0b071,占う,うらなう,uranau,to forecast; to predict,N2,v5u; vt,1389430,,私は運勢を占ってもらった。,I had my fortune told.
598e1dd07c,恨み,うらみ,urami,resentment,N2,n,1289740,,リサはスタンに恨みがある。,Lisa bears a grudge against Stan.
6116be16a9,恨む,うらむ,uramu,to curse; to feel bitter,N2,v5m; vt,1289780,,,
d40a8e4a7f,羨ましい,うらやましい,urayamashii,envious; enviable,N2,adj-i,1391940,,あなたがとても羨ましい。,I envy you so much.
343bc443c8,羨む,うらやむ,urayamu,to envy,N2,v5m; vt,1391950,,彼らは私たちの成功をうらやんでいる。,They are jealous of our success.
43e8d35afa,売上,うりあげ,uriage,amount sold; proceeds,N2,n,1588500,,今年の売り上げは倍増と見込んでいます。,Sales should double this year.
f892df3605,売り切れ,うりきれ,urikire,sold-out,N2,adj-no; n,1473870,,切符はすべて売り切れです。,All the tickets are sold out.
399dac0917,売り切れる,うりきれる,urikireru,to be sold out,N2,v1; vi,1473880,,そのケーキはすぐに売り切れるでしょう。,The cakes may be sold out soon.
d5a063f643,売れ行き,うれゆき,ureyuki,sales,N2,n,1588590,,売れ行きは目標に達しなかった。,Sales fell short of their goal.
159326fcca,うろうろ,うろうろ,urouro,loiteringly; aimless wandering,N2,adv; adv-to,1001060,,今日一日当ても無くうろうろした。,I wandered about aimlessly all day.
5fd1b52022,運河,うんが,unga,canal; waterway,N2,n,1172710,,この船は大きすぎて運河を通れない。,This ship is too big to pass through the canal.
b3f892f900,うんと,うんと,unto,a great deal; very much,N2,adv,2007420,,彼は金がうんとあって使えない。,He has more money than he can use.
aa9dd05f1c,英文,えいぶん,eibun,sentence in English,N2,n,1174620,,彼は英文の手紙の書き方をしりません。,He doesn't know how to write a letter in English.
b39296190c,英和,えいわ,eiwa,English-Japanese (e.g. dictionary),N2,n,1174720,,,
5047599345,ええと,ええと,eeto,let me see; well; er....,N2,int,1001150,,ええと、私はジョギングはよいと思う。,"Well, I think jogging is good."
002731ca75,液体,えきたい,ekitai,liquid; fluid,N2,n,1175030,,水と石油は共に液体である。,Water and oil are both liquids.
9a206ab4e7,エチケット,エチケット,echiketto,etiquette,N2,n,1028990,,それはエチケットの問題だ。,It's a matter of etiquette.
5b77043dfc,絵の具,えのぐ,enogu,colors; paints,N2,exp; n,1202290,,赤い絵の具に青い絵の具を混ぜなさい。,Blend the red paint with the blue paint.
2950903972,エプロン,エプロン,epuron,apron,N2,n,1029760,,エプロンの紐を結んでください。,Tie the apron.
6155e8fd84,偉い,えらい,erai,great; celebrated; eminent; terrible; awful; famous; remarkable; excellent,N2,adj-i,1155780,,私はあの人が将来偉くなると見取った。,I discerned the potential of great things in him.
ec666f2c30,宴会,えんかい,enkai,party; banquet,N2,n,1176320,,宴会はたけなわだった。,The banquet was in full swing.
f428a460b7,園芸,えんげい,engei,horticulture; gardening,N2,n; adj-no,1176260,,彼女は園芸の入門書を読んでいる。,She is reading a manual on gardening.
ac4aba9167,演劇,えんげき,engeki,play (theatrical),N2,n; adj-no,1176860,,私はイギリス演劇を勉強しています。,I'm studying the English drama.
d098b11716,円周,えんしゅう,enshuu,circumference,N2,n; adj-no,1175860,,円周の長さの求め方ってどうでしたっけ？忘れました。,How do you derive the length of the circumference? I've forgotten.
75fef7ef0d,遠足,えんそく,ensoku,trip; hike; picnic,N2,n; vs; vi,1178260,,全体として、遠足は楽しかった。,"All in all, the excursion was pleasant."
dba326f5ee,延長,えんちょう,enchou,extension; elongation; prolongation; lengthening,N2,n; vs; vt; vi,1176510,,宿泊をもう一晩延長できますか。,Can I extend my stay one more night?
af2a981df0,煙突,えんとつ,entotsu,chimney,N2,n,1177320,,あの煙突はとても高い。,That chimney is very high.
06424536bc,追い掛ける,おいかける,oikakeru,to chase or run after someone; to run down; to pursue,N2,v1; vt,1608720,,犬が猫を追いかけていた。,A dog was running after a cat.
6e96d24d68,追い越す,おいこす,oikosu,to pass (e.g. car); to outdistance; to outstrip,N2,v5s; vt,1432280,,うさぎはかめに追い越された。,The hare was outdistanced by the tortoise.
45c88476cd,オイル,オイル,oiru,oil; engine oil; kerosene,N2,n,1033900,,新しいオイル・タンカーが進水した。,A new oil tanker was launched.
f4d4c5dfdf,応援,おうえん,ouen,aid; assistance; help; reinforcement,N2,n; vs; vt,1179840,,何事が起ころうとも、君を応援するよ。,I will stand by you whatever happens.
dcd1a67561,王女,おうじょ,oujo,princess,N2,n,1181560,,王女があくどい化粧をしていた。,The princess was wearing too much makeup.
f70dc7b6aa,応ずる,おうずる,ouzuru,to answer; to respond; to meet; to satisfy; to accept,N2,vz; vi,1609380,,,
91061f3fb6,応接,おうせつ,ousetsu,reception,N2,n; vs; vt; vi,1179930,,,
675d71d816,応対,おうたい,outai,receiving; dealing with,N2,n; vs; vi,1179980,,その女店員が私に応対してくれた。,The sales girl waited on me.
0be1327b16,往復,おうふく,oufuku,(colloquial) round trip; coming and going; return ticket,N2,n; vs; vi,1179760,,往復ですか、片道ですか。,Round trip or one-way?
950bd50c42,欧米,おうべい,oubei,Europe and America; the West,N2,n,1609390,,医学では日本は欧米に追いつきました。,Japan has caught up with Europe and America in medicine.
8ccc07ea5d,応用,おうよう,ouyou,application; put to practical use,N2,n; vs; vt,1180060,,その発見はいろいろな用途に応用できる。,We can apply the discovery to various uses.
9ebfa7ef3b,オーケストラ,オーケストラ,ookesutora,orchestra,N2,n,1031610,,指揮者はオーケストラの指揮をする。,A conductor directs an orchestra.
a1b5b4da89,おおざっぱ,おおざっぱ,oozappa,rough (not precise); broad; sketchy,N2,adj-na,1412950,大ざっぱ,あの人って大ざっぱな性格だからね。,He's the type who doesn't worry about details.
395598d52e,大通り,おおどおり,oodoori,main street,N2,n,1414570,,私は大通りをずっと一人で歩いた。,I walked along the main street.
ec98265fb1,オートメーション,オートメーション,ootomeeshon,automation,N2,n,1032180,,生産性はオートメーションの徹底によって向上する。,Production improves by becoming more automatic.
3675b2a9f8,オーバーコート,オーバーコート,oobaakooto,overcoat,N2,n,1032880,,とても寒かったのにもかかわらず、その子供はオーバーコートを身につけていなかった。,The child had no overcoat on although it was very cold.
1495560853,おおよそ,おおよそ,ooyoso,about; roughly; as a rule; approximately,N2,adv,1415050,大凡,彼女のおおよその年齢しか知らない。,We can only know her approximate age.
829f937932,お帰り,おかえり,okaeri,return; welcome,N2,n,1612780,,あなたのお帰りを一日千秋の思いでお待ちしています。,I can hardly wait till I see you.
24727f461e,おかけください,おかけください,okakekudasai,please sit down; please have a seat,N2,exp,2411600,,いいえ、はじめに９番におかけ下さい。,"No, please dial nine first."
a3e381631c,おかげさまで,おかげさまで,okagesamade,Thanks to god; thanks to you,N2,exp,1270220,お蔭様で,おかげさまで助かりました。,Thank you very much for your help.
286e536eba,おかず,おかず,okazu,side dish; accompaniment for rice dishes,N2,n,1588930,お菜,今晩のおかずはもう決めてあります。,I've decided what to cook for dinner.
0a5c26a710,拝む,おがむ,ogamu,to worship; to beg; to make a supplication,N2,v5m; vt,1472230,,その不届きな野郎の顔を、拝ませてもらうか。,Let's have a gander at this insolent man.
f8a8923c36,お代わり,おかわり,okawari,second helping; another cup,N2,n; vs; vt,1612800,,ライスとキャベツをお代わりお願いします。,Can I have seconds on rice and cabbage?
2fa74b3912,補う,おぎなう,oginau,to compensate for,N2,v5u; vt,1514460,,あなたの食事にはビタミンを補うほうがよい。,You had better supplement your diet with vitamins.
64ed42247a,おきのどくに,おきのどくに,okinodokuni,my sympathies; that's too bad; my condolences,N2,exp,2167510,,お姉さんのことはたいへんお気の毒に思います。,I feel very sorry for your sister.
df8ac0dd2f,屋外,おくがい,okugai,outdoors,N2,n; adj-no,1182680,,彼らは屋外スポーツに熱心である。,They are keen on outdoor sports.
328692d4b2,送り仮名,おくりがな,okurigana,part of word written in kana,N2,n,1402640,,この漢字、送り仮名が間違ってるよ。,The okurigana on this kanji is wrong.
91b50bd069,おげんきで,おげんきで,ogenkide,take care; stay well (said when parting),N2,,,,彼女が私に近づいてきて「おげんきですか」と言った。,"She came up to me and said ""How are you?"""
ca8c4f4dbf,怠る,おこたる,okotaru,to neglect; to be off guard; to be feeling better,N2,v5r; vt,1410710,,あなたは「ありがとう」と言うことを怠った。,"You neglected to say ""Thank you."""
adc42eab65,押える,おさえる,osaeru,to stop; to restrain; to seize; to repress; to suppress; to press down,N2,v1; vt,1589080,押さえる,警察はその強盗の首を押さえた。,The police seized the robber by the neck.
b1173f76cf,おさきに,おさきに,osakini,before; ahead; previously,N2,adv,1002280,お先に,どうぞ、お先に！,Go ahead!
758801b3ed,治める,おさめる,osameru,to govern; to manage; to subdue,N2,v1; vt,1316830,,王は自分の王国を公正に治めた。,The king ruled his kingdom justly.
1be15a39e4,納める,おさめる,osameru,to obtain; to reap; to pay; to supply; to accept,N2,v1; vt,1589090,,資産家は高額の所得税を納めなければならない。,A man of wealth has to pay a lot of income tax.
4a0fdf436f,惜しい,おしい,oshii,regrettable; disappointing; precious,N2,adj-i,1382280,,これはまだ捨てるには惜しい。,This is still too good to be thrown away.
c364c3f779,御辞儀,おじぎ,ojigi,bow,N2,n; vs; vi,1002030,,どの子も先生にお辞儀した。,Every child bowed to the teacher.
ea45ce4bc8,叔父さん,おじさん,ojisan,middle-aged gentleman; uncle,N2,n,2261490,,あなたの叔父さんと話し合いたい。,I want to talk with your uncle.
b6e9e55b54,小父さん,おじさん,ojisan,middle-aged gentleman; uncle,N2,n,2261490,,あなたの叔父さんと話し合いたい。,I want to talk with your uncle.
997f2be694,伯父さん,おじさん,ojisan,middle-aged gentleman; uncle,N2,n,2261490,,あなたの叔父さんと話し合いたい。,I want to talk with your uncle.
547660574d,おじゃまします,おじゃまします,ojamashimasu,Excuse me for disturbing you,N2,exp,1002050,お邪魔します,お邪魔します。,"Hello, sorry for any trouble."
2b78635457,おしゃれ,おしゃれ,oshare,smartly dressed; someone smartly dressed; fashion-conscious,N2,adj-na,1002770,お洒落,彼女はオシャレだ。,She's fashionable.
acbef70f9e,教わる,おそわる,osowaru,to be taught,N2,v5r; vt,1236940,,あなたが教わった事は間違っている。,What you were taught is wrong.
37a019cc4b,おだいじに,おだいじに,odaijini,Take care of yourself,N2,exp,1002390,お大事に,くれぐれもお体をお大事に。,Please take good care of yourself.
6985ce368b,落着く,おちつく,ochitsuku,to calm down; to settle down,N2,v5k; vi,1589220,,彼は当惑して落ち着きませんでした。,He felt lost and uncomfortable.
07926933b7,お出掛け,おでかけ,odekake,about to start out; just about to leave or go out,N2,n,1338475,,いつお出かけになりますか。,When will you go out?
2797d01152,お手伝いさん,おてつだいさん,otetsudaisan,maid,N2,n,1002110,,お手伝いさんたちは主人の命令を実行しようと努めた。,The servants tried to carry out their master's order.
3744253331,おどかす,おどかす,odokasu,to threaten; to coerce,N2,v5s; vt,1578070,脅かす,彼女は猫を脅かして追い払った。,She scared the cat away.
449d9624b4,落し物,おとしもの,otoshimono,lost property,N2,n,1589250,,落とし物カウンターはどこですか？,Where is the lost and found?
69338b8c5a,おとなしい,おとなしい,otonashii,obedient; docile; quiet,N2,adj-i,1414190,大人しい,牛は大きくて、おとなしく見えました。,The cows looked big and docile.
2f1d00b80b,驚かす,おどろかす,odorokasu,to surprise; to frighten; to create a stir,N2,v5s; vt,1238650,,その靴の値段の高さには驚かされた。,I was surprised at how expensive the shoes were.
121e30ca31,各々,おのおの,onoono,each; every; either; respectively; severally,N2,n; adv,2826190,各,各々の乗客には荷物二つの制限がある。,There is a limit of two pieces of luggage for each passenger.
ab742a2e6a,叔母さん,おばさん,obasan,aunt; middle-aged lady,N2,n,2261500,,叔母さんを訪ねた時はすごいごちそうだったね。,What a feast we had when we visited my aunt!
078ffcd02a,お参り,おまいり,omairi,worship; shrine visit,N2,n; vs; vi,1001950,,元旦には近所の神社にお参りする人が多い。,"On New Year's Day, many people visit neighborhood shrines."
89488763f0,おまたせしました,おまたせしました,omataseshimashita,Sorry to have kept you waiting,N2,exp,2149640,,長いことお待たせしましたか。,Have I kept you waiting long?
321ba5716a,おまちください,おまちください,omachikudasai,Please wait a moment,N2,,,,少々おまちください。,"Hold on a minute, please."
e236e8a099,おまちどおさま,おまちどおさま,omachidoosama,Sorry to have kept you waiting,N2,exp,1002360,,お待ちどおさま,I'm sorry to have kept you waiting.
616698b578,おめでたい,おめでたい,omedetai,happy event; matter for congratulation; auspicious event; pregnancy,N2,adj-i,1647360,,あいつは本当におめでたい人間だ。,He is really a perfect idiot.
8fda5b92a3,思いがけない,おもいがけない,omoigakenai,unexpected; casual,N2,adj-i,1610630,思い掛けない,彼は全く思いがけなく着いた。,He arrived quite out of the blue.
23a5f2fc3e,思い込む,おもいこむ,omoikomu,to be under impression that; to be convinced that,N2,v5m; vi,1309230,,彼が僕にそう思い込ませたのです。,He put the idea into my head.
4799821899,思いっきり,おもいっきり,omoikkiri,to one's heart's content; as much as one wants; as hard as one can; with all one's strength,N2,adv,1309310,思いっ切り,早く外に出て思いっきり遊びたい。,"I want to hurry and go out, so I can let loose and have fun."
2febf6c23b,思い付く,おもいつく,omoitsuku,to think of; to hit upon,N2,v5k; vt; vi,1589330,,いい考えを思いついた。,A good idea came into my mind.
30b0419cee,重たい,おもたい,omotai,heavy; massive; serious,N2,adj-i,1335780,,その箱は重たくて運べません。,The box is too heavy to carry.
4e92bfed96,おやすみ,おやすみ,oyasumi,holiday; absence; rest; Good night,N2,n,1612680,お休み,お休み、いい夢たくさん見てね。,Good night and sweet dreams.
bf64a8fbb8,おやつ,おやつ,oyatsu,between meal snack; afternoon refreshment,N2,n,1589430,,おやつにプリンを食べた。,I had some custard pudding for an afternoon snack.
fa78df043e,親指,おやゆび,oyayubi,thumb,N2,n,1365190,,その手袋は親指に穴があいている。,The glove has a hole in the thumb.
1e77167484,オルガン,オルガン,orugan,organ,N2,n,1035780,,教会には普通オルガンがあります。,There is usually an organ in a church.
bc22fda1e4,卸す,おろす,orosu,to sell wholesale; grated (vegetables),N2,v5s; vt,1183050,,そうは問屋がおろさないぞ。,You won't get it so easily.
c1c984fbb4,恩恵,おんけい,onkei,grace; favor; blessing; benefit,N2,n,1183140,,熱帯雨林は地球に多くの恩恵を与える。,Rainforests provide the earth with many benefits.
cbf87a9c47,温室,おんしつ,onshitsu,greenhouse,N2,n,1183390,,私は温室でランを栽培している。,I grow orchids in my greenhouse.
6457f2eab8,温泉,おんせん,onsen,spa; hot spring; onsen,N2,n,1183450,,温泉はあなたに効くでしょう。,The hot spring will do you good.
df1a94a798,温帯,おんたい,ontai,temperate zone,N2,n,1183470,,我々のところの気候は温帯性です。,Our country's climate is temperate.
5510e3f22f,御中,おんちゅう,onchuu,and Company; Messrs.,N2,n-suf,1270530,,,
834b59c61e,女の人,おんなのひと,onnanohito,woman,N2,exp; n,1344980,,今、女の人が１人入っていきましたよ。,A woman is going into it now.
b5cc2a03d3,蚊,か,ka,mosquito,N2,n,1196540,,蚊にたくさん刺されました。,I got a lot of mosquito bites.
c73ccb263c,カーブ,カーブ,kaabu,curve; curve ball (baseball),N2,n; vs; vi,1036560,,,
623af5309f,貝,かい,kai,shell; shellfish,N2,n,1203100,,私が手にしてるのは貝の化石です。,What I have in my hand is a fossil seashell.
ea6553448c,開会,かいかい,kaikai,opening of a meeting,N2,n; vs; vt; vi,1202560,,国会は午後二時に開会されました。,The Diet session convened at 2pm.
22bdd6c98d,会館,かいかん,kaikan,meeting hall; assembly hall,N2,n,1589660,,その日に限って子供たちは会館に入ることを許される。,The hall allows children in only on that day.
b9a3df8259,改札,かいさつ,kaisatsu,examination of tickets,N2,n; vs; vi,1200840,,最近駅の改札あたりで、平気でイチャイチャしてる若い奴等多くなったよなあ。,Lately you see more young couples making out at the train station ticket gates acting as though nobody in the world existed.
0e03441ea9,解散,かいさん,kaisan,breakup; dissolution,N2,n; vs; vt; vi,1199000,,首相は国会を解散した。,The prime minister dissolved the Diet.
aacfb8a265,海水浴,かいすいよく,kaisuiyoku,sea bathing; seawater bath,N2,n,1201520,,ハワイでは１年中海水浴が楽しめる。,"In Hawaii, we can enjoy swimming in the ocean all year round."
2e4e587537,回数,かいすう,kaisuu,number of times; frequency,N2,n,1199510,,いつもより尿の回数が多いです。,I urinate more often than usual.
c7d511e624,回数券,かいすうけん,kaisuuken,book of tickets,N2,n,1199520,,回数券を下さい。,May I have coupon tickets?
bf9ca7e7bf,快晴,かいせい,kaisei,good weather,N2,n; adj-no,1200060,,今日は快晴だ。これで一日中仕事が出来る。,"It's fair today, so we can work all day."
e8edb84ce0,改正,かいせい,kaisei,revision; amendment; alteration,N2,n; vs; vt; adj-no,1200930,,時刻表が改正された。,The timetable has been revised.
5b8c65c480,解説,かいせつ,kaisetsu,explanation; commentary,N2,n; vs; vt,1199080,,彼の解説がわかった人はほとんどいなかった。,Few people understood his comment.
aca1f9b63b,改造,かいぞう,kaizou,remodeling; modding (comp),N2,n; vs; vt,1201000,,地下室を仕事場に改造した。,The basement has been made over into a workshop.
c85140bde0,開通,かいつう,kaitsuu,opening; open,N2,n; vs; vi,1202850,,橋は開通している。,The bridge is open to traffic.
b47b70d3a8,回転,かいてん,kaiten,rotation; revolution; turning,N2,n; vs; vi,1199640,,こまはぐるぐる回転した。,The top went around and around.
6db2edc7e2,解答,かいとう,kaitou,answer; solution,N2,n; vs; vi,1199160,,あなたの解答には私たちとしてはまったく不満だ。,Your answer is anything but satisfactory to us.
a2d437e191,回答,かいとう,kaitou,reply; answer,N2,n; vs; vt; vi,1199680,,金曜日までに回答が必要です。,I need to know your answer by Friday.
706b032557,外部,がいぶ,gaibu,the outside; external,N2,n; adj-no,1204070,,外部からの助言が必要かもしれません。,Outside advice may be necessary.
6f40ea68f4,解放,かいほう,kaihou,release; liberation; emancipation,N2,n; vs; vt,1199250,,人質は解放されるだろう。,The hostages will be released.
f764b1251d,開放,かいほう,kaihou,open; throw open; liberalization,N2,n; vs; vt,1202950,,この庭園は一般に開放されています。,This garden is open to the public.
49cdd6ad6a,海洋,かいよう,kaiyou,ocean,N2,n,1201790,,ロブスターは海洋動物の一種に属します。,Lobsters belong to a class of marine animals.
9d3f3397da,概論,がいろん,gairon,intro; outline; general remarks,N2,n; vs; vt,1204520,,,
06d008d266,帰す,かえす,kaesu,to send back,N2,v5s; vt,1221240,,けがを治療してもらったトラは、村人たちの手で無事、保護区に帰された。,"The tiger, having had its wounds treated, was returned by the villagers to the animal sanctuary without incident."
8d3e656e69,却って,かえって,kaette,on the contrary; rather; all the more; instead,N2,adv,1226610,,高望みをするとかえって損をする。,You may go farther and fare worse.
8355396ec5,代える,かえる,kaeru,to exchange; to interchange; to substitute; to replace,N2,v1; vt,1589780,,お花の水を替えましょう。,Shall I change the water for the flowers?
091ea3ec5a,家屋,かおく,kaoku,house; building,N2,n,1191780,,この前の嵐で数軒の家屋が被害を受けた。,Several houses were damaged in the last storm.
72d8fe6720,係わる,かかわる,kakawaru,to concern oneself in; to have to do with; to affect; to influence; to stick to (opinions),N2,v5r; vi,1589880,,これは我が校の名誉にかかわる問題だ。,The problem affects the prestige of our school.
b662f10494,書留,かきとめ,kakitome,writing down; putting on record; recording; making a note of; registration (of mail),N2,n,1589960,,この小包を書留にしたいのですが。,I'd like to have this parcel registered.
1b81bc4fc4,書取,かきとり,kakitori,dictation,N2,n,1589970,書き取り,今日は漢字の書き取りがある。,We have a kanji dictation test today.
66c46c763c,垣根,かきね,kakine,hedge,N2,n,1204800,,よい垣根はよい隣人をつくる。,Good fences make good neighbors.
38ac1ca047,掻く,かく,kaku,to scratch; to perspire,N2,v5k; vt,1399970,,先生の言葉でメアリーは冷や汗をかいた。,The teacher's words put Mary in a cold sweat.
76bbbdeee5,嗅ぐ,かぐ,kagu,to sniff; to smell,N2,v5g; vt,1565480,,その犬は地面をくんくん嗅いだ。,The dog sniffed the ground.
a68be1b427,架空,かくう,kakuu,aerial; overhead; fiction; fanciful,N2,adj-f,1193130,,このドラマの登場人物はすべて架空のものです。,All the characters in this drama are fictitious.
9e70421c16,各自,かくじ,kakuji,individual; each,N2,n; adv,1205010,,そのチームの選手は各自めいめいのバットを持っている。,Each player on the team has his own bat.
3d9d16c9d1,拡充,かくじゅう,kakujuu,expansion,N2,n; vs; vt,1205190,,教育施設を拡充する金をもっと多くと望んでいる。,People want more money to expand educational institutions.
2a0baeba5b,学術,がくじゅつ,gakujutsu,science; learning; scholarship,N2,n,1206870,,彼は学術会議に出席した。,He attended the scientific conference.
bd0bdea18d,各地,かくち,kakuchi,every place; various places,N2,n,1205100,,私はイギリス各地を見物した。,I visited many parts of England.
7f59e7581c,拡張,かくちょう,kakuchou,expansion; extension; enlargement; escape (ESC),N2,n; vs; vt,1205220,,学校の体育館が拡張された。,The school gymnasium was enlarged.
6ee36ace0e,角度,かくど,kakudo,angle,N2,n; adj-no,1206190,,それでは角度が小さすぎよう。,The angle would be too narrow.
d02bfaeccf,学年,がくねん,gakunen,year in school; grade in school,N2,n,1207030,,第１学年には５つクラスがあった。,There were five classes in the first year.
833372d072,学部,がくぶ,gakubu,department of a university; undergraduate,N2,n,1207080,,学部の選択で迷った。,He was at a loss as to which faculty to choose.
d2028709e8,格別,かくべつ,kakubetsu,exceptional,N2,adj-no; adj-na; n,1205490,,暑い日の生ビールの味はまた格別だ。,Draft beer tastes especially good on a hot day.
1558d7ee11,確率,かくりつ,kakuritsu,probability,N2,n,1205950,,キャンセル待ちで乗れる確率はどれくらいですか。,"If I wait, what's the possibility I can get a seat?"
abd96c78e2,学力,がくりょく,gakuryoku,scholarship; knowledge; literary ability,N2,n,1207180,,,
e3cd081438,掛け算,かけざん,kakezan,multiplication,N2,n,1590080,,子供たちは掛け算を暗記している。,The children are learning the multiplication tables by heart.
f9af9e0e0e,可決,かけつ,kaketsu,"approval; adoption (e.g. motion, bill); passage",N2,n; vs; vt,1190810,,委員会はその議案を可決した。,The committee passed the bill.
5dd6fbaf4b,下降,かこう,kakou,downward; descent; fall; drop; subsidence,N2,n; vs; vi,1184940,,,
a2e9a76dd2,火口,かこう,kakou,a burner; origin of a fire,N2,n,1193860,,,
648920b60e,重なる,かさなる,kasanaru,to be piled up; lie on top of one another; overlap each other,N2,v5r; vi,1335800,,彼女は昨年不幸なことが重なった。,She had one misfortune after another last year.
be3e06199c,重ねる,かさねる,kasaneru,to pile up; to put something on another; to heap up; to add; to repeat,N2,v1; vt,1335830,,机の上には漫画本が重ねてあった。,The comic books were piled on the desk.
d88434279f,飾り,かざり,kazari,decoration,N2,n; n-suf,1357160,,その箱に飾りのテープをかけてください。,Do up the box with decorative tape.
5e7c577260,火山,かざん,kazan,volcano,N2,n; adj-no,1193910,,その火山は溶岩を流し出した。,The volcano poured molten rock.
daad7873f5,かしこまりました,かしこまりました,kashikomarimashita,certainly!,N2,exp,1002790,畏まりました,かしこまりました。サラダバーはあちらです。,"All right, sir. The salad bar is over there."
fa1d819e71,貸し出し,かしだし,kashidashi,lending; loaning,N2,n; vs,1590240,,銀行は産業向け貸出を減らしている。,Banks are cutting lending to industrial borrowers.
cf1e430209,過失,かしつ,kashitsu,error; blunder; accident,N2,n,1196120,,私は彼の過失を指摘している。,I'm pointing a finger at his mistake.
2f1a0ed14d,果実,かじつ,kajitsu,fruit; nut; berry.,N2,n,1192940,,果実になる花は少ない。,Few flowers develop into fruit.
8e331d7b4e,貸間,かしま,kashima,room to let,N2,n,1609530,,私は貸間を探しているところです。,I'm looking for a room for rent.
55c6718fd1,貸家,かしや,kashiya,house for rent,N2,n,1411170,,これは貸家だ、売家ではない。,"This is a house to let, not to be sold."
79fcbe33ae,個所,かしょ,kasho,passage; place; point; part,N2,n,1590250,,私はスキー中に２箇所も骨折した。,I broke my leg in two places during a skiing mishap.
dcce6e2666,過剰,かじょう,kajou,excess; over-,N2,n; adj-na,1196170,,安い輸入品で市場が供給過剰になるだろう。,Cheap imports will glut the market.
0980694b56,かじる,かじる,kajiru,to chew; to bite (at); to gnaw; to nibble,N2,v5r; vt,1610640,噛る,犬は肉を骨からかじりとった。,The dog bit meat off the bone.
621870e04f,課税,かぜい,kazei,taxation,N2,n; vs; vi,1195790,,課税品をお持ちですか。,Do you have anything to declare?
5dbdfa6e94,カセット,カセット,kasetto,cassette (tape),N2,n,1037400,,私は財布をなくしてしまっていた、それでそのカセットが買えなかった。,"I had lost my purse, so I couldn't buy the cassette."
3786c907e1,下線,かせん,kasen,underline; underscore,N2,n,1185640,,下線のある文を訳しなさい。,Translate the underlined sentences.
64bfcad88e,加速,かそく,kasoku,acceleration,N2,n; vs; vt; vi,1190370,,その政策は、インフレを加速させるだけだ。,The policy will only accelerate inflation.
2367d9c063,加速度,かそくど,kasokudo,acceleration,N2,n,1190390,,,
8fbe6ab329,固い,かたい,katai,stubborn; firm (not viscous or easily moved),N2,adj-i,1257110,,このふたは固くて取れないよ。,This lid is too tight for me to open.
828b802390,片仮名,かたかな,katakana,katakana,N2,n,1511600,,平仮名は書けるんだけど、片仮名はまだ書けないんだ。,"I can write hiragana, but I can't yet write katakana."
0fed46ef78,片付く,かたづく,katazuku,to put in order; to dispose of; to solve,N2,v5k; vi,1511770,,ごたごたが片付いてさばさばした。,I felt relieved when all the troubles were taken care of.
e56d2cca3c,塊,かたまり,katamari,lump; mass; clod; cluster,N2,n,1590410,,巨大な肉の塊が当たった。,I was hit by a huge chunk of meat.
199861a72f,固まる,かたまる,katamaru,to harden; to solidify; to become firm; to become certain,N2,v5r; vi,1266550,,セメントは２、３時間で固まる。,The cement will set in a couple of hours.
c4f488a907,片道,かたみち,katamichi,one-way (trip),N2,n; adj-no,1511760,,運賃は片道1ドルです。,The fare is one dollar each way.
e085d2162c,傾く,かたむく,katamuku,to incline toward; to slant; to lurch,N2,v5k; vi,1578210,,そのポールは左に傾いた。,The pole inclined to the left.
68470c06d5,片寄る,かたよる,katayoru,to be one-sided; to incline; to be partial,N2,v5r; vi,1590420,,ハンバーガーばかり食べていると、栄養が偏るよ。,Your diet is going to be really unbalanced if all you eat is hamburgers.
a4ca61ed13,学科,がっか,gakka,study subject; course of study,N2,n,1206590,,数学は私の好きな学科です。,Mathematics is my favorite subject.
b127fdbd06,学会,がっかい,gakkai,scientific society; academic meeting,N2,n,1206610,,盛田教授は化学学会で司会を務めた。,Professor Morita presided at a meeting of the Chemical Society.
05e77cc928,楽器,がっき,gakki,musical instrument,N2,n; adj-no,1207340,,楽器をなにか演奏しますか。,Do you play a musical instrument?
9ceaaec557,学級,がっきゅう,gakkyuu,grade in school,N2,n; adj-no,1206680,,私たちは同じ学級で英語を勉強します。,We study English in the same class.
b593c66c90,担ぐ,かつぐ,katsugu,to shoulder; to carry on shoulder,N2,v5g; vt,1418140,,男は袋を肩に担いだ。,The man threw a bag across his shoulder.
1f6c86ec06,括弧,かっこ,kakko,parenthesis; brackets,N2,n; vs; vt,1208240,,カッコ内の言葉を短縮形にしなさい。,Put the words in parentheses into abbreviated form.
bc5751f35d,活字,かつじ,katsuji,printing type,N2,n,1208300,,彼は新聞の小さな活字をじっとみた。,He peered at the small print in a newspaper.
2397f62252,活躍,かつやく,katsuyaku,activity,N2,n; vs; vi,1208450,,元気で活躍していることと思います。,I hope things have been going well for you.
6a5672e8e2,活力,かつりょく,katsuryoku,vitality; energy,N2,n,1208480,,この薬は活力を補給してくれます。,This medicine renews your strength.
22e1dcbc77,仮定,かてい,katei,assumption; supposition; hypothesis,N2,n; vs; vt,1187870,,彼女がここにいると仮定してみよう。,Let's suppose that she is here.
f865797384,課程,かてい,katei,course; curriculum,N2,n,1195850,,その大学の課程は自然科学と社会科学から成り立っている。,That university's curriculum covers natural science and social science.
4e4af58c4d,過程,かてい,katei,process,N2,n,1196270,,その過程を彼に説明した。,I explained the process to him.
5a7dba68c7,仮名,かな,kana,kana; Japanese syllabaries (i.e. hiragana and katakana),N2,n,1590540,,この漢字、送り仮名が間違ってるよ。,The okurigana on this kanji is wrong.
e1483430fd,仮名遣い,かなづかい,kanazukai,kana orthography; syllabary spelling,N2,n,1188100,,祖父は古い仮名遣いで書くことがあるの。,My grandfather sometimes writes in the old kana orthography.
b7fdaa59f1,鐘,かね,kane,bell; chime,N2,n,1352030,,鐘の合図で彼らは食事をした。,The bell chimed them to meals.
65bbe081e9,加熱,かねつ,kanetsu,heating,N2,n; vs; vt,1190470,,水は充分に加熱すると沸騰する。,Water will boil if heated enough.
a159655db4,兼ねる,かねる,kaneru,to hold (position); to serve; to be unable,N2,suf; v1,1256520,,私は勉強と遊びを兼ねている仕事につきたい。,I want to get a job that mixes work and play.
69a5c305cb,カバー,カバー,kabaa,cover (ex. book),N2,n,1037960,,その本のカバーにはインクのしみがいくつかあった。,There were some ink spots on the book jacket.
a5b0e18f8b,過半数,かはんすう,kahansuu,majority,N2,n,1196380,,合格者の過半数は大学出身者であった。,The majority of the successful candidates were university graduates.
021b9026a5,被せる,かぶせる,kabuseru,to cover (with something),N2,v1; vt,1484320,,彼は車にカバーを被せた。,He put a cover over his car.
1b80545d83,釜,かま,kama,iron pot; kettle,N2,n,1209080,,きのう交差点でお釜を掘られちゃったよ。,Someone ploughed into me from behind at an intersection yesterday.
4e0ee519ff,紙屑,かみくず,kamikuzu,wastepaper,N2,n,1609610,,その部屋は紙くずだらけだった。,The room was littered with scraps of paper.
272904801e,神様,かみさま,kamisama,god,N2,n,1364920,,危険が過ぎると神様は忘れられる。,The danger past and God forgotten.
b21d464467,剃刀,かみそり,kamisori,razor,N2,n,1435180,,かみそりの刃で指を切りました。,I cut my finger with a razor blade.
31c272208c,ガム,ガム,gamu,chewing gum,N2,n,1040350,,ガムが靴底にくっついた。,The gum adhered to the sole of the shoe.
9cb6ca65c9,貨物,かもつ,kamotsu,cargo; freight,N2,n,1195890,,その航空会社は貨物のみを扱っている。,That aircraft company deals in freight only.
bbd1639a14,かゆい,かゆい,kayui,itchy; itching,N2,adj-i,1569570,痒い,頭皮がかゆいのです。,My scalp is very itchy.
a6be7f8124,歌謡,かよう,kayou,song; ballad,N2,n,1193450,,,
1d5c12f6ef,殻,から,kara,shell; husk; hull; chaff,N2,n,1205740,,飲み物はヤシの実の殻に入れてあった。,The drinks were served in coconut shells.
5f2087a06a,カラー,カラー,karaa,collar; color; colour,N2,n,1038500,,,
8a365cb6af,からかう,からかう,karakau,to ridicule; to tease; to banter with; to make fun of,N2,v5u; vt,1567650,揶揄う,新入生をからかってはいけません。,Don't make fun of the new student!
b49d7bfd2b,空っぽ,からっぽ,karappo,empty; vacant; hollow,N2,adj-no; adj-na; n,1245380,,町のどの家も空っぽだった。,All the houses in town were empty.
8fb8a5e5bd,かるた,かるた,karuta,playing cards (pt: carta),N2,n,1590710,歌留多; 加留多,カルタを配ってください。,Please deal the cards.
1220fb871d,枯れる,かれる,kareru,to wither; to die (plant); to be blasted (plant),N2,v1; vi,1267220,,その花は水がないために枯れた。,The flower died for lack of water.
80c3be3aaf,カロリー,カロリー,karorii,calorie,N2,n,1039300,,カロリーの高い食物は私の健康にはよくない。,Rich foods don't agree with my health.
53ec040c72,かわいがる,かわいがる,kawaigaru,to love; to be affectionate,N2,v5r; vt,1190730,可愛がる,彼女はその人形を実の妹のようにかわいがる。,She loves the doll like her own sister.
496afac866,乾かす,かわかす,kawakasu,"to dry (clothes, etc.); to desiccate",N2,v5s; vt,1209630,,彼女は皿を洗い、それから乾かした。,She washed the dishes and she dried them.
0f1848395f,渇く,かわく,kawaku,to be thirsty,N2,v5k; vi,1208520,,お腹が空いたし、のども渇いた。,I'm hungry and thirsty.
4dc356b41b,為替,かわせ,kawase,money order; exchange,N2,n,1157330,,この為替を作るのに銀行の手数料が５０ドルかかった。,Arranging this money order cost $50 in bank fees and commissions.
ff8407332d,瓦,かわら,kawara,roof tile,N2,n,1209580,,,
6efc625581,代る,かわる,kawaru,to take the place of; to relieve; to be substituted for,N2,v5r; vi,1590820,代わる,ビルが数軒の家に代わってできた。,The building replaced several houses.
1974a3d703,間隔,かんかく,kankaku,space; interval; SPC,N2,n,1215380,,彼が答える前に長い時間の間隔があった。,There was a long interval before he replied.
907c41fbcf,換気,かんき,kanki,ventilation,N2,n; vs; vi,1212780,,窓を開けて換気をしましょう。,Let's open a window to get some fresh air.
3eceb34971,感激,かんげき,kangeki,deep emotion; impression; inspiration,N2,n; vs; vi,1212360,,彼の言葉で彼女は感激のあまり涙ぐんだ。,His words moved her to tears.
7341f5936d,関西,かんさい,kansai,"Kansai (region comprising Kyoto, Osaka, Kobe and surrounding prefectures)",N2,n,1215910,,その飛行機は今ごろは関西空港に当然着いているはずだ。,The plane should have arrived at Kansai Airport by now.
5958453e63,鑑賞,かんしょう,kanshou,appreciation,N2,n; vs; vt,1215200,,よい音楽を鑑賞することはそれほど難しいことではない。,It is not so difficult to appreciate good music.
391e4f541a,感ずる,かんずる,kanzuru,to feel; to sense,N2,vz; vt; vi,1609650,,人生から非常な喜びを感ずる。,I get a kick out of life.
8dc2573306,間接,かんせつ,kansetsu,indirection; indirectness,N2,n; adj-no,1215520,,,
ad1e1c4b93,乾燥,かんそう,kansou,dry; arid; insipid; dehydrated,N2,n; vs; vt; vi,1209920,,果実は天日で乾燥させます。,The fruits are dried in the sun.
51d4f339b1,感想,かんそう,kansou,impressions; thoughts,N2,n,1212480,,ゲームについてのご感想は？,How did you feel about the game?
8c683a54cf,観測,かんそく,kansoku,observation,N2,n; vs; vt,1214980,,来年６月２２日に観測される皆既日食。,The total solar eclipse can be observed next year on June 22nd.
44fc3e10df,寒帯,かんたい,kantai,frigid zone,N2,n,1210460,,,
bb3f226564,勘違い,かんちがい,kanchigai,misunderstanding; wrong guess,N2,n; vs; vi,1210620,,彼はクラスで一番頭がいいと勘違いしている。,He has the illusion that he is the smartest in his class.
d3003d9bb0,官庁,かんちょう,kanchou,government office; authorities,N2,n,1211730,,彼は官庁で相当な職についている。,He has a good position in a government office.
3b28088dad,缶詰,かんづめ,kanzume,packing (in cans); canning; canned goods; tin can,N2,n; adj-no,1214560,,なしはこの工場で缶詰にされます。,Nashi are tinned in this factory.
20b4a043ec,乾電池,かんでんち,kandenchi,dry cell; battery,N2,n,1210100,,1.5V乾電池を直接触っただけでは感電死することはないでしょう。,You're not going to get electrocuted just by directly touching a 1.5V battery.
61e0e71518,関東,かんとう,kantou,eastern half of Japan; including Tokyo,N2,n,1216010,,台風が関東地方に上陸した。,The typhoon struck the Kanto district.
a7ccd8db86,観念,かんねん,kannen,idea; notion; conception; sense (e.g. of duty),N2,n,1215010,,もう助からないものと観念した。,I gave up all hope of survival.
5d643a1ea8,乾杯,かんぱい,kanpai,toast (drink),N2,n; vs; vi,1590950,,今夜の主賓に乾杯しよう。,Let's toast the guest of honor!
8af1f36bd4,看板,かんばん,kanban,sign; signboard; doorplate; poster,N2,n,1213990,,日光で看板の文字があせた。,The sun had faded the lettering on the sign.
770fa07e45,看病,かんびょう,kanbyou,nursing (a patient),N2,n; vs; vt,1214030,,医者は病気の老人を看病して夜を明かした。,The doctor sat up all night with the sick old man.
0221781ce9,冠,かんむり,kanmuri,crown; diadem; first; best,N2,n,1577620,,先生は生徒の作った花の冠をかぶった。,The teacher put on a crown of flowers made by her pupils.
ef3eb33c32,漢和,かんわ,kanwa,Chinese Character-Japanese (e.g. dictionary),N2,n,1213260,,,
af5bfb11d1,気圧,きあつ,kiatsu,atmospheric pressure,N2,n,1221880,,飛行機でお酒飲むと、気圧のせいか酔いやすい。,Maybe it's the low air pressure that means you get drunk more easily on planes.
e0f08f770f,器械,きかい,kikai,instrument,N2,n,1220810,,彼はその新しい機械を試してみた。,He tried out that new machine.
9597fdd403,着替え,きがえ,kigae,changing clothes; change of clothes,N2,n; vs; vi,1423160,,着替えをするために家に帰った。,I went home to change my clothes.
ac216831fa,機関車,きかんしゃ,kikansha,locomotive; engine,N2,n,1220880,,機関車は長い貨物車の列を引っ張って走っていた。,The locomotive was pulling a long line of freight cars.
57726876db,飢饉,ききん,kikin,famine,N2,n,1591080,,これらの国はしばしば飢饉に襲われた。,These countries were often visited with famine.
1c91d6bc15,器具,きぐ,kigu,utensil,N2,n,1218920,,これは主婦の手間を省く便利な器具です。,This is a great time-saving gadget for the housewife.
eea1f873b2,期限,きげん,kigen,term; period,N2,n,1220560,,期限前にこの仕事を仕上げなさい。,You must get the job done before the deadline.
88cf21661c,記号,きごう,kigou,symbol; code,N2,n,1223210,,＆という記号は、ａｎｄを指す。,The sign '&' stands for 'and'.
9cfafbb8c6,刻む,きざむ,kizamu,to mince; to carve; to engrave,N2,v5m; vt,1285890,,彼は大理石を刻んで像を作った。,He carved marble into a statue.
a58604399c,儀式,ぎしき,gishiki,ceremony; rite; ritual; service,N2,n,1224700,,この儀式は幾世代にもわたって伝わってきた。,This ceremony has been handed down from generation to generation.
ad05abb348,基準,きじゅん,kijun,standard; basis; criteria; norm,N2,n,1591210,,これは彼らの仕事の基準となろう。,This will serve as a check on their work.
47b2831015,規準,きじゅん,kijun,standard; basis; criteria; norm,N2,n,1591210,,これは彼らの仕事の基準となろう。,This will serve as a check on their work.
1c1c3008a4,起床,きしょう,kishou,rising; getting out of bed,N2,n; vs; vi,1223820,,６時起床、７時家を出る。,"Got up at six, and left home at seven."
bec933e924,着せる,きせる,kiseru,to put on clothes,N2,v1; vt,1422990,,ケイトは人形に服を着せている。,Kate is dressing her doll.
cf3f89597d,基礎,きそ,kiso,foundation; basis,N2,n; adj-no,1219060,,その考えが彼の理論の基礎となっている。,The idea underlies his theory.
7cf7579e19,気体,きたい,kitai,vapour; gas,N2,n,1222460,,その気体は悪臭を放つ。,This gas gives off a bad smell.
c2522be364,基地,きち,kichi,base,N2,n,1219110,,この近くに軍の基地がある。,There is a military base near here.
5f1b31cdeb,きっかけ,きっかけ,kikkake,chance; start; cue; excuse,N2,n,1591290,切っ掛け,彼等は彼に逃げるきっかけを与えた。,They gave him a chance to escape.
d84448f0f9,ぎっしり,ぎっしり,gisshiri,tightly; fully,N2,adv; adv-to,1003590,,エレベーターにぎっしりいっぱいに乗った。,We jammed into the elevator.
629536cb8c,基盤,きばん,kiban,foundation; basis,N2,n,1219170,,日記が彼女が後に書いた本の基盤となった。,Her diaries formed the basis of the book she later wrote.
0f621ef0a0,客席,きゃくせき,kyakuseki,guest seating,N2,n,1226760,,このお庭の方にね。縁台を出して客席を増やしたいんです。こんな感じに。,"In the garden, you know. I'd like to put out benches and increase the customer seating. Like this ..."
b2616e89d2,客間,きゃくま,kyakuma,parlor; guest room,N2,n,1226710,,この書斎は客間兼用だ。,I also use this study for receiving guests.
0ac7cfded0,ギャング,ギャング,gyangu,gang,N2,n,1043150,,ギャングの一団が金を盗んだ。,A group of gangsters stole the money.
d875131b8a,キャンパス,キャンパス,kyanpasu,campus,N2,n,1042150,,彼女は私を連れてキャンパスを案内してくれた。,She showed me around the campus.
95304f709a,休業,きゅうぎょう,kyuugyou,closed (e.g. store); business suspended; shutdown; holiday,N2,n; vs; vi,1227700,,移転にともない５月３０日、３１日は休業いたします。,"Due to our office moving, we will be closed from May 30 to 31."
c306cf0616,休講,きゅうこう,kyuukou,lecture cancelled,N2,n; vs; vi,1227780,,この授業は明日休講です。,This lesson is cancelled tomorrow.
60e1577261,休息,きゅうそく,kyuusoku,rest; relief; relaxation,N2,n; vs; vi; adj-no,1227940,,私たちは昼は働き、夜は休息する。,We work by day and rest by night.
d4388b09f6,給与,きゅうよ,kyuuyo,allowance; grant; supply,N2,n; vs; vt,1230350,,私は給与の５分の１を税金で取られてしまう。,One-fifth of my wages go to taxes.
5ea19069bc,休養,きゅうよう,kyuuyou,rest; break; recreation,N2,n; vs; vi,1228100,,医者は彼に休養するように命令した。,His doctor ordered him to rest.
4ece866c62,清い,きよい,kiyoi,clear; pure; noble,N2,adj-i,1378140,,水清ければ魚住まず。,Clear water breeds no fish.
8c84e62b9c,強化,きょうか,kyouka,strengthen; intensify; reinforce; solidify,N2,n; vs; vt,1236200,,爆破予告以来、空港の警備体制は強化された。,Security at the airport has been stepped up since the bomb scare.
a34e91aa05,境界,きょうかい,kyoukai,boundary,N2,n,1235960,,彼らは境界を越えてスペインに入った。,They crossed the border into Spain.
c0959c1346,行事,ぎょうじ,gyouji,event; function,N2,n,1281930,,メグは学校のいろいろな行事に参加する。,Meg attends many school affairs.
e1a415a754,恐縮,きょうしゅく,kyoushuku,shame; very kind of you; sorry to trouble,N2,n; vs; vi,1236740,,恐縮ですがお手伝い願えませんか。,May I make so bold as to request your assistance?
cbc70409ad,教養,きょうよう,kyouyou,culture; education; refinement; cultivation,N2,n,1237370,,その医者は教養のある人だ。,The doctor is a man of culture.
af99de8ced,行列,ぎょうれつ,gyouretsu,line; procession; matrix (math),N2,n; vs,1282220,,子どもたちがサーカスの行列を追いかけた。,The children chased after the circus parade.
adc5e4cf48,漁業,ぎょぎょう,gyogyou,fishing (industry),N2,n,1232990,,その島には漁業を営む人たちが住んでいた。,The island was inhabited by a fishing people.
ae53d68d3c,曲線,きょくせん,kyokusen,curve,N2,n,1239970,,本当の女性には曲線がある。,Real women have curves.
ecfba97554,規律,きりつ,kiritsu,order; rules; law,N2,n,1223120,,生徒の中には規律を守るのが大変なものもいる。,Some pupils find it difficult to follow the rules.
ffd3c9c0d7,斬る,きる,kiru,to behead; to murder,N2,v5r; vt,1304400,,,
d8bb5526c4,気を付ける,きをつける,kiotsukeru,to be careful; to pay attention; to take care,N2,exp; v1,1591990,,静かにするように気をつけなさい。,See to it that you keep quiet.
1fd3fc74f0,金魚,きんぎょ,kingyo,goldfish,N2,n,1242750,,金魚に餌をやってるの。,I'm feeding the goldfish.
e20620f561,区域,くいき,kuiki,limits; boundary; domain; zone; sphere; territory,N2,n,1244090,,駐車禁止区域に車を止めてはいけません。,You must not park your car in a no parking zone.
3b30a2fa68,偶数,ぐうすう,guusuu,even number,N2,n; adj-no,1246250,,２、４、６などは偶数です。,"Two, four, six, etc. are even numbers."
2cd59c8d88,空想,くうそう,kuusou,daydream; fantasy; fancy; vision,N2,n; vs; vt; adj-no,1245730,,彼は空想の世界に生きている。,He lives in a world of fantasy.
cbb876724d,空中,くうちゅう,kuuchuu,sky; air,N2,n,1245790,,煙は空中へと舞い上がった。,The smoke ascended into the air.
81a3e89786,クーラー,クーラー,kuuraa,cooler; air conditioner,N2,n,1043310,,うちのクーラーが故障してしまった。,The air conditioner is out of order.
cfe52cc622,釘,くぎ,kugi,nail,N2,n,1436840,,その板に釘を打ってください。,Drive the nail into the board.
d986b84f53,区切る,くぎる,kugiru,to punctuate; to cut off; to mark off; to stop; to put an end to,N2,v5r; vt,1592130,,グラウンドは白線で３つに区切られている。,The playground is divided into three areas by white lines.
3c701afc3b,櫛,くし,kushi,comb,N2,n,1246490,,外出する前に髪を櫛でときなさい。,Comb your hair before you go out.
802fd00672,くしゃみ,くしゃみ,kushami,sneeze,N2,n; vs; vi,1003710,嚏,彼のくしゃみで私たちの会話が中断した。,Our conversation was interrupted by his sneezes.
186847c962,苦情,くじょう,kujou,complaint; troubles; objection,N2,n,1244520,,私はあなたの苦情について書いている。,I am writing in relation to your complaint.
d9f84d61b1,苦心,くしん,kushin,pain; trouble,N2,n; vs; vi,1244530,,苦心の甲斐があった。,That was well worth the trouble.
973d4dd61b,屑,くず,kuzu,waste; scrap,N2,n,1246510,,ラップは屑だ。,Rap is crap.
5eec3c9c1f,崩す,くずす,kuzusu,to destroy; to pull down; to make change (money),N2,v5s; vt,1516260,,五ドル札を崩せますか。,Can you change a five-dollar bill?
1575a46d86,薬指,くすりゆび,kusuriyubi,ring finger,N2,n,1538250,,彼女は左手の薬指にダイヤの指輪をはめていた。,She wore a diamond ring on her left third finger.
2a2443272f,崩れる,くずれる,kuzureru,to collapse; to crumble,N2,v1; vi,1516270,,本の山は今にも崩れそうに見える。,Those books look as if they're going to topple over any minute.
38dd9ee24e,砕く,くだく,kudaku,to break; to smash,N2,v5k; vt,1295170,,ピックは硬い地表を砕くために用いられる長い取っ手の道具だ。,A pick is a long handled tool used for breaking up hard ground surfaces.
9b6426d781,砕ける,くだける,kudakeru,to break; to be broken,N2,v1; vi,1295190,,花瓶は粉々に砕けた。,The vase burst into fragments.
fd88b60e26,くたびれる,くたびれる,kutabireru,to get tired; to wear out,N2,v1; vi,1003810,草臥れる,私は仕事でひどくくたびれている。,I'm very tired from work.
57d3c312c5,くだらない,くだらない,kudaranai,good-for-nothing; stupid; trivial; worthless,N2,adj-i,1184360,下らない,くだらない話はもうたくさんだ。,We have had enough of empty words.
921ddcb04e,下る,くだる,kudaru,to get down; to descend,N2,v5r; vi,1184450,,山を下ったところに学校がある。,There is a school down the mountain.
720253f6e8,唇,くちびる,kuchibiru,lips,N2,n,1359940,,冬は唇があれます。,"In winter, our lips get chapped."
bb9e4b1560,口紅,くちべに,kuchibeni,lipstick,N2,n; adj-no,1276110,,ブライアンはケイトのために口紅を買った。,Brian bought a lipstick for Kate.
2b59b00503,くっつく,くっつく,kuttsuku,to adhere to; to keep close to,N2,v5k; vi,1003860,くっ付く,ぬれた衣装が彼女の体にくっついていた。,Wet clothes clung to her body.
d277aebba1,くっつける,くっつける,kuttsukeru,to attach,N2,v1; vt,1003870,くっ付ける,彼はその破片をくっつけ合わした。,He stuck the broken pieces together.
237d42a240,くどい,くどい,kudoi,verbose; importunate; heavy (taste),N2,adj-i,1572760,諄い,くどいよ君の質問は、もううるさい。,Stop bugging me with your annoying questions!
597a6eed85,句読点,くとうてん,kutouten,punctuation marks,N2,n,1244050,,クエスチョンマークは句読点です。,A question mark is a punctuation mark.
349c1849f2,配る,くばる,kubaru,to distribute; to deliver,N2,v5r; vt,1472990,,サーカスで、商品としておもちゃを配っている。,Circuses offer toys for prizes.
5f2c3ba54c,工夫,くふう,kufuu,labourer; worker,N2,n; vs; vt,1278220,,これは私が工夫した計画です。,This is a plan of my own devising.
23d7da744e,区分,くぶん,kubun,division; section; classification,N2,n; vs; vt,1244230,,土地は８つに区分された。,The land was divided into 8 lots.
21e0ebdfb3,組合せ,くみあわせ,kumiawase,combination,N2,n,1592290,組み合わせ,一国にとって金融政策と財政政策の適切な組み合わせが大切である。,It is important for a nation to have an adequate mix of monetary and fiscal policies.
0798193207,組み立てる,くみたてる,kumitateru,to assemble; to set up; to construct,N2,v1; vt,1397580,,昨日、アンプを組み立てた。,I built an amplifier yesterday.
1cbdf2b53c,汲む,くむ,kumu,to draw (water); to dip; to scoop; to pump,N2,v5m; vt,1229610,,バケツに水を汲んでくるよ。,I'll get a bucket of water.
2ea11eaa0e,酌む,くむ,kumu,to serve sake,N2,v5m; vt,1324210,,,
07f20a5682,悔しい,くやしい,kuyashii,regrettable; mortifying; vexing,N2,adj-i,1592350,,決勝戦で負けるほど悔しいものはない。,Nothing is more disappointing than to lose in the finals.
e7f4594d69,悔やむ,くやむ,kuyamu,to mourn,N2,v5m; vt,1200450,,よーし！覚えてろ。後で悔やむなよ。,All right! You will be sorry for this.
3d33b9e224,クリーニング,クリーニング,kuriiningu,cleaning; dry cleaning; laundry service,N2,n; vs; vt,1044440,,クリーニング取ってきておいて。,Please pick up my dry cleaning.
209e53b171,くるむ,くるむ,kurumu,to be engulfed in; to be enveloped by; to wrap up,N2,v5m; vt,2831360,包む,,
c7b727d62a,くれぐれも,くれぐれも,kureguremo,repeatedly; sincerely; earnestly,N2,adv,1269140,呉れ呉れも,くれぐれもお体をお大事に。,Please take good care of yourself.
ab00e10adf,咥える,くわえる,kuwaeru,to hold in one's mouth,N2,v1; vt,1609730,,彼はパイプをくわえて話した。,He spoke with a pipe in his mouth.
988eff8e12,郡,ぐん,gun,country; district,N2,n,1249230,,これは豊能郡の地図です。,This is a map of the Toyono district.
3fa0fccb13,稽古,けいこ,keiko,practice; training; study,N2,n; vs; vt,1250990,,彼女は六歳でピアノのけいこを始めた。,She began lessons in piano at age 6.
5e47be51f8,敬語,けいご,keigo,honorific; term of respect,N2,n,1250750,,日本語には敬語があります。,The Japanese language has honorific expressions.
f7b99bf02c,蛍光灯,けいこうとう,keikoutou,fluorescent lamp; person who is slow to react,N2,n,1592540,,ハリーは本当に蛍光灯だね。,Harry's really slow to catch on.
7fa5916da9,形式,けいしき,keishiki,form; formality; format; math expression,N2,n,1250310,,彼はそれを小説の形式で表した。,He expressed it in the form of fiction.
5e3f372001,継続,けいぞく,keizoku,continuation,N2,n; vs; vt; vi,1251810,,交渉を継続することで合意しました。,We have agreed to continue the negotiations.
36c872b693,毛糸,けいと,keito,knitting wool,N2,n; adj-no,1533860,,赤ん坊が毛糸の玉をもつれさせた。,The baby tangled the ball of yarn.
37d7aac8f2,経度,けいど,keido,longitude,N2,n,1251630,,赤道における経度1度当たりの長さ。,Distance per degree of longitude at equator.
130cd65eb3,系統,けいとう,keitou,system; family line; geological formation,N2,n,1251030,,システムのこの予測されなかった機能不全は不適切な配線系統によって引き起こされた。,This unexpected malfunctioning of the system was caused by improper wiring.
694b07ed0c,芸能,げいのう,geinou,public entertainment; accomplishments; attainments,N2,n,1253130,,,
27f89c6bea,競馬,けいば,keiba,horse racing,N2,n,1234210,,ダービー競馬の日は２週間後の水曜日だ。,Derby Day is Wednesday fortnight.
5b8a9739d6,警備,けいび,keibi,defense; guard; policing; security,N2,n; vs; vt,1252490,,たくさんの警官がホールを警備した。,A lot of policemen guarded the hall.
c482b68182,形容詞,けいようし,keiyoushi,true adjective,N2,n,1250430,,英語の副詞の中には形容詞の役目をするものがある。,Some English adverbs function as adjectives.
13e82ca9dc,形容動詞,けいようどうし,keiyoudoushi,adjectival noun; quasi-adjective,N2,n,1250450,,,
57119864ae,外科,げか,geka,surgical department,N2,n,1203380,,彼は外科手術の為入院した。,He was hospitalized for a surgical operation.
57249a323c,毛皮,けがわ,kegawa,fur; skin; pelt,N2,n,1533930,,毛皮のコートが特売中です。,Fur coats are on sale.
f79917ddba,激増,げきぞう,gekizou,sudden increase,N2,n; vs; vi,1253690,,,
be752e2e1d,下車,げしゃ,gesha,alighting; getting off,N2,n; vs; vi,1185170,,私は駅を間違えて下車しました。,I got off at the wrong station.
f1c3e724c1,下旬,げじゅん,gejun,month (last third of),N2,n,1185330,,８月下旬に彼らは繁殖のために長い旅に出発します。,"In late August, they set off on a long journey for breeding."
1bc14dcb79,下水,げすい,gesui,drainage; sewage; ditch; gutter; sewerage,N2,n,1185510,,下水が完全に詰まっている。,The drains are blocked up.
3b1069ecbb,削る,けずる,kezuru,to cut down little by little; to take a percentage,N2,v5r; vt,1298090,,彼の名前はリストから削られた。,He was struck off the list.
2d0315cd73,桁,けた,keta,column; beam; digit,N2,n,1253800,,医者なら６桁の収入は珍しくない。,A six-figure income is not uncommon for physicians.
7148c1e090,下駄,げた,geta,geta (Japanese footwear); wooden clogs,N2,n,1185780,,下駄を突っかけて表に飛び出した。,I slipped on my geta and dashed outside.
2e616b4606,血圧,けつあつ,ketsuatsu,blood pressure,N2,n,1255110,,血圧を計りましょう。,Let me take your blood pressure.
043a33f231,血液,けつえき,ketsueki,blood,N2,n,1255120,,赤十字は病院に血液を供給した。,The Red Cross supplied the hospital with blood.
bad1aa32f2,月給,げっきゅう,gekkyuu,monthly salary,N2,n,1255560,,私の月給は30万円だ。,"My monthly wage is 300,000 yen."
d5ecec7c41,傑作,けっさく,kessaku,masterpiece; best work; boner; blunder,N2,n,1253840,,わははは！そりゃ傑作だ！,A-ha-ha-ha! What a blunder!
c0a058cafa,月末,げつまつ,getsumatsu,end of the month,N2,n; adv,1255840,,月末に近づいている。,The month is drawing to an end.
c4db898159,気配,けはい,kehai,indication; market trend; worry,N2,n,1222510,,秋の気配が感じられた。,There was a hint of fall in the air.
f302afd38b,下品,げひん,gehin,vulgarity; meanness; indecency; coarseness,N2,adj-na; n,1186230,,下品極まる盛り場に通いつける。,He haunts the lowest resorts.
1a83e76669,煙い,けむい,kemui,smoky,N2,adj-i,1177190,,タバコが煙い！,Your smoking bothers me.
9623b5f0f5,蹴る,ける,keru,to kick,N2,v5r; vt,1333400,,彼は私たちの要求をきっぱりとけった。,He rejected our demand flatly.
7f5f5e5428,険しい,けわしい,kewashii,inaccessible place; sharp eyes,N2,adj-i,1260530,,彼らは険しい北面を登った。,They climbed the rugged north face.
1350b0aa0e,見学,けんがく,kengaku,inspection; study by observation; field trip,N2,n; vs; vt; vi,1259440,,その実施見学は非常にためになった。,I found the field trip very educational.
5a40e5dbe9,謙虚,けんきょ,kenkyo,modesty; humility,N2,adj-na; n,1260190,,その謙虚な男は近所の人達とうまくやっている。,The humble man is getting along with his neighbors.
a0fe12d09a,原稿,げんこう,genkou,manuscript; copy,N2,n,1261340,,この原稿は書き直したほうがいいな。,I'd better rewrite this paper.
f082d73585,原産,げんさん,gensan,place of origin; habitat,N2,n; adj-no,1261470,,サツマイモは、南アメリカが原産です。,The sweet potato is native to South America.
b89eba924f,原始,げんし,genshi,origin; primeval,N2,n; adj-no,1261500,,その人類学者は原始文化に関する講演をした。,The anthropologist delivered a lecture on primitive cultures.
973a798dc6,研修,けんしゅう,kenshuu,training,N2,n; vs; vt,1258660,,研修会は午後4時開始予定です。,The training session is scheduled to begin at 4 p.m.
970abb48c1,厳重,げんじゅう,genjuu,strict; rigour; severe; firm,N2,adj-na; n,1262660,,トップエンジニアが、その車に一連の厳重な検査を加えた。,The top engineer put the car through a series of rigorous tests.
84dd8f8c0c,謙遜,けんそん,kenson,humble; humility; modesty,N2,n; vs; vi; adj-na,1260240,,彼の謙遜さは賞賛に値する。,His modesty is worth respecting.
a866de7476,県庁,けんちょう,kenchou,prefectural office,N2,n,1258880,,,
7a955fffce,限度,げんど,gendo,limit; bounds,N2,n,1264690,,物事には限度がある。,There is a limit to everything.
9300833dab,現に,げんに,genni,actually; really,N2,adv,1263500,,,
3a94a8d62a,顕微鏡,けんびきょう,kenbikyou,microscope,N2,n,1260660,,顕微鏡の焦点を合わせなさい。,Adjust the microscope's focus.
61adbb37f4,原理,げんり,genri,principle; theory; fundamental truth,N2,n,1262460,,多数決原理が民主主義の根本原則だ。,Majority rule is a basic principle of democracy.
1a5423f529,原料,げんりょう,genryou,raw materials,N2,n,1262490,,日本はいろんな原料に乏しい。,Japan is lacking in raw materials.
f3da3248a8,碁,ご,go,Go (board game of capturing territory),N2,n,1270870,,碁を打つことが一番の気晴らしだ。,Playing go is my favorite pastime.
dfc07c6de7,恋しい,こいしい,koishii,dear; beloved; darling; yearned for,N2,adj-i,1558760,,あなたはアメリカで日本料理が恋しくなるでしょう。,You will miss Japanese food in the United States.
0de78822bd,請う,こう,kou,to ask; to request,N2,v5u-s; vt,1592920,,犯人は裁判官に慈悲を請うた。,The criminal begged the judge for mercy.
378728fc18,工員,こういん,kouin,factory worker,N2,n,1277980,,彼は新しい工員を採用した。,He hired some new workers.
0e34bf193f,強引,ごういん,gouin,overbearing; coercive; pushy; forcible; high-handed,N2,adj-na; n,1236170,,与党は強引に税制法案を通過させた。,The ruling party pushed its tax bill through.
463042fbd6,公害,こうがい,kougai,public nuisance; pollution,N2,n,1273420,,この地域に公害はない。,This district is free from environmental pollution.
ee9620e522,高級,こうきゅう,koukyuu,high class; high grade,N2,adj-na; adj-no; n,1283400,,彼の祖父は高級軍人だった。,His grandfather was a soldier of high degree.
eaed415671,公共,こうきょう,koukyou,public; community; public service; society; communal,N2,adj-no; n,1273510,,公共の場所をきれいにしておこう。,Let's keep public places clean.
fa8933b8bc,工芸,こうげい,kougei,industrial arts,N2,n,1278090,,腕のいい工芸師は自分の作品に誇りを持っている。,A good craftsman takes pride in his work.
4a553ba46b,孝行,こうこう,koukou,filial piety,N2,n; vs; adj-na,1277880,,孝行したいときに親はなし。,"When one would be filial, one's parents are gone."
7aceba5b88,交差,こうさ,kousa,cross,N2,n; vs; vi,1271970,,２本の道が十文字に交差している。,The two roads cut across the street from us.
ef6d8917c7,講師,こうし,koushi,lecturer,N2,n,1282280,,正確に言うと私は大学講師です。,"Specifically, I'm a university lecturer."
816ebfcccc,工事,こうじ,kouji,construction work,N2,n; vs; vt; vi,1278130,,その工事は住民からの強い反対にもかかわらず、続けられた。,They carried on with the construction in the face of strong opposition from the residents.
828cbdb633,公式,こうしき,koushiki,formula; formality; official,N2,adj-no; n; n-suf,1273820,,彼は立候補することを公式に発表した。,He officially announced himself as a candidate.
c78f53bc65,口実,こうじつ,koujitsu,excuse,N2,n,1276220,,病気を口実にして彼は来なかった。,He did not come on the pretext of sickness.
9b927494b7,こうして,こうして,koushite,thus,N2,conj,2008040,,こうして私はいつも魚を料理する。,This is how I usually cook fish.
d873246045,校舎,こうしゃ,kousha,school building,N2,n,1279540,,彼らは校舎新築の計画を立てた。,They formed a project to build a new school building.
52bdafebf6,公衆,こうしゅう,koushuu,the public,N2,n; adj-no,1273900,,この建物には公衆トイレがありますか。,Is there a public toilet in this building?
e3d8bfb183,香水,こうすい,kousui,perfume,N2,n,1283060,,彼女はいつも香水のにおいがきつすぎる。,She always wears too much scent.
6d3448c453,公正,こうせい,kousei,justice; fairness; impartiality,N2,n; adj-na,1274120,,王は自分の王国を公正に治めた。,The king ruled his kingdom justly.
3e2c1c64f4,功績,こうせき,kouseki,achievements; merit; meritorious service; meritorious deed,N2,n,1275070,,彼の功績は特筆大書すべきものがある。,His accomplishments should be written in large letters.
6358771cf0,光線,こうせん,kousen,beam; light ray,N2,n,1273030,,このランプは強い光線を出す。,This lamp sends out a powerful beam.
9d487f2451,高層,こうそう,kousou,upper,N2,adj-no; n,1283690,,その高層ビルの上からは町がよく見える。,The roof of the high rise building overlooks the whole town.
fd699d42d8,構造,こうぞう,kouzou,structure; construction,N2,n,1279790,,この増加に加えて、世界の経済構造の変化があった。,"Along with this increase, there has been a change in the world's economic organization."
1524ab51fb,交替,こうたい,koutai,alternation; change; relief; relay; shift,N2,n; vs; vt; vi,1592990,,交代に走りましょう。,Let's take turns at running.
8976ba117a,耕地,こうち,kouchi,arable land,N2,n,1280990,,,
ea79d21fe4,交通機関,こうつうきかん,koutsuukikan,transportation facilities,N2,n,1272320,,交通機関は何を使うんですか。,What form of transport will we take?
588115d0bc,校庭,こうてい,koutei,campus,N2,n,1279600,,校庭はたいへん小さかったです。,The schoolyard was very small.
458e7d07ee,肯定,こうてい,koutei,positive; affirmation,N2,n; vs; vt,1281180,,ディベートとは肯定側と否定側で交わされる知的ゲームである。,Debate is an academic game between the affirmative and the negative.
2279b720b0,高度,こうど,koudo,altitude; height; advanced,N2,n,1283830,,この仕事は高度の熟練を必要とする。,This work calls for a high degree of skill.
3223bf3e88,高等,こうとう,koutou,high class; high grade,N2,adj-na; adj-no; n,1283850,,人類は高等哺乳動物である。,Human beings are the higher mammals.
c59118f03e,合同,ごうどう,goudou,combination; incorporation; union; amalgamation,N2,n; vs; vt; vi,1285140,,,
c6a40ed583,後輩,こうはい,kouhai,junior (at work or school),N2,n,1270010,,彼は私より３年後輩です。,He is my junior by three years.
ae01f3382f,公表,こうひょう,kouhyou,official announcement; proclamation,N2,n; vs; vt,1274550,,彼はそれを公表すると脅した。,He threatened to make it public.
29490c099e,鉱物,こうぶつ,koubutsu,mineral,N2,n,1282650,,オーストラリアは鉱物が豊富だ。,Australia is abundant in minerals.
3eb9ac96dd,公務,こうむ,koumu,official business; public business,N2,n,1274810,,公務のために多くの時間がとられる。,My public duties take a lot of time.
bb1448841b,項目,こうもく,koumoku,item,N2,n,1283000,,これは何の項目に入るか。,What heading does this come under?
52c776a959,紅葉,こうよう,kouyou,leaves turning red (in autumn); red leaves; autumn colours; fall colors,N2,n; vs; vi,1578780,,,
44e8eb23ad,合理,ごうり,gouri,rational,N2,n,1285330,,,
5bc0e7375e,交流,こうりゅう,kouryuu,alternating current; intercourse; (cultural) exchange; intermingling,N2,n; vs; vi,1272580,,ときに君の喜びと君の真剣な職業とを交流せしめよ。,Mingle your joys sometimes with your earnest occupation.
5e1154d4eb,合流,ごうりゅう,gouryuu,confluence; union; linking up; merge,N2,n; vs; vi,1285390,,この道はそこでハイウエイに合流する。,This road joins the highway there.
19b3644127,効力,こうりょく,kouryoku,effect; efficacy; validity; potency,N2,n,1275250,,その法律はもう効力はなくなっている。,The law is not in effect any longer.
c730681c17,超える,こえる,koeru,to exceed; to cross over; to cross,N2,v1; vt,1593070,,６５歳を超えるアメリカ人は全人口の１２．５％を構成している。,Americans who are over sixty-five make up 12.5% of the total population.
fad45b8c0a,コース,コース,koosu,course,N2,n,1048830,,おすすめのコースはどこですか。,Which course do you recommend?
108e74b73c,コーラス,コーラス,koorasu,chorus,N2,n,1049340,,彼らはみな一緒にコーラスを歌いました。,They all joined in the chorus.
af6be1f335,焦がす,こがす,kogasu,to burn; to scorch; to singe; to char,N2,v5s; vt,1350710,,その亡命者は故国への思いに胸を焦がした。,The exile yearned for his home.
f552dae66e,国王,こくおう,kokuou,king,N2,n,1286160,,国民は歓呼して彼を国王に迎えた。,The people acclaimed him King.
c971fe970b,国籍,こくせき,kokuseki,nationality,N2,n,1286780,,彼には国籍が不利に働いた。,His nationality counted against him.
46dda2ee7f,国立,こくりつ,kokuritsu,national,N2,adj-no; n,1287180,,老人のための国立の病院がもっとあってしかるべきだ。,There should be more national hospitals for old people.
f2364437c5,ごくろうさま,ごくろうさま,gokurousama,Thank you very much for your....,N2,exp; adj-na,1005030,ご苦労様,ご苦労様でした。,Thank you for your trouble.
99058f76ab,焦げる,こげる,kogeru,to burn; to be burned,N2,v1; vi,1350730,,あーあ、トーストが真っ黒に焦げてしまっているよ。,"Oh, the toast is burned black."
b618cff56c,凍える,こごえる,kogoeru,to freeze; to be chilled; to be frozen,N2,v1; vi,1446180,,この部屋は凍えるよ、シンディー。この寒さはたえられないよ。,"It's freezing in this room, Cindy. I can't put up with this cold."
6a1dd228d7,心当たり,こころあたり,kokoroatari,having some knowledge of; happening to know,N2,n,1360890,,その名前に心当たりある？,Does that name ring a bell?
e2b67d1bcd,心得る,こころえる,kokoroeru,to be informed; to have thorough knowledge,N2,v1; vt,1360920,,彼女は夫の心理を心得ている。,She knows her husband's psychology.
fa520c5357,腰掛け,こしかけ,koshikake,seat; bench,N2,n,1288370,,君が座っている腰掛けのペンキはまだ塗り立てだよ。,The paint on the seat on which you are sitting is still wet.
620159fe47,腰掛ける,こしかける,koshikakeru,to sit (down),N2,v1; vi,1288350,,彼女は腰掛けて足を組んだ。,She sat down and crossed her legs.
36794aa72e,五十音,ごじゅうおん,gojuuon,the Japanese syllabary,N2,n,1268300,,氏名は五十音順です。,The names are in Japanese alphabetical order.
32fc7863a8,胡椒,こしょう,koshou,pepper,N2,n,1267600,,コショウを入れすぎたね。,You put far too much pepper in it.
afac132e5b,こしらえる,こしらえる,koshiraeru,to make; to manufacture,N2,v1; vt,1567390,拵える,彼は遅刻の口実をこしらえた。,He invented an excuse for being late.
fa011c8770,超す,こす,kosu,to cross; to pass; to tide over,N2,v5s; vt,1175300,,船は今夜赤道を越すだろう。,The ship will cross the equator tonight.
0a81eafbf4,擦る,こする,kosuru,to rub; to chafe; to file; to frost (glass); to strike (match),N2,v5r; vt,1298910,,石けんを付けてごしごしこすれば汚れが落ちます。,"Rub briskly with soap, and the stain will soon wash off."
feb110fb03,ごぞんじですか,ごぞんじですか,gozonjidesuka,do you know? (honorific),N2,,,,この辺はよくごぞんじですか。,Do you know this part of the city very well?
1652de8d6b,個体,こたい,kotai,an individual,N2,n; adj-no,1264980,,,
e874aef53b,こちらこそ,こちらこそ,kochirakoso,it is I who should say so,N2,exp,1004510,,「ごめんね」「こちらこそ、ごめんね」,"""I'm sorry."" ""I'm sorry, too."""
6a80a317f3,小遣い,こづかい,kozukai,personal expenses; pocket money; spending money; incidental expenses; allowance,N2,n,1348030,,つまらないものに小遣いを使うな。,Don't waste your allowance on useless things.
eedac601c6,コック,コック,kokku,cook (nl:); tap; spigot; faucet; cock,N2,n,1050310,,,
9bc707785c,こっそり,こっそり,kossori,stealthily; secretly,N2,adv; adv-to,1004520,,彼はそのことを私にこっそり話してくれた。,He told me about it in private.
6c5c091b7a,古典,こてん,koten,old book; classics; classic,N2,n,1265860,,古典の文学書を読むことは価値のあることです。,It is worthwhile reading classical works of literature.
95806db8ce,琴,こと,koto,Koto (Japanese harp),N2,n,1241450,,彼女は琴を弾くことがとても好きだ。,She likes to play the koto very much.
720b3135c3,言付ける,ことづける,kotozukeru,to send word; to send a message,N2,v1; vt,1593330,,,
941786efa7,言葉遣い,ことばづかい,kotobazukai,speech; expression; wording,N2,n,1264560,,言葉遣いにはいつも気をつけるべきです。,You should always be careful in your speech.
694809c6ed,こないだ,こないだ,konaida,the other day; lately; recently,N2,n; adv,1004610,,こないだ、カメラをなくしてしまった。,I lost my camera the other day.
5f1431a28b,御無沙汰,ごぶさた,gobusata,not writing or contacting for a while,N2,n; vs; vi,1270650,ご無沙汰,２年間のご無沙汰でした。,Two years have passed since I last met you.
27ea53a472,こぼす,こぼす,kobosu,to spill,N2,v5s; vt,1557640,零す,私はコーヒーをじゅうたんにこぼしてしまった。,I spilled my coffee on the carpet.
b308f089ad,こぼれる,こぼれる,koboreru,to overflow; to spill,N2,v1; vi,1557650,零れる,コーヒーがこぼれましたよ。,You've spilt your coffee.
f65e7b378c,ゴム,ゴム,gomu,gum; rubber; eraser,N2,n,1054570,,,
89e5aee43f,御免,ごめん,gomen,your pardon; declining (something); dismissal; permission,N2,int,1270670,,待たせてごめん。,Sorry to have kept you waiting.
379489499b,ごめんください,ごめんください,gomenkudasai,May I come in?,N2,exp,1270690,ごめん下さい,ごめんください。どなたかいらっしゃいませんか？,Excuse me. Is anyone home?
b3176c1e66,小指,こゆび,koyubi,little finger,N2,n,1348170,,小指がはれました。,My little finger is swollen.
5253a3aed7,こらえる,こらえる,koraeru,to bear; to stand; to endure; to put up with,N2,v1; vt,2827352,,彼女は笑いをこらえられなかった。,She couldn't help bursting into laughter.
56a3bbe2fa,娯楽,ごらく,goraku,pleasure; amusement,N2,n; vs,1269290,,あなたのお好きな娯楽は何ですか。,What's your favourite pastime?
504b53204a,御覧,ごらん,goran,(honorific) look; inspection; try,N2,int,1270760,,あの木のてっぺんを見てごらん。,Look at the top of that tree.
5313e18e96,コレクション,コレクション,korekushon,collection; correction,N2,n; vs; vt,1051540,,世界中の銀のティースプーンのコレクションがある。,I have a collection of silver tea spoons from all over the world.
0a7920d310,転がす,ころがす,korogasu,to roll,N2,v5s; vt,1440980,,子供たちが大きな雪の玉を転がしていた。,The children were rolling a big snowball.
e07deb5c09,転がる,ころがる,korogaru,to roll; to tumble,N2,v5r; vi,1441000,,車輪はゆっくり転がり始めた。,The wheel began to roll slowly.
d197a98346,紺,こん,kon,navy blue; deep blue,N2,n; adj-no,1290590,,医者は紺のスーツの上に白衣を着ていた。,The doctor was wearing a white coat over a blue suit.
632ef3b0ff,コンクール,コンクール,konkuuru,contest (fr: concours),N2,n,1051840,,私はそのコンクールに参加した。,I took part in the contest.
77d2529580,コンクリート,コンクリート,konkuriito,concrete,N2,n,1051860,,土台はコンクリートで固められている。,The foundation is bedded in concrete.
563109d803,混合,こんごう,kongou,mixing; mixture,N2,n; vs; vt; vi,1290360,,三原色を混合すると黒色ができる。,Mixture of the three primary colors creates black.
dc94ba57ca,コンセント,コンセント,konsento,electrical outlet; power point; socket,N2,n,1052330,,彼はラジオをコンセントにつないだ。,He plugged in the radio.
adfb442111,献立,こんだて,kondate,menu; program; schedule,N2,n,1258500,,それほど多くの人々のための料理の献立を考えるのはむずかしい。,It is difficult planning meals for so many people.
584dcec54f,サークル,サークル,saakuru,circle; sports club (i.e. at a company),N2,n,1054850,,,
a761bdb540,在学,ざいがく,zaigaku,(enrolled) in school,N2,n; vs; vi,1296440,,その学校には二千人の学生が在学している。,"There are 2,000 students in the school."
9087a1e25d,再三,さいさん,saisan,again and again; repeatedly,N2,adv; adj-no,1292760,,彼は私に、再三電話をかけてきた。,He telephoned me again and again.
950143400c,祭日,さいじつ,saijitsu,national holiday; festival day,N2,n; adj-no,1295310,,今度の祭日は日曜日と重なります。,The next holiday falls on a Sunday.
86c59f38ea,催促,さいそく,saisoku,request; demand; claim; urge (action); press for,N2,n; vs; vt,1292200,,まさかリアルに借金の催促だったの？,"No way, is this really a debt collection call?"
b79565a0c1,採点,さいてん,saiten,marking; grading; looking over,N2,n; vs; vt,1294850,,私達の先生は試験の採点をしている。,Our teacher is marking exam papers.
76fae7e09d,災難,さいなん,sainan,calamity; misfortune,N2,n,1295110,,人生に災難は付き物。,Accidents will happen.
1637b21432,裁縫,さいほう,saihou,sewing,N2,n; vs; vi,1296200,,本当に裁縫が上手ですね。,You're a magician with a needle and thread.
658b7e4c12,材木,ざいもく,zaimoku,lumber; timber,N2,n,1296660,,ひろしは材木をひいて板にしています。,Hiroshi is sawing the wood into boards.
6e6f741279,サイレン,サイレン,sairen,siren,N2,n; adj-no,1056150,,サイレンが急変を知らせました。,The siren sounded an emergency.
c55bcca116,逆さ,さかさ,sakasa,reverse; inversion; upside down,N2,adj-no; adj-na; n,1226970,,彼はボールペンを逆さに持った。,He held a ball-point by the wrong end.
6ed672fd0b,逆さま,さかさま,sakasama,inversion; upside down,N2,adj-na; adj-no; n,1593650,逆様,その絵は逆さまにかかっている。,The picture is hung upside down.
c3429126c5,捜す,さがす,sagasu,to search; to seek; to look for,N2,v5s; vt,1593670,,警察は行方不明の少年を捜した。,The police searched for the lost boy.
8f250cbe55,遡る,さかのぼる,sakanoboru,to go back; to go upstream; to make retroactive,N2,v5r; vi,1397830,さかのぼる; 逆上る,その教会は１１７３年までさかのぼる。,The church dates back to 1173.
bb828438c9,酒場,さかば,sakaba,bar; bar-room,N2,n,1329110,,彼はその酒場で歯医者に成りすましていた。,He posed as a dentist at that bar.
eee75b5abd,さきおととい,さきおととい,sakiototoi,two days before yesterday,N2,n; adv,1576030,一昨昨日,,
9ceb4a9826,先程,さきほど,sakihodo,some time ago,N2,n; adv,1388170,,つい先ほど君のお父さんに会いました。,I met your father just now.
d06753f6b7,裂く,さく,saku,to tear; to split,N2,v5k; vt,1207730,,その少女はその布を裂いた。,The girl tore the cloth.
f1577088c4,索引,さくいん,sakuin,index; indices,N2,n,1298320,,その本には索引がついていますか。,Is there an index to the book?
68e07cbe30,作者,さくしゃ,sakusha,author; authoress,N2,n,1297710,,その小説の作者は誰でしょうか。,Who is the author of the novel?
784a1322f6,削除,さくじょ,sakujo,elimination; cancellation; deletion; erasure,N2,n; vs; vt,1298120,,このファイルは削除して下さい。,Please delete this file.
8de1df895d,作成,さくせい,sakusei,frame; draw up; make; producing,N2,n; vs; vt,1297760,,その老人は遺言を作成した。,The old man made out his will.
227c952efd,作製,さくせい,sakusei,manufacture,N2,n; vs; vt,1297790,,合鍵の作製には2日ほどかかります。,It takes about two days to make a duplicate key.
753724063a,探る,さぐる,saguru,to search; to look for; to sound out,N2,v5r; vt,1418260,,遠まわしに彼の意見を探った。,I sounded him out about his views.
2c6792879b,囁く,ささやく,sasayaku,to whisper; to murmur,N2,v5k; vi,1565670,,一人の教授がささやいた。,One of his colleagues whispered.
d69e3e87d9,刺さる,ささる,sasaru,to stick; to be stuck,N2,v5r; vi,1306390,,釘が車のタイヤに刺さった。,A nail punctured the tire.
4d2dd03405,匙,さじ,saji,spoon,N2,n,1585630,,私たちはさじでスープを飲む。,We eat soup with a spoon.
e2a183a75a,座敷,ざしき,zashiki,tatami room,N2,n,1291990,,,
6b29a1b6dd,差し支え,さしつかえ,sashitsukae,hindrance; impediment,N2,n,1593780,,その家は理想的とはいえないが、まぁさしつかえはない。,"The house is not ideal, but it's all right."
d8abd4b789,差し引き,さしひき,sashihiki,deduction; subtraction; balance; ebb and flow; rise and fall,N2,n; vs; vi,1291090,,,
2360f93615,刺身,さしみ,sashimi,sliced raw fish,N2,n,1306570,,刺し身は好きではないのでしょう。,"You don't like sashimi, do you?"
4219eb63bc,刺す,さす,sasu,to pierce; to stab; to prick; to thrust,N2,v5s; vt,1306470,,蚊にたくさん刺されました。,I got a lot of mosquito bites.
d63d5219aa,射す,さす,sasu,to shine; to strike,N2,v5s; vi,1322170,,雲間が開け光が射した。,The clouds opened and the sun shone through.
c1a75af4f3,挿す,さす,sasu,to insert; to put in; to graft; to wear in belt,N2,v5s; vt,1399830,,彼はボタンの穴に花を挿した。,He stuck a flower in his buttonhole.
815d723df8,注す,さす,sasu,to pour (drink); to serve (drinks),N2,v5s; vt,1609820,,車輪には油を注したばかりだ。,I've just oiled the wheels.
46ba179deb,流石,さすが,sasuga,clever; adept; good; expectations; as one would expect,N2,adv; adj-na,1552390,,さすが、彼は期待を裏切らないね。,That's just what one would expect of him.
dc86ca1da3,撮影,さつえい,satsuei,photographing,N2,n; vs; vt,1298800,,私は写真撮影に興味を持っている。,I have an interest in photography.
5c180d80bf,雑音,ざつおん,zatsuon,"noise (jarring, grating)",N2,n,1299280,,ラジオに雑音が入る。,The radio is disturbed by noises.
d49f6c4d95,さっさと,さっさと,sassato,quickly,N2,adv,1005190,,さっさと宿題をしなさい。,Do your homework without delay.
256e7a9058,早速,さっそく,sassoku,at once; immediately; without delay; promptly,N2,adv,1400300,,彼女はベストセラーの小説を早速読んだ。,She lost no time in reading a best-selling novel.
313b301ef7,錆,さび,sabi,rust (colour),N2,n,1593820,錆び,この車は錆に強い。,This car is resistant to rust.
bf85d1b239,錆びる,さびる,sabiru,to rust; to become rusty,N2,v1; vi,1299640,,雨の中に放置しておくと自転車はさびるでしょう。,A bicycle will rust if you leave it in the rain.
e9c84791a6,座布団,ざぶとん,zabuton,cushion (Japanese),N2,n,1291980,,この座布団を干して下さい。,Please air the zabuton.
a89a7c27d1,冷ます,さます,samasu,to cool; to dampen; to let cool,N2,v5s; vt,1556740,,ちょっと冷まして、熱いうちは食べないように。,Let your food cool off a bit; don't eat it while it's hot.
665fe9ee0b,妨げる,さまたげる,samatageru,to disturb; to prevent,N2,v1; vt,1519120,,騒音が彼の睡眠を妨げた。,The noise disturbed his sleep.
e9eff104ec,冷める,さめる,sameru,to become cool; to wear off; to abate; to subside,N2,v1; vi,1556750,,スープは冷めていない。,The soup is not cool.
f874eff83f,サラリーマン,サラリーマン,sarariiman,salary man; company employee,N2,n,1057960,,なあに、しがないサラリーマンですよ。,Me? I'm a plain old salaryman.
f650563feb,騒がしい,さわがしい,sawagashii,noisy,N2,adj-i,1403000,,よく騒がしい部屋で働いたものだった。,I used to work in a noisy room.
d4b22ac7cb,さわやか,さわやか,sawayaka,fresh; refreshing; invigorating,N2,adj-na,1399520,爽やか,さわやかな秋となりました。,Cool fall is here.
4bd8d92e08,三角,さんかく,sankaku,triangle; triangular,N2,n,1299970,,どうやったら三角のおにぎりができるの？何度やっても丸いおにぎりしかできないよ。,How do you make a triangle-shaped onigiri? No matter how many times I try I can only make round onigiri.
8476b331d5,算数,さんすう,sansuu,arithmetic,N2,n,1303930,,算数は数を取り扱う。,Arithmetic deals with numbers.
157b440b95,酸性,さんせい,sansei,acidity,N2,n,1304330,,パイナップルやレモンのような酸性の果実はすっぱい。,Acid fruits like pineapples and lemons are sour.
beaa5599c2,産地,さんち,sanchi,producing area,N2,n,1303820,,その地方はお茶の産地です。,The region is a production center for tea leaves.
958095fe66,サンプル,サンプル,sanpuru,sample,N2,n,1058760,,ＤＮＡのサンプルを貯える事は許されるべきではない。,It shouldn't be permitted to store samples of DNA.
5820ac925f,山林,さんりん,sanrin,mountain forest; mountains and forest,N2,n,1303230,,,
66ee085d61,仕上がる,しあがる,shiagaru,to be finished,N2,v5r; vi,1305130,,仕事はどうにかこうにか仕上がった。,The work got finished somehow.
b589376271,しあさって,しあさって,shiasatte,two days after tomorrow,N2,n; adv,1594050,明々後日,明明後日にまた上げる。,And I will raise it again in three days.
c3e11ec5cd,シーズン,シーズン,shiizun,season (sporting),N2,n,1059300,,まもなく野球シーズンが始まる。,The baseball season opens before long.
1928069f96,シーツ,シーツ,shiitsu,sheet,N2,n,1059400,,彼女はベッドにきれいなシーツを敷いた。,She put clean sheets on the bed.
c25d2ee2b5,寺院,じいん,jiin,temple,N2,n,1315250,,この寺院は７８０年に建てられた。,This temple dates back to 780.
d374033b31,しいんと,しいんと,shiinto,silent (as the grave); (deathly) quiet,N2,n,1310740,,叔父の死因は癌だったそうです。,I hear my uncle died of cancer.
43664d2055,自衛,じえい,jiei,self-defense,N2,n; vs; vt; vi; adj-no,1317400,,,
a5f7425823,塩辛い,しおからい,shiokarai,salty (taste),N2,adj-i,1609860,,このカツオの塩辛は塩辛すぎる。,These salted bonito guts are too salty for me.
aa5973a2fb,司会,しかい,shikai,chairmanship,N2,n; vs; vt; vi,1306640,,その会議は森首相が司会をした。,The conference was presided over by Mr Mori.
0bd15bf630,四角,しかく,shikaku,square,N2,adj-na; adj-no; n,1307090,,箱の形は普通四角です。,The shape of a box is usually square.
f4192e4cee,四角い,しかくい,shikakui,square,N2,adj-i,1307100,,必要なのは四角いテーブルで、円卓ではない。,"We need a square table, not a round one."
932013dd52,時間割,じかんわり,jikanwari,timetable; schedule,N2,n,1315960,,私たちは時間割に従って勉強する。,We study according to the schedule.
270226074a,四季,しき,shiki,four seasons,N2,n,1307130,,四季のうちで春が一番好きだ。,Spring is my favourite of the four seasons.
b1a974f767,敷地,しきち,shikichi,site,N2,n,1497060,,その敷地は軍事上の目的で利用されている。,The site is used for military purposes.
c24130db77,至急,しきゅう,shikyuu,urgent; pressing,N2,adj-no; n,1311900,,彼女は私に至急電報を打ってきた。,She sent me an urgent telegram.
ce730cb8b5,敷く,しく,shiku,to spread out; to lay out,N2,v5k; vt,1497020,,机のしたにカーペットを敷いた。,I put down a rug under my desk.
5ebf9b904d,茂る,しげる,shigeru,to grow thick; to luxuriate; to be luxurious,N2,v5r; vi,1533740,,丘には低い木がたくさん茂っている。,Lots of low trees grow on the hill.
e0669895cc,持参,じさん,jisan,bringing; taking; carrying,N2,n; vs; vt,1315790,,ほとんどの観光客がカメラを持参している。,Almost every tourist carries a camera with him.
ac638ea3f7,磁石,じしゃく,jishaku,magnet,N2,n; adj-no,1317080,,キートンはハトの頭に磁石を取り付けた。,Keeton put magnets on the heads of his pigeons.
855762ebcc,四捨五入,ししゃごにゅう,shishagonyuu,rounding up (fractions),N2,n; vs; vt,1307250,,５８１４を千の位に四捨五入すれば何になりますか。,What is 5814 rounded to the nearest thousand?
5c1a471818,始終,しじゅう,shijuu,continuously; from beginning to end,N2,adv; n,1307570,,私は始終あなたのことを考えています。,You are in my thoughts at all times.
2a85f686f4,自習,じしゅう,jishuu,self-study,N2,n; vs; vt,1317900,,「今日はリチャード先生がお休みなので、英語の授業は自習です」「キター！」,"""Since Richard is away today, English class will be self study."" ""Nice!"""
b4e52ce195,静まる,しずまる,shizumaru,to quieten down; to calm down; to subside,N2,v5r; vi,1594270,,海をじっと眺めていると私は気が静まる感じがする。,"When I contemplate the sea, I feel calm."
3e43a1afad,姿勢,しせい,shisei,attitude; posture,N2,n,1307740,,彼はまっすぐな姿勢で立っていた。,He stood in an upright position.
1e621f5ba1,自然科学,しぜんかがく,shizenkagaku,natural science,N2,n,1318110,,その大学の課程は自然科学と社会科学から成り立っている。,That university's curriculum covers natural science and social science.
b3c318ace7,時速,じそく,jisoku,speed (per hour),N2,n,1316290,,この車は時速６０キロで走っている。,This car is going 60km an hour.
2f2bfb723b,子孫,しそん,shison,descendants; posterity; offspring,N2,n,1307990,,子孫にきれいな、緑の地球を残したい。,We want to leave our descendants a clean and green earth.
4976326eba,死体,したい,shitai,corpse,N2,n,1310920,,警官たちはその死体を運び去った。,The policemen carried away the body.
ffb5797b88,下書き,したがき,shitagaki,rough copy; draft,N2,n; vs,1185370,,私はスピーチの下書きを書いています。,I am writing a draft of the speech.
b55d2ba080,下町,したまち,shitamachi,Shitamachi; lower parts of town,N2,n,1185940,,彼女は下町で生まれ育った。,She was born and brought up on the backstreets.
2d029a03cd,自治,じち,jichi,self-government; autonomy,N2,n,1317810,,その教師は学生自治委員会の決定を支持した。,The teacher affirmed the decision of the student council.
592126446a,実感,じっかん,jikkan,"feelings (actual, true)",N2,n,1320920,,オーストラリアへ行って初めて、日本はなんと小さい国かと実感した。,I didn't realize till I visited Australia how small Japan really is.
b8aa097506,湿気,しっけ,shikke,moisture; humidity; dampness,N2,n,1320410,,夏はとても湿気が多いんです。,"In the summer, it's very humid."
bef1949982,しつこい,しつこい,shitsukoi,insistent; obstinate,N2,adj-i,1005550,,ここにしつこい痛みがあります。,I have a persistent pain here.
252580e3d6,実習,じっしゅう,jisshuu,practice; training,N2,n; vs; vt,1321200,,マンツーマンで指導して頂けたという点でも、非常に充実した実習になった。,Just getting one-to-one guidance was enough to make it an extremely fulfilling practise session.
b3dd7a37d3,実績,じっせき,jisseki,achievements; actual results,N2,n,1321240,,彼は実業家として良い実績をあげている。,He has a good record as a businessman.
73a68467f0,湿度,しつど,shitsudo,level of humidity,N2,n,1320490,,ニューヨークの天候は、夏は暑く湿度も高い。,New York weather is hot and humid in the summer.
99315b3aee,執筆,しっぴつ,shippitsu,writing,N2,n; vs; vt,1319710,,彼は小説の姉妹編を執筆中だ。,He is now writing a sister volume to his novel.
7b47b2fa7c,実物,じつぶつ,jitsubutsu,real thing; original,N2,n; adj-no,1321430,,あの彼の写真は実物より悪く撮れている。,That picture does not do justice to him.
dfa4dd57f0,しっぽ,しっぽ,shippo,tail (animal),N2,n,1358800,尻尾,その犬はしっぽを振っていた。,The dog was wagging his tail.
5a2539354a,実用,じつよう,jitsuyou,practical use; utility,N2,n,1321480,,そのような技術は多くの実用が可能であろう。,Such skills could be put to many practical uses.
5a25bbe9d4,実力,じつりょく,jitsuryoku,merit; efficiency; arms; force,N2,n,1321530,,けっきょく、実力が勝つ。,Real ability wins in the end.
344ec73c51,実例,じつれい,jitsurei,example; illustration,N2,n,1321560,,実例は教訓にまさる。,Example is better than precept.
e2aadd7839,失恋,しつれん,shitsuren,disappointed love; broken heart; unrequited love; be lovelorn,N2,n; vs; vi,1320250,,ジョージは失恋した。,George was broken-hearted.
202a506f55,指定,してい,shitei,designation; specification; assignment; pointing at,N2,n; vs; vt,1309910,,切符を申し込まれる際は代替日もご指定ください。,"When applying for tickets, please give alternative dates."
ba4823a59d,私鉄,してつ,shitetsu,private railway,N2,n,1311340,,,
2651b5bea1,児童,じどう,jidou,children; juvenile,N2,n,1315060,,その学校の児童はみんなその新しい先生になついた。,Every child in the school took to the new teacher.
8e07adc72b,縛る,しばる,shibaru,to tie; to bind,N2,v5r; vt,1476050,,どろぼうは手足を縛られた。,The thief was bound hand and foot.
0082c76475,地盤,じばん,jiban,(the) ground,N2,n,1421420,,,
fea2ab6e2e,しびれる,しびれる,shibireru,"to become numb; to go to sleep (i.e., a limb)",N2,v1; vi,1569620,痺れる,右手がしびれます。,My right hand is numb.
994a31701f,紙幣,しへい,shihei,paper money; notes; bills,N2,n,1311600,,５ポンド紙幣をお持ちですか。,Do you have a five-pound note?
ff3e20c269,しぼむ,しぼむ,shibomu,to wither; to fade (away); to shrivel; to wilt,N2,v5m; vi,1427460,萎む,花は切られるとすぐにしぼむ。,Flowers soon fade when they have been cut.
74cbfdc674,絞る,しぼる,shiboru,to press; to wring; to squeeze,N2,v5r; vt,1594520,,要点を絞って、決定を下しましょう。,Let's get down to brass tacks and make a decision.
79c90f4402,縞,しま,shima,stripe,N2,n; n-suf; adj-no,1321670,,あのグリーンの縞のシャツ、今洗濯してるん？,Is that green striped shirt in the wash?
6ab0c13e92,地味,じみ,jimi,plain; simple,N2,adj-na; n,1421490,,彼女は地味な色を好む。,She favors quiet colors.
1f52678a32,しみじみ,しみじみ,shimijimi,keenly; deeply; heartily,N2,adv; adv-to,1005610,,彼女の愛情がしみじみ胸にこたえた。,Her love touched my heart deeply.
f6e95ffedb,氏名,しめい,shimei,full name; identity,N2,n,1311060,,この封筒に住所・氏名を書きなさい。,Write your name and address on this envelope.
8e641697a9,締切,しめきり,shimekiri,closing; cut-off; end; deadline; Closed; No Entrance,N2,n,1594590,締め切り,私はいつも締め切りを守っている。,I always keep my deadlines.
8e6aa9eafb,締め切る,しめきる,shimekiru,to shut up,N2,v5r; vt,1594600,,ラスト・オーダーは締め切らせていただきました。,Last call!
761f5699eb,湿る,しめる,shimeru,to be wet; to become wet; to be damp,N2,v5r; vi,1320390,,洗濯物はまだ湿っている。,The washing is still damp.
57c138744d,ジャーナリスト,ジャーナリスト,jaanarisuto,journalist,N2,n,1064980,,そのジャーナリストはいわゆる国際人だ。,The journalist is what you call a cosmopolitan.
f17646bffa,社会科学,しゃかいかがく,shakaikagaku,social science,N2,n,1322720,,その大学の課程は自然科学と社会科学から成り立っている。,That university's curriculum covers natural science and social science.
0a07eb2de8,しゃがむ,しゃがむ,shagamu,to squat,N2,v5m; vi,1005630,,少し離れて見ると、その岩は人がしゃがんだ姿に見える。,"Seen at a distance, the rock looks like a squatting human figure."
0525f8593c,蛇口,じゃぐち,jaguchi,faucet; tap,N2,n,1323370,,この蛇口は使えません。故障しています。,You can't use this faucet. It's out of order.
a1700e2e42,弱点,じゃくてん,jakuten,weak point; weakness,N2,n,1324870,,数学は彼女の弱点です。,Mathematics is her weak point.
2a74ee18f9,車庫,しゃこ,shako,garage; car shed,N2,n,1323120,,私は車庫付きの家を借りた。,I rented a house with a garage.
602170393a,車掌,しゃしょう,shashou,(train) conductor,N2,n,1323170,,オレンジカードは車掌が販売している。,"""Orange Cards"" are available from the conductor."
01c6315e02,写生,しゃせい,shasei,sketching; drawing from nature,N2,n; vs; vt,1322120,,彼はりんごを写生した。,He sketched an apple.
c50a6711ac,社説,しゃせつ,shasetsu,editorial; leading article,N2,n,1322890,,今朝の新聞の社説を読みましたか。,Have you read the leading article in today's paper?
d1d2e93a7e,しゃっくり,しゃっくり,shakkuri,hiccough; hiccup,N2,n; vs; vi,1005650,吃逆,しゃっくりがよく出ます。,I hiccup a lot.
0c96de4f87,シャッター,シャッター,shattaa,shutter,N2,n,1061440,,シャッターを押してくれますか。,Could you press this button?
842986809c,しゃぶる,しゃぶる,shaburu,to suck; to chew,N2,v5r; vt,1005670,,あんなやつを信用したら骨までしゃぶられちゃうぞ。,"If you trust such a fellow, you'll lose everything you have."
2e60fca00c,車輪,しゃりん,sharin,(car) wheel,N2,n,1323280,,一輪車は車輪がひとつしかありません。,A unicycle has only one wheel.
f28cffe595,洒落,しゃれ,share,joke; pun; witticism,N2,n,1568640,,非常にうまい洒落だったので、満場爆笑した。,It was such a nice joke that everybody burst out laughing.
840d4d6a90,じゃんけん,じゃんけん,janken,rock-scissors-paper game,N2,n; vs; vi,1005970,じゃん拳,「じゃんけんね」「ぐー」「ちょ・・パー」「後出しかよ！」,"""Rock-paper-scissors, OK?"" ""Rock."" ""Sciss... paper."" ""You cheated!"""
e7815da48e,集会,しゅうかい,shuukai,meeting; assembly,N2,n; vs; vi,1333600,,集会は７時に解散した。,The meeting broke up at seven.
af4ec56b6b,住居,じゅうきょ,juukyo,dwelling; house; residence; address,N2,n; vs; vi,2841455,,彼はジャマイカに住居を構えた。,He took up residence in Jamaica.
50a9da1fbd,集金,しゅうきん,shuukin,money collection,N2,n; vs; vt; vi,1333620,,,
90d6ce8c2d,集合,しゅうごう,shuugou,gathering; assembly; meeting; set (math),N2,n; vs; vi,1333680,,隊長は部下に直ちに集合するように命令した。,The captain ordered his men to gather at once.
50ff1ec9f1,習字,しゅうじ,shuuji,penmanship,N2,n,1333110,,手本を見ながら習字をしました。,I practiced calligraphy by looking at examples.
d23b64e25c,修繕,しゅうぜん,shuuzen,repair; mending,N2,n; vs; vt,1332170,,この椅子は修繕する必要がある。,This chair is in want of repair.
b51c14eee8,重体,じゅうたい,juutai,seriously ill; serious condition; critical state,N2,n,1595360,,その患者は重態だ。,The patient is in critical condition.
de0c594c1b,じゅうたん,じゅうたん,juutan,carpet,N2,n,1595370,絨毯,猫はじゅうたんをひっかき始めた。,The cat started to scratch the carpet.
8ec94d8573,終点,しゅうてん,shuuten,terminus; last stop (e.g train),N2,n,1332950,,この線の終点はどこですか。,Where is the end of this line?
6ebaee5c4f,重点,じゅうてん,juuten,important point; lay stress on; colon; emphasis,N2,n,1336570,,このショーではロボットに重点がおかれている。,"In this show, the accent is on robots."
d5be746bde,就任,しゅうにん,shuunin,inauguration; assumption of office,N2,n; vs; vi,1331780,,彼は大統領に就任した。,He was inaugurated as President.
008afba684,周辺,しゅうへん,shuuhen,circumference; outskirts; environs; (computer) peripheral,N2,n; n-suf,1331300,,北極圏とは北極周辺の地域の事である。,The Arctic is the area round the North Pole.
f8ca233853,重役,じゅうやく,juuyaku,director; high executive,N2,n,1336770,,彼はどこかの会社の重役に違いない。,One must be an executive in some company.
780f916fa8,終了,しゅうりょう,shuuryou,end; close; termination,N2,n; vs; vt; vi,1333040,,会議はもう終了いたしました。,"The conference is already over, sir."
4c7d50b5bb,重量,じゅうりょう,juuryou,weight; heavyweight boxer,N2,n,1336900,,体積が大きいからといって常に重量も重いとは限らない。,Great bulk does not always mean great weight.
149aa63e77,重力,じゅうりょく,juuryoku,gravity,N2,n,1336980,,月の重力は地球の６分の１である。,The gravity of the moon is one-sixth of that of the earth.
b8ca72ea13,熟語,じゅくご,jukugo,idiom; idiomatic phrase; kanji compound,N2,n,1337830,,できるだけたくさん熟語を暗記しなさい。,Learn as many idioms as possible by heart.
b215f81bda,祝日,しゅくじつ,shukujitsu,national holiday,N2,n; adj-no,1337500,,その日は国会の法令によって祝日になった。,That day was made a holiday by an act of the diet.
dbb718ab22,縮小,しゅくしょう,shukushou,reduction; curtailment,N2,n; vs; vt; vi,1337630,,縮小コピーを撮ってくるよ。,I'm going to make reduced copies.
18b65422bb,受験,じゅけん,juken,taking an examination,N2,n; vs; vt,1329740,,受験したが失敗するだけだった。,I sat the exam only to fail it.
6ab2cd6a84,主語,しゅご,shugo,(gram) subject,N2,n,1325420,,文には普通、主語と動詞がある。,A sentence normally has a subject and a verb.
61b1422294,出勤,しゅっきん,shukkin,going to work; at work,N2,n; vs; vi,1338600,,朝食前に出勤するなんていかにも彼らしい。,It is characteristic of him to go to work before breakfast.
959f0678ac,述語,じゅつご,jutsugo,predicate,N2,n,1340840,,,
aac5075190,出張,しゅっちょう,shutchou,official tour; business trip,N2,n; vs; vi,1339660,,ロス出張をキャンセルしようかな。,I should cancel my L.A. trip.
772e03ca49,寿命,じゅみょう,jumyou,life span,N2,n,1330240,,彼の寿命は終わろうとしている。,His sands are running out.
a4da59bc6b,主役,しゅやく,shuyaku,leading part; leading actor (actress),N2,n; adj-no,1326290,,ケイトは映画で主役を演じる機会を与えられました。,Kate has been given an opportunity to play a major role in a movie.
e7254a71b1,受話器,じゅわき,juwaki,(telephone) receiver,N2,n,1330090,,彼は急いで受話器を置いた。,He put the phone down in haste.
d894086d17,循環,じゅんかん,junkan,circulation; rotation; cycle,N2,n; vs; vi,1341340,,血液は体内を循環する。,Blood circulates through the body.
4799d6a1c2,巡査,じゅんさ,junsa,police; policeman,N2,n,1342110,,すぐに巡査が呼びにやられた。,A policeman was sent for at once.
fb8a8984be,順々,じゅんじゅん,junjun,in order; in turn,N2,adv; n,1342230,,少年たちは順々にしゃべった。,All the boys spoke each in turn.
e4c2d40066,順序,じゅんじょ,junjo,order; sequence; procedure,N2,n,1342340,,まずご両親に話してみるのが順序というものだろう。,"First of all, you should talk it over with your parents."
fe1995963c,純情,じゅんじょう,junjou,pure heart; naivete; self-sacrificing devotion,N2,n; adj-na,1341910,,君って、意外に純情だね。,I'm surprised that you're so naïve.
2cd84ea8b4,純粋,じゅんすい,junsui,pure; true; genuine; unmixed,N2,adj-na; adj-no; n,1341930,,その子は純粋な心を持っていた。,The child had a pure heart.
cd88dd47e4,消化,しょうか,shouka,digestion,N2,n; vs; vt,1350140,,食物は胃の中で消化される。,Food is digested in the stomach.
56af2956cf,小学生,しょうがくせい,shougakusei,grade school student,N2,n,1347880,,彼らはそのころ小学生でした。,They were school children then.
001d99a6ea,しょうがない,しょうがない,shouganai,there's no (other) way,N2,exp; adj-i,1305510,,男の子のいたずらはしょうがない。,Boys will be boys.
1400d67422,将棋,しょうぎ,shougi,Japanese chess,N2,n,1347640,,いつ来てくださっても、将棋の相手をしますよ。,"No matter when you come, I'll play a game of Japanese chess with you."
bf39c2aae9,蒸気,じょうき,jouki,steam; vapour,N2,n,1356930,,そのエンジンは蒸気で動く。,The engine is driven by steam.
a272d2c2a2,定規,じょうぎ,jougi,(measuring) ruler,N2,n,1435520,,私は本を買い、彼は定規を買った。,I bought a book and he a ruler.
3b1ff7f0c5,上級,じょうきゅう,joukyuu,advanced level; high grade; senior,N2,n; adj-no,1352930,,この辞書は初級者に、いやそれどころか上級者にも役に立つ。,"This dictionary is useful to beginners, yes, and to advanced learners."
6f30a26ebe,商業,しょうぎょう,shougyou,commerce; trade; business,N2,n; adj-no,1346740,,英語は商業において役に立つ。,English is useful in commerce.
dc1d497810,消極的,しょうきょくてき,shoukyokuteki,passive,N2,adj-na,1350220,,警察が医療事故の立件に消極的だ。,The police are reluctant to pursue criminal charges in medical cases.
3dcf2b70c5,賞金,しょうきん,shoukin,prize; monetary award,N2,n,1351930,,協力者に対しては賞金が出ます。,You'll get a reward for your cooperation.
7a4cf36303,上下,じょうげ,jouge,high and low; up and down; unloading and loading; praising and blaming,N2,n,1352710,,彼は旗を上下に動かした。,He moved the flags up and down.
ebca1fdaa7,障子,しょうじ,shouji,paper sliding door,N2,n,1352090,,壁に耳あり障子に目あり。,"Walls have ears, shouji have eyes."
852e2ea46c,商社,しょうしゃ,shousha,trading company; firm,N2,n,1347080,,ニューヨークにはたくさんの商社がある。,There are many commercial firms in New York.
545014d791,乗車,じょうしゃ,jousha,taking a train; entraining,N2,n; vs; vi,1355270,,ご乗車ありがとうございます。,Welcome aboard!
d52725aae3,上旬,じょうじゅん,joujun,first 10 days of month,N2,n,1353410,,７月の上旬は、海に行くのは早いかな？,I wonder if the first week or so of July is too early to go to the beach.
93cb131fbe,小数,しょうすう,shousuu,fraction (part of); decimal,N2,n; adj-no,1348370,,次の分数を小数に直しなさい。,Convert the following fractions to decimals.
a6ad7ce8c8,生ずる,しょうずる,shouzuru,to cause; to arise; to be generated,N2,vz; vi,1378660,,この構成において、三角形の代わりに長方形を用いても類似の困難が生ずる。,We encounter similar difficulties when we substitute rectangles for triangles in this configuration.
4a7ef7501d,商店,しょうてん,shouten,shop; business firm,N2,n,1347180,,この地域は商店が多い。,There are many stores in this area.
f7b7058565,焦点,しょうてん,shouten,focus; point,N2,n,1350810,,話の焦点は内容に置かれている。,The focus of the talk is put on the content.
60a9dc46c6,消毒,しょうどく,shoudoku,disinfection; sterilization,N2,n; vs; vt,1350270,,,
dc0c86c6c1,勝敗,しょうはい,shouhai,victory or defeat; issue (of battle),N2,n,1346220,,勝敗は問題ではない。,It doesn't matter whether you win or not.
03e58ae420,蒸発,じょうはつ,jouhatsu,evaporation; unexplained disappearance,N2,n; vs; vi,1356960,,聞きましたわよ。ご両親が借金を残して蒸発したそうですわね。,"I've heard about it. Your parents disappeared, running out on their debt didn't they?"
7ad4368b60,賞品,しょうひん,shouhin,prize; trophy,N2,n,1351960,,先生はジョンに賞品を与えた。,The teacher gave John a prize.
23a732dae7,勝負,しょうぶ,shoubu,victory or defeat; match; contest; game; bout,N2,n; vs; vi,1346230,,ボブはスケートではきみといい勝負だ。,Bob is a good match for you in skating.
90d2b5236d,小便,しょうべん,shouben,(colloquial) urine; piss,N2,n; vs; vi,1580280,,「小便が琥珀色だと言われたら、脱水症状だ」,"""When they say your pee is amber-colored, that means you're dehydrated."""
2b906344b9,消防署,しょうぼうしょ,shoubousho,fire station,N2,n,1350370,,消防署に連絡してください。,Please call the fire department.
d371cee33f,正味,しょうみ,shoumi,net (weight),N2,n,1377980,,,
2502f0652f,正面,しょうめん,shoumen,the front; honesty,N2,n; adj-no; pref,1378030,,正面のドアは鍵がかかったままだった。,The front door remained locked.
7a39116c89,消耗,しょうもう,shoumou,exhaustion; consumption,N2,n; vs; vt; vi,1580310,,その男の子の世話で彼女は非常に精力を消耗する。,Taking care of the boy is a great drain on her energies.
43a186d0ec,省略,しょうりゃく,shouryaku,omission; abbreviation; abridgment,N2,n; vs; vt,1351120,,この句では前置詞を省略できる。,You can omit the preposition in this phrase.
9756805cd8,初級,しょきゅう,shokyuu,elementary level,N2,n; adj-no,1342710,,この辞書は初級者に、いやそれどころか上級者にも役に立つ。,"This dictionary is useful to beginners, yes, and to advanced learners."
93d1d2e9ef,助教授,じょきょうじゅ,jokyouju,assistant professor,N2,n,1344550,,私は教授です、いやもっと正確に言えば、助教授です。,"I'm a professor, or rather an associate professor, to be exact."
83034ee21a,食塩,しょくえん,shokuen,table salt,N2,n,1358410,,めんどうですが食塩をとっていただけませんか。,May I trouble you for the salt?
e86411a2e0,職人,しょくにん,shokunin,worker; mechanic; artisan; craftsman,N2,n,1357550,,私はその職人がとても腕がよいと分かった。,I found the workman very good.
e76bcb6926,初旬,しょじゅん,shojun,first 10 days of the month,N2,adv; n,1342820,,,
5cf2c92338,書籍,しょせき,shoseki,book; publication,N2,n,1344090,,ここのところ書籍の価格が上がっている。,The price of books is getting higher these days.
ace0d91c72,食器,しょっき,shokki,tableware,N2,n,1358430,,弟は銀の食器類を磨いた。,My brother polished the silver.
8fd116856f,ショップ,ショップ,shoppu,a shop,N2,n,1062820,,一番近いアンティークショップはどこにあるか教えていただけますか。,Can you tell me where the nearest antique shop is?
be7febc64a,書店,しょてん,shoten,bookshop,N2,n,1344120,,書店で手に入ります。,You can get it at a bookstore.
eddf7e2d4e,書道,しょどう,shodou,calligraphy,N2,n,1344130,,書道を習うのは楽しい。,Learning calligraphy is fun.
5fdec08677,白髪,しらが,shiraga,white or grey hair; trendy hair bleaching,N2,n; adj-no,1583050,,父の髪は白髪交じりになった。,My father's hair has become streaked with gray.
b8fdf48b47,知り合い,しりあい,shiriai,acquaintance,N2,n,1595070,,どこで彼女と知り合いになったのか。,Where did you get to know her?
9ad41551a9,シリーズ,シリーズ,shiriizu,series,N2,n,1062910,,その人気テレビシリーズが発端となって、秋には二つのショー番組が誕生することになっている。,That popular television series is going to spin off two new shows in the fall.
8dfe67b16a,私立,しりつ,shiritsu,private (establishment),N2,n; adj-no,1311420,,私立の学校はどういう感じですか。,How is it in a private school?
3adb9ea016,資料,しりょう,shiryou,materials; data,N2,n,1312820,,新しい資料をお送りください。,Please send us more information.
9b34e5636e,汁,しる,shiru,juice; sap; soup; broth,N2,n; n-suf,1335520,,彼女は御茶にレモンの汁をたらした。,She dropped lemon juice into her tea.
607a46e623,素人,しろうと,shirouto,amateur; novice,N2,n,1397270,,法律用語の大半は素人にはわかりにくい。,Much legal language is obscure to a layman.
05fd834bdb,芯,しん,shin,core; heart; wick; marrow,N2,n,1595120,,私は体の芯まで冷え切った。,I was frozen to the bone.
817a8e8089,新幹線,しんかんせん,shinkansen,bullet train (very high speed); shinkansen,N2,n,1361590,,新しい新幹線の速いこと！,How fast the new Shinkansen goes!
a210fab631,真空,しんくう,shinkuu,vacuum; hollow; empty,N2,n,1363600,,その実験には真空が必要だ。,For that experiment they need a complete vacuum.
5fd476cf4e,心身,しんしん,shinshin,mind and body,N2,n; adj-no,1360750,,彼は心身ともに健康だ。,He is sound in both mind and body.
3d4e50f775,信ずる,しんずる,shinzuru,to believe; to believe in; to place trust in,N2,vz; vt,1359070,,見ることは信ずることなり。,Seeing is believing.
ced0ddb80e,申請,しんせい,shinsei,application; request; petition,N2,n; vs; vt,1363130,,もうパスポートを申請しましたか。,Have you applied for a passport yet?
4baeaa31c0,人造,じんぞう,jinzou,man-made; synthetic; artificial,N2,n; adj-no,1368580,,これらの真珠は人造ではなく本物です。,"These pearls are genuine, not artificial."
e1f1434b63,寝台,しんだい,shindai,bed; couch,N2,n,1580570,,彼は、寝台の長さを測った。,He measured the length of the bed.
564d959643,診断,しんだん,shindan,diagnosis,N2,n; vs; vt,1365480,,その女性は一人一人を注意深く診断している。,She'll diagnose each person carefully.
2e69bd6862,侵入,しんにゅう,shinnyuu,penetration; invasion; raid; aggression; trespass,N2,n; vs; vi,1359850,,泥棒はその家に窓から侵入した。,The burglar gained access to the house through a window.
ef02a97b60,人文科学,じんぶんかがく,jinbunkagaku,social sciences; humanities,N2,n,1369140,,歴史学は人文科学の一部門である。,History is a branch of the humanities.
4ae649a9ef,人命,じんめい,jinmei,(human) life,N2,n,1369400,,その勝利は多数の人命を犠牲にしてかちとられた。,The victory was won at the cost of many lives.
7ce9d61e4c,深夜,しんや,shin'ya,late at night,N2,n; adv,1362810,,深夜テレビでカウボーイの映画を見ましたか。,Did you see the cowboy film on TV last night?
ddca1b1da0,森林,しんりん,shinrin,forest; woods,N2,n; adj-no,1362530,,その国は森林でおおわれている。,The land is clothed with woods.
c448158575,親類,しんるい,shinrui,relation; kin,N2,n,1365420,,彼は親類の者と意見が合わない。,He disagrees with his relatives.
930ef80781,針路,しんろ,shinro,course; direction; compass bearing,N2,n,1366280,,,
b859574f86,神話,しんわ,shinwa,myth; legend,N2,n,1364940,,どの民族も独自の神話を持っている。,Every nation has its own myths.
e629f38882,酢,す,su,vinegar,N2,n,1370270,,酢はすっぱい味がする。,Vinegar has a sharp taste.
c596d41666,水産,すいさん,suisan,marine products; fisheries,N2,n,1609990,,,
1478d092fe,炊事,すいじ,suiji,cooking; culinary arts,N2,n; vs; vi,1372350,,私は炊事が全然できない。,I'm all thumbs in the kitchen.
e5bc9f56c0,水蒸気,すいじょうき,suijouki,water vapour; steam,N2,n,1371660,,熱は水を水蒸気に変える。,Heat turns water into steam.
59d84a5ff9,水素,すいそ,suiso,hydrogen,N2,n,1371780,,酸素と水素から水ができる。,Oxygen and hydrogen make water.
e1591c0003,垂直,すいちょく,suichoku,vertical; perpendicular,N2,adj-na; adj-no; n,1370980,,ヘリコプターは垂直に離陸し、着陸することができる。,A helicopter is able to take off and land straight up and down.
97bf2f7547,推定,すいてい,suitei,presumption; assumption; estimation,N2,n; vs; vt; adj-no,1371210,,彼の死は事故だとする君の推定は間違っているようだ。,Your assumption that his death was an accident seems to be wrong.
23d700213f,水滴,すいてき,suiteki,drop of water,N2,n,1371880,,気密性でない窓ならば、水滴ができるだろう。,"If your windows are not airtight, moisture will seep in."
33d5d9895b,水筒,すいとう,suitou,canteen; flask; water bottle,N2,n,1371910,,水筒にはほとんど水が残っていない。,There is little water left in the canteen.
3a3de4c3fe,随筆,ずいひつ,zuihitsu,essays; miscellaneous writings,N2,n,1372790,,この随筆は一個の旅行かばんについてのものです。,This essay is about a piece of luggage.
841aaee779,水分,すいぶん,suibun,moisture,N2,n,1372010,,水分をたくさん取ってください。,You should drink a lot of liquid.
ec0bba0a33,水平,すいへい,suihei,water level; horizon,N2,adj-na; adj-no; n,1372040,,水は水平になろうとする。,Water tries to find its own level.
9a583397de,水平線,すいへいせん,suiheisen,horizon,N2,n,1372060,,太陽が水平線の下に沈んだ。,The sun sank below the horizon.
8966975727,水曜,すいよう,suiyou,Wednesday,N2,n,1372180,,あなたからご都合が悪いというお知らせがなければ水曜の夕方に参ります。,I will come on Wednesday evening unless I hear from you to the contrary.
e85f343bd9,ずうずうしい,ずうずうしい,zuuzuushii,impudent; shameless,N2,adj-i,1595940,図々しい,よくずうずうしくそんな事が言えるね。,How dare you say such a thing!
d41d1a3e3a,ずうっと,ずうっと,zuutto,continuously; the whole time; all the way; throughout,N2,adv,1006380,,,
4d20c70c47,末っ子,すえっこ,suekko,youngest child,N2,n,1584380,,私は末っ子です。,I'm the youngest in the family.
1e16b1d46a,スカーフ,スカーフ,sukaafu,scarf,N2,n,1067480,,このスカーフは手触りが柔らかくてすべすべしている。,This scarf feels soft and smooth.
baa0ac6a03,図鑑,ずかん,zukan,picture book,N2,n,1370370,,昔は、平気で昆虫触れたのに、今は、図鑑を見るだけでもだめ。,"When I was a kid, touching bugs didn't bother me a bit. Now I can hardly stand looking at pictures of them."
88a032d58a,杉,すぎ,sugi,Japanese cedar,N2,n,1373520,,昔そこにはスギの大木があった。,There used to be a large cedar tree there.
ca55cc7ec9,好き嫌い,すききらい,sukikirai,likes and dislikes; taste,N2,n,1277460,,好き嫌い言わないで全部食べなさい。,You shouldn't be so picky about food.
54ac1c7086,好き好き,すきずき,sukizuki,matter of taste,N2,n,1595570,,音楽の好みは人によって好きずきです。,Music preferences vary from person to person.
77b5555301,透き通る,すきとおる,sukitooru,to be(come) transparent,N2,v5r; vi,1450510,,,
172c14a0d6,隙間,すきま,sukima,crevice; crack; gap; opening,N2,n,1253790,,歯が抜けて隙間が空いていた。,His teeth had gaps.
3097d585c3,スクール,スクール,sukuuru,school,N2,n,1068230,,人物画を描けるスクールを探しています。,I'm looking for a school where I can paint portraits.
ab4a133262,すくなくとも,すくなくとも,sukunakutomo,at least,N2,adv,1595610,少なくとも,私は、少なくとも１０冊の本を持っている。,I have at least ten books.
ae0de59adb,図形,ずけい,zukei,figure,N2,n,1370380,,この線を軸にして図形を回転してください。,Please take this line as the axis and rotate the figure around it.
07f5677ad2,スケジュール,スケジュール,sukejuuru,schedule,N2,n,1068870,,電車はスケジュール通りに駅を出た。,The train left the station on time.
6f9035b499,鈴,すず,suzu,bell,N2,n,1557580,,だれがその猫に鈴をつけられるか。,Who can put a bell on the cat?
dd987bef55,涼む,すずむ,suzumu,to cool oneself; to cool off; to enjoy evening cool,N2,v5m; vi,1554380,,ここは風通しが良くて、涼むにはもってこいの場所なんだ。,It's well-ventilated and an ideal place to cool down.
32043b1abb,スタート,スタート,sutaato,start,N2,n; vs; vt; vi,1069370,,子供らは二人一組になったスタートした。,The children started in pairs.
d0522fe2ab,スチュワーデス,スチュワーデス,suchuwaadesu,stewardess,N2,n,1070220,,日本語を話すスチュワーデスはいるか。,Is there a Japanese-speaking stewardess?
3d04400545,すっきり,すっきり,sukkiri,shapely; clear; neat,N2,adv; adv-to; vs,1006120,,それからすっきりきれいにしてくれ。,Then clean it really well.
56b91d068d,すっぱい,すっぱい,suppai,sour; acid,N2,adj-i,1304280,酸っぱい,すっぱい木においしい林檎はならない。,No good apple on a sour stock.
4f7250c237,ステージ,ステージ,suteeji,stage; performance,N2,n,1070320,,ジョンはステージの上で「イマジン」を歌った。,"John sang ""Imagine"" on the stage."
5610f4c4d8,ストッキング,ストッキング,sutokkingu,stockings,N2,n,1071000,,このストッキングはとても高い。,These stockings are very dear.
2b05e758a4,ストップ,ストップ,sutoppu,stop,N2,n; vs; vt; vi,1071100,,厳しい資金不足で計画はストップしている。,An acute lack of funds is holding up the plan.
4c23dad704,素直,すなお,sunao,obedient; meek; docile; unaffected,N2,adj-na; n,1397340,,どうしてあなたって素直じゃないの？,Why can't you take things just as they are?
736625f56c,頭脳,ずのう,zunou,head; brains; intellect,N2,n,1450900,,二人の頭脳は一人の頭脳に勝る。,Two heads are better than one.
9ece254a41,スピーカー,スピーカー,supiikaa,speaker,N2,n,1072240,,おかしいな、スピーカーがガーガーいってるよ。,That's funny. The speaker is crackling.
4499fa51cf,図表,ずひょう,zuhyou,chart; diagram; graph,N2,n; adj-no,1370490,,図表２を見ると、これらの貿易サイクルのいくつかは非常に短期のものであることが判明する。,A glance at Chart 2 will reveal that some of these trade cycles are very short-lived.
4a9610bf0b,スマート,スマート,sumaato,smart; stylish; slim,N2,adj-na,1073570,,あんなドレスが着られたらいいんだけど。もっとスマートにならなくちゃ。,I'd love to be able to wear a dress like that. But I'll have to lose some weight first.
103a7a3ad9,住まい,すまい,sumai,dwelling; house; residence; address,N2,n,1595750,,ところで、お住まいはどちらですか。,"By the way, where do you live?"
55f0256479,すまない,すまない,sumanai,sorry (phrase),N2,adj-i,1610020,済まない,待たせてすまなかったな。,I am sorry to have kept you waiting.
3db08b983b,墨,すみ,sumi,ink,N2,n,1521510,,墨を染料として使うと面白い模様ができます。,India ink produces an interesting pattern when used as a dye.
d56c12fa19,澄む,すむ,sumu,to clear (e.g. weather); to become transparent,N2,v5m; vi,1373680,,水が底まで澄んでいる。,The water is clear to the bottom.
aac375dbab,清む,すむ,sumu,"to become clear (water, air, etc.); to become transparent",N2,v5m; vi,1373680,,水が底まで澄んでいる。,The water is clear to the bottom.
0fcdbb8d5f,相撲,すもう,sumou,sumo wrestling,N2,n,1401360,,ここでは私は議論を、なぜ相撲の好きな外国人が多いか、に限定したい。,"Here, I'll confine this discussion to why many foreigners enjoy sumo."
1fca295d01,スライド,スライド,suraido,slide,N2,n,1073760,,彼はそのスライドを顕微鏡で見た。,He looked at the slide under the microscope.
c55109ac27,ずらす,ずらす,zurasu,to put off; to delay,N2,v5s; vt,1006420,,ちょっと椅子をずらしてくれない？,Could you move the chair a bit?
40e9454453,ずらり,ずらり,zurari,in a row; in a line,N2,adv-to; adv,2008600,,玄関に靴がずらりと並んでいたな。,Shoes were lined up in the doorway.
f3d6da3eed,刷る,する,suru,to print,N2,v5r; vt,1298670,,私達は招待状を５０通刷りました。,We ran off 50 copies of the invitation.
94fac8560c,ずるい,ずるい,zurui,sly; cunning,N2,adj-i,1569240,狡い,狐は他のどんな動物よりもずるいということだ。,It is said that the fox is more cunning than any other animal.
10cea4e1dc,すれちがう,すれちがう,surechigau,to pass by one another; to disagree,N2,v5u; vi,1595920,すれ違う,きのう銀座でロバートとすれ違ったよ。,Yesterday I nearly ran into Robert in Ginza.
67d18b4d8e,ずれる,ずれる,zureru,to slide; to slip off; to deviate; to be out of alignment,N2,v1; vi,1006460,,ピントがズレている。,That's a little out of focus.
afeacab67a,寸法,すんぽう,sunpou,measurement; size; dimension,N2,n,1373810,,あなたの寸法を計るのを許して下さい。,Please allow me to measure you.
3dbf078a11,姓,せい,sei,surname; family name,N2,n,1375190,,あなたの姓はどう発音するのですか。,How do you pronounce your last name?
1d44c2d962,税関,ぜいかん,zeikan,customs house,N2,n,1382090,,税関では長い列が出来ているだろう。,There will be long lines at the Customs.
c8b2b3cf19,制作,せいさく,seisaku,"work (film, book)",N2,n; vs; vt,1374810,,彼の次の制作は非常に意欲的なミュージカルだった。,His next production was a very ambitious musical.
3dd9173551,製作,せいさく,seisaku,manufacture; production,N2,n; vs; vt,1380650,,この工場では自動車の部品を製作している。,This factory manufactures automobile parts.
4ec440ca2b,性質,せいしつ,seishitsu,nature; property; disposition,N2,n,1375390,,彼は性質が頑固だ。,He is obstinate in disposition.
dbd84cdab0,清書,せいしょ,seisho,clean copy,N2,n; vs; vt,1378240,,作文を清書する必要はありません。,You don't have to write out a clean copy of your composition.
f3b92fda4b,青少年,せいしょうねん,seishounen,youth; young person,N2,n,1381570,,私には青少年の心理がわからない。,I can not understand the psychology of adolescents.
227cc6a89a,整数,せいすう,seisuu,integer,N2,n,1376190,,,
63e012c794,清掃,せいそう,seisou,cleaning,N2,n; vs; vt,1378320,,美術館の東の陳列棟は清掃のため閉鎖されていた。,The museum's eastern gallery was closed for cleaning.
bcd62b733c,生存,せいぞん,seizon,existence; being; survival,N2,n; vs; vi,1379230,,いかなる動物も、植物なしでは生存できない。,No animal can exist without plants.
91e86d0aa5,生長,せいちょう,seichou,growth; increment,N2,n; vs; vi,1379370,,植物の生長と生産性は、気温と湿度が作り出す入り組んだ関係に敏感に反応する。,Plant growth and productivity react sharply to a complex combination of temperature and moisture.
f81222045a,政党,せいとう,seitou,(member of) political party,N2,n,1376060,,２つのグループが団結して１つの政党になった。,Two groups united to form a party.
55527ab494,生年月日,せいねんがっぴ,seinengappi,birth date,N2,n,1379410,,生年月日は１９６０年２月１４日です。,"I was born on February 14, 1960."
909e6bb3f1,性能,せいのう,seinou,ability; efficiency,N2,n,1375470,,この車はあの車より性能がよい。,This car has a better performance than that one.
c99bd9459c,整備,せいび,seibi,adjustment; completion; consolidation,N2,n; vs; vt,1376240,,彼は自分の車をよく整備している。,He maintains his car well.
649455971d,成分,せいぶん,seibun,ingredient; component; composition,N2,n,1375860,,子宮内の羊水は、海水とほぼ同じ成分だそうです。,They say amniotic fluid has roughly the same composition as sea water.
d46254efba,性別,せいべつ,seibetsu,distinction by sex; sex; gender,N2,n,1375520,,国籍や性別または職業などで人を差別してはいけない。,"Don't discriminate against people based on nationality, gender, or occupation."
56ed867118,正方形,せいほうけい,seihoukei,square,N2,n; adj-no,1377920,,正方形は４つの同じ長さの辺をもつ。,A square has four equal sides.
bb1d4f2a63,正門,せいもん,seimon,main gate; main entrance,N2,n,1378100,,車が正門のところへきて止まった。,A car drew up at the main gate.
b872b4bcb0,成立,せいりつ,seiritsu,coming into existence; arrangements; establishment; completion,N2,n; vs; vi,1375880,,新しい法が成立した。,A new law has come into existence.
9714cc8a70,西暦,せいれき,seireki,Christian Era; anno domini (A.D.),N2,n,1381140,,昭和１０年は西暦１９３５年です。,The 10th year of Showa is 1935 in the Western calendar.
5e3dfc6ff1,背負う,せおう,seou,to be burdened with; to carry on back or shoulder,N2,v5u; vt,1472860,,彼女は背中にリュックサックを背おっている。,She is carrying a backpack on her back.
191d9697e6,赤道,せきどう,sekidou,equator,N2,n,1383560,,船は今夜赤道を越すだろう。,The ship will cross the equator tonight.
e482b08f7b,折角,せっかく,sekkaku,with trouble; at great pains; long-awaited,N2,adv; n,1596090,,せっかく骨を折ったのに、彼は失敗した。,He has failed after all his labors.
c4861afd31,接近,せっきん,sekkin,getting closer; drawing nearer; approaching,N2,n; vs; vi,1385370,,飛行機はニューヨークに接近している。,The plane is approaching New York.
018b71a3e2,石鹸,せっけん,sekken,soap,N2,n,1382590,,ひげをそる前に石けんをつける。,I lather my face before shaving.
dbfcfa67f5,接する,せっする,sessuru,to come in contact with; to connect; to attend; to receive,N2,vs-s; vi,1385350,,もっと思いやりをもって接してやらないといけませんよ。,You must treat them with more consideration.
0011c40f28,せっせと,せっせと,sesseto,diligently; assiduously; industriously; beavering away,N2,adv,2008620,,彼女はせっせと編み物に精を出していた。,She was busy with her knitting.
50810e22cf,接続,せつぞく,setsuzoku,connection; union; join; link; changing trains,N2,n; vs; vt; vi,1385480,,インターネットの接続が遮断された。,My internet connection was cut off.
c6c6f28738,瀬戸物,せともの,setomono,earthenware; crockery; china,N2,n,1374400,,その店は瀬戸物を使っている。,The store carries earthenware.
44ac40ea81,ぜひとも,ぜひとも,zehitomo,by all means (with sense of not taking no for an answer),N2,adv,1610700,是非とも,あなたの迅速な返事が是非とも必要です。,Your prompt reply is urgently required.
102e6b2f3d,迫る,せまる,semaru,to draw near; to press,N2,v5r; vi,1475720,,彼はしつこく退職を迫られました。,He was hounded into quitting.
a6db149a73,ゼミ,ゼミ,zemi,seminar,N2,n,1075160,,,
5b1670aea6,せめて,せめて,semete,offense; method of attack,N2,n,1675160,,せめて日常会話ができるくらいになりたい。,"At the very least, I'd like to be able to have everyday conversations."
6f7f0e1422,攻める,せめる,semeru,to attack; to assault,N2,v1; vt,1279130,,彼は私にその問題をいかに攻めるべきかについて教えてくれた。,He enlightened me on how I should attack the subject.
e2a46f8f00,セメント,セメント,semento,cement,N2,n,1074740,,石の塊はセメントで接合された。,The blocks of stone were jointed with cement.
3b1eafd858,栓,せん,sen,stopper; cork; stopcock,N2,n,1956550,,シャンパンの栓がぽんと音を立ててとんだ。,The champagne cork popped out.
bf49440897,前後,ぜんご,zengo,around; throughout; front and back; before and behind; before and after,N2,n,1392910,,彼は首を前後に振りました。,He shook his head back and forth.
b749687d68,洗剤,せんざい,senzai,detergent; washing material,N2,n,1390950,,誤って洗剤を飲んでしまいました。,He swallowed detergent by mistake.
7b15a55572,全集,ぜんしゅう,zenshuu,complete works,N2,n; n-suf,1395340,,この全集の５巻目が見当たらない。,The fifth volume of this set is missing.
df22519063,全身,ぜんしん,zenshin,the whole body; full-length (portrait),N2,n; adj-no,1395410,,彼女は全身ずぶぬれだった。,She was soaked from head to foot.
d222155dec,扇子,せんす,sensu,folding fan,N2,n,1390730,,犬が腕時計と扇子を食った。,The dog ate a watch and a Japanese fan.
0fa9e7a905,専制,せんせい,sensei,despotism; autocracy,N2,n; vs; adj-no,1389810,,,
593c30194c,先々月,せんせんげつ,sensengetsu,month before last,N2,n; adv,1596200,先先月,,
f84b3f5e35,先々週,せんせんしゅう,sensenshuu,week before last,N2,n; adv,1888910,先先週,,
f013a0a48d,先祖,せんぞ,senzo,ancestor,N2,n,1388030,,ある出来事を記念したり先祖の伝説を伝えるために建てられたものであった。,They were erected to commemorate a certain event or to tell an ancestral legend.
7864bfeb34,先端,せんたん,sentan,pointed end; tip; fine point,N2,n,1388110,,彼女は先端を行っています。,She is on the cutting edge.
cfadc86524,センチ,センチ,senchi,centimeter; centi-; 10^-2,N2,n,1075060,,１メートルは１００センチである。,A metre is 100 centimetres.
5a52759eec,宣伝,せんでん,senden,propaganda; publicity,N2,n; vs; vt,1389730,,その商品はテレビで宣伝されている。,The goods are advertised on TV.
669b5f080c,先頭,せんとう,sentou,head; lead; vanguard; first,N2,n,1596210,,さあ出発しよう。君先頭を行きなさい。,"Let's start now, and you go first."
edb85f7f58,全般,ぜんぱん,zenpan,(the) whole; universal; wholly; general,N2,n-suf,1396020,,そのことは人間全般に言える。,That can be said of mankind at large.
bc2ada9b5a,扇風機,せんぷうき,senpuuki,electric fan,N2,n,1390760,,暑かったので扇風機をつけた。,"Feeling hot, I turned on the fan."
018cb37372,線路,せんろ,senro,line; track; roadbed,N2,n,1391880,,ポーターはしばしば線路を歩いて渡らなければならない。,Porters often have to walk across the tracks.
8b9f651fdb,相違,そうい,soui,difference; discrepancy; variation,N2,n; vs; vi,1400820,,両者の間には、あったとしても、相違はごくわずかである。,"There is little, if any, difference between the two."
966b2f8873,そういえば,そういえば,souieba,which reminds me ..,N2,exp,1982210,,そういえば、確かに太郎を見かけました。,"Come to think of it, I did see Taro."
850c31cdbc,雑巾,ぞうきん,zoukin,house-cloth; dust cloth,N2,n,1299370,,ぬれたぞうきんで窓をふきなさい。,Clean the window with a damp cloth.
47aa3660ee,増減,ぞうげん,zougen,increase and decrease; fluctuation,N2,n; vs; vt; vi,1403200,,この数年、体重は増減していません。,My weight has not increased or decreased for several years.
d4a0853377,倉庫,そうこ,souko,storehouse; warehouse; godown,N2,n,1399120,,彼は倉庫の警備員として仕事をしている。,He is working as a security guard at a warehouse.
434ce23ca6,相互,そうご,sougo,mutual; reciprocal,N2,n; adj-no,1596370,,それは相互理解の欠如がもとになっていると思う。,I think that is based on a lack of mutual understanding.
a26800f569,創作,そうさく,sousaku,production; literary creation; work,N2,n; vs; vt,1398420,,この画家は美しい絵画を創作する。,This artist creates beautiful paintings.
875ea64454,葬式,そうしき,soushiki,funeral,N2,n,1402160,,１月３０日、３１日は葬式のため休みます。,I'm taking bereavement leave on Jan. 30 and 31.
20c36b34c7,造船,ぞうせん,zousen,shipbuilding,N2,n; vs; vi,1403720,,,
4c3ba8dcca,騒々しい,そうぞうしい,souzoushii,noisy; boisterous,N2,adj-i,1596440,,私は騒々しいクラスで声が通らなかった。,I couldn't make myself heard in the noisy class.
d28bc6fbd2,増大,ぞうだい,zoudai,enlargement,N2,n; vs; vt; vi,1403310,,貿易が国富を増大させた。,Trade increased the country's wealth.
07f0baa471,そうっと,そうっと,soutto,softly; gently; quietly; lightly,N2,adv,1006810,,赤ちゃんの目を覚まさないように、そうっと歩いた。,I walked softly for fear of waking the baby.
acbd523fe5,送別,そうべつ,soubetsu,farewell; send-off,N2,n; vs; vt; adj-no,1402850,,雪のため、鈴木氏の送別パーティーに出席できなかった。,The storm prevented me from attending the farewell party in honor of Mr Suzuki.
514bf3a4fb,草履,ぞうり,zouri,zoori (Japanese footwear); sandals,N2,n,1402060,,草履、忘れた。,I forgot my sandals.
b65f34f69e,総理大臣,そうりだいじん,souridaijin,Prime Minister,N2,n,1401820,,総理大臣が辞任した。,The Prime Minister has resigned.
1f4b2dd59b,送料,そうりょう,souryou,postage; carriage,N2,n,1402870,,もしも無料でなければ、カタログの価格と日本までの送料をお教えください。,"If they are not free, please let me know how much the catalogue and the postage to Japan are."
b5a34bdf96,属する,ぞくする,zokusuru,to belong to; to come under; to be affiliated with; to be subject to,N2,vs-s; vi,1405710,,彼女はテニス部に属している。,She belongs to the tennis club.
ba0d84c5de,続々,ぞくぞく,zokuzoku,successively; one after another,N2,adv; adv-to,1596730,,劇場から続々と人が出てきた。,A stream of people came out of the theater.
50254cf4e0,速達,そくたつ,sokutatsu,express; special delivery,N2,n; vs; vt,1405030,,これを速達で出してください。,Send this by special delivery.
2712ebe7c9,測定,そくてい,sokutei,measurement,N2,n; vs; vt,1404570,,測定においては正確さは欠かせないものである。,Precision in measurement is a necessity.
ccd2c2a8bf,測量,そくりょう,sokuryou,measurement; surveying,N2,n; vs; vt,1404590,,英国の測量法では４クオートは１ガロンだ。,"In the imperial measurement system, four quarts equals one gallon."
944327c467,速力,そくりょく,sokuryoku,speed,N2,n,1405080,,,
5880c88977,素質,そしつ,soshitsu,character; qualities; genius,N2,n,1397240,,私は優れた彼の妻になる素質がある。,I make an excellent wife for him.
5c5886d7ab,祖先,そせん,sosen,ancestor,N2,n,1396820,,私たちは祖先をうやまうべきだ。,We should worship our ancestors.
832c092cc8,そそっかしい,そそっかしい,sosokkashii,careless; thoughtless,N2,adj-i,1006740,,バスに傘を忘れるとは彼女はそそっかしい。,It was careless of her to leave her umbrella in the bus.
6e9b4bc52c,率直,そっちょく,sotchoku,frankness; candour; openheartedness,N2,adj-na; n,1596570,卒直,あなたの率直な意見が聞きたいのです。,I would like to hear your honest opinion.
ee82459309,そのうえ,そのうえ,sonoue,in addition; furthermore,N2,conj; n; adv,1006880,その上,その上さらに５ドル払った。,I paid five dollars in addition.
35ac47806f,そのころ,そのころ,sonokoro,at that time; in those days; at that moment; then,N2,exp; n; adj-no,2547920,,そのころ彼はいつも飲んでばかりいた。,He was always drinking in those days.
d11bb9a972,そのため,そのため,sonotame,hence; for that reason,N2,exp,1006850,その為,そのため、派遣労働者は劣悪な労働条件の下で働いている。,"For that reason, temporary workers are working under inferior conditions."
84fe109bdf,そのほか,そのほか,sonohoka,otherwise,N2,exp; n; adj-no,1006900,その外,私はその他の計画を思い付かない。,I can't think of any other plan.
5f30ae15e7,蕎麦,そば,soba,soba (buckwheat noodles),N2,n,1238460,,すぐそこでそばを立ち食いしてきた。,I had a bowl of noodles at a street nearby.
31df50f399,剃る,そる,soru,to shave,N2,v5r; vt,1581900,,お父さんがバスルームでひげを剃っている。,Dad is shaving in the bathroom.
259d5a49a9,反る,そる,soru,to warp; to be warped; to curve,N2,v5r; vi,1480170,,,
033919f239,それなのに,それなのに,sorenanoni,and yet; despite this; but even so; but even then,N2,conj,2055520,,彼は若い、それなのに分別がある。,"He is young, and yet he is prudent."
a29550babf,逸れる,それる,soreru,to stray (turn) from subject; to get lost; to go astray,N2,v1; vi,1576360,,本題からそれないようにしましょう。,Let's not deviate from the subject.
1e7604b6ba,揃う,そろう,sorou,to become complete; to be equal; to be all present; to gather,N2,v5u; vi,1406110,,この手袋は両方がそろっていない。,Their gloves are not in pairs.
b64bdd0f95,揃える,そろえる,soroeru,to put things in order; to arrange; to make uniform; to get something ready,N2,v1; vt,1406120,,そのアパートはビクトリア朝風の家具を揃えてあった。,The apartment was furnished in the Victorian style.
fa1efb5872,算盤,そろばん,soroban,abacus,N2,n,1596700,,算盤とは日本のアバカスのことだ。,"A ""soroban"" is a type of Japanese abacus."
562d25e8d9,存じる,ぞんじる,zonjiru,(humble) to know,N2,v1; vt,1406140,,いっこうに存じません。,I know nothing about it.
70d89907ac,存ずる,ぞんずる,zonzuru,to know; to be aware (of); to be acquainted (with),N2,vz; vt,1983710,,こちらが考えられるデザインとなります。ご検討いただきたく存じます。,We have submitted these possible designs for your consideration.
efc3e4fab9,損得,そんとく,sontoku,loss and gain; advantage and disadvantage,N2,n,1406770,,損得なしにしよう。,Let's make it a fair trade.
eda767b81b,タイア,タイア,taia,tire; tyre,N2,n,1076120,,,
7060eefe03,だいいち,だいいち,daiichi,first; foremost,N2,adj-no; n,1415270,第一,まず、第一に名前を書きなさい。,"Write your name, first of all."
1d147ab185,大学院,だいがくいん,daigakuin,graduate school,N2,n,1413250,,大学院に進学するつもりです。,I'm planning to go to graduate school.
68ab7ff29a,大工,だいく,daiku,carpenter,N2,n,1413690,,私のおじいちゃんは大工です。,My grandfather is a carpenter.
0632807791,体系,たいけい,taikei,system; organization,N2,n; n-suf,1409390,,彼らはその体系を大変な思索と労力を費やして仕上げた。,They worked out the system with much thought and labor.
9490de4029,太鼓,たいこ,taiko,drum; tambourine,N2,n; adj-no,1408280,,彼らは太鼓をずっとたたき続けた。,They had been thumping the drum all along.
8ed647d742,対策,たいさく,taisaku,counter-plan; counter-measure,N2,n,1410050,,これは有効な犯罪防止対策だ。,This is an effective remedy for crime.
415ca8e1aa,大して,たいして,taishite,(not so) much; (not) very,N2,adv,1412970,,彼は大して妻の話し相手にはならない。,He is not much of a companion for his wife.
89b4c07147,対照,たいしょう,taishou,contrast; antithesis; comparison,N2,n; vs; vt,1410080,,赤は青と美しい対照をなす。,Red contrasts well with blue.
dbb7b4bbd4,大小,だいしょう,daishou,size,N2,n,1414110,,道路上の大小の石に気をつけなさい。,Watch out for big and small stones on the road!
f3ca36a754,体制,たいせい,taisei,order; system; structure; set-up; organization,N2,n,1409550,,共産主義はソ連で実践された体制である。,Communism is the system practiced in the Soviet Union.
69eff96c44,体積,たいせき,taiseki,capacity; volume,N2,n,1409560,,体積が大きいからといって常に重量も重いとは限らない。,Great bulk does not always mean great weight.
56cd51f84a,体操,たいそう,taisou,gymnastics; physical exercises; calisthenics,N2,n; vs; vi,1409580,,朝食前にいつも体操をします。,I always take some exercise before breakfast.
807a25ac9e,大層,たいそう,taisou,very much; exaggerated; very fine,N2,adv,1414380,,ロシア語は大層学びにくい。,Russian is very difficult to learn.
c76123f3f7,大分,だいぶん,daibun,considerably; greatly; a lot,N2,adv,1414920,,これで手間がだいぶ省けるだろう。,This will save you a lot of trouble.
ab6b624e3b,大木,たいぼく,taiboku,large tree,N2,n,1415090,,昔そこにはスギの大木があった。,There used to be a large cedar tree there.
c1abd3cd68,題名,だいめい,daimei,title,N2,n,1415490,,その小説は聖書から題名をとっている。,The novel takes its title from the Bible.
6c0f869b21,代名詞,だいめいし,daimeishi,pronoun,N2,n,1412340,,「クレオパトラ」は美人の代名詞になっている。,The name Cleopatra has become a byword for a beautiful woman.
aba27902d4,ダイヤグラム,ダイヤグラム,daiyaguramu,diagram,N2,n,1076680,,,
d019c7013c,ダイヤモンド,ダイヤモンド,daiyamondo,diamond,N2,n,1076890,,ダイヤモンドほど硬いものはない。,Nothing is as hard as a diamond.
09ac423c73,ダイヤル,ダイヤル,daiyaru,dial,N2,n; vs,1076900,,市外局番もダイヤルするのですか。,"Do I have to dial the area code, too?"
310f9d6dc9,対立,たいりつ,tairitsu,confrontation; opposition; antagonism,N2,n; vs; vi; adj-no,1410290,,私たちはそのことで意見が対立した。,We clashed on that matter.
41063448e2,田植え,たうえ,taue,rice planting,N2,n,1442810,,私たちは田植えをしました。,We planted rice.
385564b693,絶えず,たえず,taezu,constantly,N2,adv,1386700,,彼らは絶えずけんかばかりしていた。,They were constantly quarreling.
44dc163d37,楕円,だえん,daen,ellipse,N2,n,1409000,,卵は、真ん丸ではなく楕円です。,An egg is not round but oval.
bd19220d64,高める,たかめる,takameru,to raise; to lift; to boost,N2,v1; vt,1283240,,その小説は彼の名声を更に高めた。,The novel added to his reputation.
c507f2dcab,耕す,たがやす,tagayasu,to till; to plow; to cultivate,N2,v5s; vt,1280950,,農家の人達は鋤で土を耕す。,Farmers turn up the soil with plows.
27e7e5471c,滝,たき,taki,waterfall,N2,n,1415520,,雨が滝のように降ってきた。,Down came the rain in torrents.
6133bbcb0c,炊く,たく,taku,to boil; to cook,N2,v5k; vt,1596830,,ご飯の上手なたき方を知っていますか。,Do you know how to cook rice well?
991f3cdf5d,焚く,たく,taku,to burn; to kindle; to build a fire,N2,v5k; vt,1596840,,とても寒かったので火をたいた。,It was so cold that we made a fire.
9530f79308,蓄える,たくわえる,takuwaeru,to store; to lay in stock,N2,v1; vt,1596860,,彼は次の試合のために精力を蓄えた。,He conserved his energy for the next game.
36867e1153,竹,たけ,take,bamboo; middle (of a three-tier ranking system),N2,n,1422230,,林に竹が目立つ。,Bamboo stands out in the woods.
9cae12b7c2,助かる,たすかる,tasukaru,to be saved; to be rescued; to survive; to be helpful,N2,v5r; vi,1344380,,もう助からないものと観念した。,I gave up all hope of survival.
a9b5d114ca,但し,ただし,tadashi,but; however; provided that,N2,conj,1416190,,ただし、列をつくって並ばなくてはならないが・・・。,"However, you have to queue..."
bb017f90d6,畳む,たたむ,tatamu,to fold (clothes),N2,v5m; vt,1356780,,彼女はハンカチをきちんと畳んだ。,She folded her handkerchief neatly.
3c101a9435,立ち止まる,たちどまる,tachidomaru,to stop; to halt; to stand still,N2,v5r; vi,1551350,,彼は立ち止まってポスターをのぞき込んだ。,He paused to look at the poster.
5e124cf29c,たちまち,たちまち,tachimachi,at once; in a moment; suddenly; all at once,N2,adv,1288480,忽ち,切符はたちまち売り切れた。,The tickets were sold out in a moment.
29a6468ef2,建つ,たつ,tatsu,to erect; to be erected; to be built,N2,v5t; vi,1597045,,その建物は川のそばに建っていた。,The building stood beside the river.
58cee80fde,発つ,たつ,tatsu,"to depart (on a plane, train, etc.)",N2,v5t; vi,2857436,,来週ヨーロッパに発つ予定です。,I'm planning to leave for Europe next week.
76ae08f0ef,脱線,だっせん,dassen,derailment; digression,N2,n; vs; vi,1416560,,脱線がどんどんエスカレートしていく。,The digression is escalating more and more.
70608882d5,妥当,だとう,datou,valid; proper; right; appropriate,N2,adj-na; n; vs; vi,1408540,,彼女の選曲が妥当だったとは思わない。,I do not consider her choice of music a happy one.
8801305851,例える,たとえる,tatoeru,to compare; to liken; to speak figuratively; to illustrate; to use a simile,N2,v1; vt,1597130,,人生はしばしば航海に例えられる。,Life is often compared to a voyage.
d153412251,頼もしい,たのもしい,tanomoshii,reliable; trustworthy; hopeful; promising,N2,adj-i,1548380,,彼は頼もしい男だ。,He is a man to be depended on.
a0ca1d13fa,足袋,たび,tabi,tabi; Japanese socks (with split toe),N2,n,1404920,,着物に足袋は欠かせません。,"In a kimono, tabi can't be absent."
311803e490,ダブル,ダブル,daburu,double,N2,n; adj-no,1077110,,ダブルのバスつきの部屋がいいです。,I'd like a double with a bath.
6861953f14,だます,だます,damasu,to trick; to cheat; to deceive,N2,v5s; vt,1574550,騙す,私は彼女の約束にだまされた。,I was taken in by her promise.
b74458a2d2,溜まる,たまる,tamaru,to collect; to gather; to save,N2,v5r; vi,1552650,,彼女の目に涙がたまった。,Tears gathered in her eyes.
34b4191f3c,ダム,ダム,damu,dumb,N2,n,1077140,,大雨のためにダムが決壊した。,The dam burst owing to the heavy rain.
802a1fbd95,溜息,ためいき,tameiki,a sigh,N2,n,1597190,,彼は安心してホッとため息をもらした。,He gave a sigh of relief.
f3cdef1455,ためらう,ためらう,tamerau,to hesitate,N2,v5u; vi,1573390,躊躇う,質問するのをためらわないでください。,Don't hesitate to ask questions.
d938167f7c,溜める,ためる,tameru,to amass; to accumulate,N2,v1; vt,1552630,,彼は海外旅行のため金を溜めている。,He is saving money for a trip abroad.
69caece3b1,だらしない,だらしない,darashinai,slovenly; loose; a slut,N2,adj-i,1007500,,彼はだらしない生活をしてきた。,He has led a loose life.
17c303f793,足る,たる,taru,to be sufficient; to be enough,N2,v5r; vi,1404750,,その計画には大いに飽き足らぬところがある。,The plan is far from satisfactory.
881b8fe898,段階,だんかい,dankai,gradation; grade; stage,N2,n,1419950,,病気はまだ初期の段階です。,The disease is still in the primary stage.
acc981db7a,短期,たんき,tanki,short term,N2,adj-no; n,1418640,,短期契約社員達は予告なしに解雇された。,The short term contract employees were dismissed without notice.
f2df5d4d53,炭鉱,たんこう,tankou,coal mine; coal pit,N2,n,1597260,,あの支部は炭鉱労働組合に属している。,That branch is affiliated to the miners' union.
271f8491cf,短所,たんしょ,tansho,defect; demerit; weak point; disadvantage,N2,n,1418760,,すべての人は長所と短所を持っている。,Everybody has his merits and demerits.
92b4c96bb2,たんす,たんす,tansu,chest of drawers,N2,n,1418990,箪笥,タンスで探していた物が見つかった。,I found what I was looking for in the drawers.
b476dd050d,淡水,たんすい,tansui,fresh water,N2,n; adj-no,1418460,,塩水の方が淡水よりも浮力が大きい。,Salt water is more buoyant than fresh water.
4eec6f6fcd,断水,だんすい,dansui,water outage,N2,n; vs; vt; vi,1419660,,断水しました。,The water has been cut off.
583458bfb7,単数,たんすう,tansuu,singular (number),N2,n,1417670,,,
01471202a4,団地,だんち,danchi,multi-unit apartments,N2,n,1419300,,団地も昔と変わっていなかった。,Even the apartment buildings were the same as they used to be.
3a6dab968a,断定,だんてい,dantei,conclusion; decision,N2,n; vs; vt,1419740,,今見ることからあわてて断定してはいけない。,Don't draw a hasty conclusion from what you see now.
e8814a0b5c,短編,たんぺん,tanpen,"short (e.g. story, film)",N2,n,1597300,,トムは短編を読んでいる。,Tom is reading a short story.
cb31a190dc,田んぼ,たんぼ,tanbo,paddy field; farm,N2,n,1442840,,この辺りは昔、田んぼだったんだよ。,There used to be rice fields around here.
9f4dc60993,誓う,ちかう,chikau,to swear; to vow; to take an oath; to pledge,N2,v5u; vt,1381210,,君は聖書に手をのせて誓うべきだ。,You should swear on the Bible.
bdcda9041c,地下水,ちかすい,chikasui,underground water,N2,n,1622630,,ワイン畑の中には、未だ地下水を使用した灌漑を選択するところもある。,Some vineyards still choose to irrigate using underground water sources.
6861c0645a,近々,ちかぢか,chikajika,nearness; before long,N2,adv,1578110,,彼の秘密は近々あばかれるだろう。,His secret will be disclosed soon.
239fc6e98a,近付ける,ちかづける,chikazukeru,to bring near; to put close; to let come near; to associate with,N2,v1; vt,1242520,,いすをもっと机に近づけなさい。,Move the chair nearer to the desk.
9a83f7bad1,近寄る,ちかよる,chikayoru,to approach; to draw near,N2,v5r; vi,1242230,,彼は彼女に近寄って握手をした。,He went up to her and they shook hands.
5d1e8c2428,力強い,ちからづよい,chikarazuyoi,reassuring; emboldened,N2,adj-i,1554940,,なるほどこの車は小さいが力強い。,"Indeed this car is small, but it is powerful."
c55da2ee89,ちぎる,ちぎる,chigiru,to cut up fine; to pick (fruit),N2,v5r; vt,1389020,,,
1dd7773559,地質,ちしつ,chishitsu,geological features,N2,n,1421130,,地質学者が私たちの農場で石油の実地調査を行った。,The geologists explored for oil on our farm.
845ae84d62,知人,ちじん,chijin,friend; acquaintance,N2,n,1420620,,彼には知人は多いが友人は少ない。,He has many acquaintances but few friends.
9839e7b9df,地帯,ちたい,chitai,area; zone,N2,n,1421360,,ツンドラ地帯の気候は厳しい。,The tundra has a harsh climate.
8d8b3995cd,縮む,ちぢむ,chijimu,to shrink; to be contracted,N2,v5m; vi,1337560,,セーターが洗濯で縮んだ。,My sweater shrank in the wash.
3b9ebdf7b3,縮める,ちぢめる,chijimeru,to shorten; to reduce; to boil down; to shrink,N2,v1; vt,1337570,,すさんだ生活を送るのは、命を縮めるようなものだ。,Living life in the fast lane is like burning the candle at both ends.
351d6d7bfc,縮れる,ちぢれる,chijireru,to be wavy; to be curled,N2,v1; vi,1337590,,パーマをかけたので、髪の毛が縮れています。,"Now I have curly hair, because I had a perm."
f1135a84c1,チップ,チップ,chippu,gratuity; tip; chip,N2,n,1077740,,,
9f66a0ca11,地点,ちてん,chiten,site; point on a map,N2,n,1421380,,その湖はこの地点が深い。,The lake is deep at this point.
e31981ba75,地名,ちめい,chimei,place name,N2,n,1421500,,その地名は伝説に由来する。,The legend gave the name to the place.
d5b47e8dec,茶色い,ちゃいろい,chairoi,light brown; tawny,N2,adj-i,1983730,,この辺で茶色い財布を見ませんでしたか。,Did you see a brown wallet around here?
c974175389,着々,ちゃくちゃく,chakuchaku,steadily,N2,adv; adv-to,1597480,,仕事は着々と進んでいる。,The work is progressing steadily.
628bff4e9f,中間,ちゅうかん,chuukan,middle; midway; interim,N2,n,1423680,,厳しさと甘さの中間を見つける。,Find a mean between harshness and indulgence.
68ea97a684,中旬,ちゅうじゅん,chuujun,second third of a month,N2,n,1424490,,予定日は１月の中旬頃です。,I'm expecting my baby in the middle of January.
e74bba8aa5,抽象,ちゅうしょう,chuushou,abstract,N2,n; vs; vt,1426190,,,
c48e028d88,中世,ちゅうせい,chuusei,Middle Ages; mediaeval times,N2,n,1424690,,私の専門は中世ヨーロッパ史です。,My major is medieval European history.
090f146fb0,中性,ちゅうせい,chuusei,neuter gender; neutral (chem.); indifference; sterility,N2,n; adj-no,1424710,,,
d421260438,中途,ちゅうと,chuuto,in the middle; half-way,N2,n,1425030,,私たちは山の中途まで登った。,We went halfway up the mountain.
bcc28e99fd,中年,ちゅうねん,chuunen,middle-aged,N2,n; adj-no,1425240,,彼女は中年の都会派プロフェッショナルでした。,She was a middle-aged urban professional.
f7f23b46b2,超過,ちょうか,chouka,excess; being more than,N2,n; vs; vi,1429410,,その車は制限速度を超過している。,The car is exceeding the speed limit.
1202a0faaf,彫刻,ちょうこく,choukoku,carving; engraving; sculpture,N2,n; vs; vt; vi,1427980,,その彫刻は非常に貴重である。,The sculptures are of great value.
0d084f47de,長所,ちょうしょ,chousho,strong point; merit; advantage,N2,n,1430030,,あなたの計画は実際的だという長所がある。,Your plan has the virtue of being practical.
1c7cf9c7c5,長女,ちょうじょ,choujo,eldest daughter,N2,n,1430040,,彼が一番愛しているのは彼女の長女です。,It is her eldest daughter that he loves most.
45ba6efa0f,調整,ちょうせい,chousei,regulation; adjustment; tuning,N2,n; vs; vt,1429200,,シートを自分に合うように調整してください。,Please adjust the seat to fit you.
88053a8557,調節,ちょうせつ,chousetsu,regulation; adjustment; control,N2,n; vs; vt,1429240,,このつまみを回すことでテレビの色を調節できます。,You can adjust the color on the TV by turning this knob.
d779d477e9,長短,ちょうたん,choutan,length; long and short; +-,N2,n,1430070,,,
f219e922cc,頂点,ちょうてん,chouten,top; summit,N2,n,1430240,,経済は今景気循環の頂点にある。,The economy is at peak of a business cycle at present.
1eeb6f9a04,長男,ちょうなん,chounan,eldest son,N2,n,1430080,,彼は私の長男の名付け親であった。,He stood godfather to my first son.
955d4daa75,長方形,ちょうほうけい,chouhoukei,rectangle; oblong,N2,n; adj-no,1430130,,長方形の対辺は平行である。,The opposite sides of a rectangle are parallel.
e96e1a98b6,調味料,ちょうみりょう,choumiryou,condiment; seasoning,N2,n,1429290,,市販の調味料よりうまいと言いきれる。,I can definitively say that this seasoning tastes better than anything you could buy in a store.
ba569eb176,チョーク,チョーク,chooku,chock; chalk,N2,n,1078240,,,
ec5e038faf,直後,ちょくご,chokugo,immediately following,N2,n; adv,1430930,,きみが出かけた直後に彼が訪ねてきた。,He came to see you right after you left.
caef3a92e5,直線,ちょくせん,chokusen,straight line,N2,n; adj-no,1431310,,この２つの直線は直角に交わっている。,These two lines are at right angles.
e9022c75fe,直前,ちょくぜん,chokuzen,just before,N2,n; adv,1431330,,試合の直前にはいつもあがっています。,I always get nervous just before a match.
1e628d432c,直通,ちょくつう,chokutsuu,direct communication,N2,n; vs; vi; adj-no,1431440,,ダイヤル直通ですか。,Can I dial directly?
b27701113c,直流,ちょくりゅう,chokuryuu,direct current,N2,n,1431600,,,
295b2407b4,貯蔵,ちょぞう,chozou,storage; preservation,N2,n; vs; vt,1427220,,,
10ede51979,直角,ちょっかく,chokkaku,right angle,N2,n; adj-na; adj-no,1430800,,これらの線は直角に交わる。,These lines meet at right angles.
55f903839c,直径,ちょっけい,chokkei,diameter,N2,n,1597720,,その穴は直径二メートルです。,The hole is two meters across.
0ef594e9fa,散らかす,ちらかす,chirakasu,to scatter around; to leave untidy,N2,v5s; vt,1303420,,お前の物をその辺りに散らかすな。,Don't scatter your things about.
b8ab4082a1,散らかる,ちらかる,chirakaru,to be in disorder; to lie scattered around,N2,v5r; vi,1303430,,部屋は散らかり放題だった。,The room was in total disorder.
621e1a42be,散らす,ちらす,chirasu,to scatter; to disperse; to distribute,N2,v5s; vt,1303460,,両替人の金を散らし、その台を倒した。,He scattered the coins of the money-changers and overturned their table.
14b9469de2,塵紙,ちりがみ,chirigami,tissue paper; toilet paper,N2,n,1612710,,私は古新聞をちり紙と交換した。,I traded old newspapers for toilet paper.
1cc1f1f36a,散る,ちる,chiru,to fall; to scatter (e.g. blossoms),N2,v5r; vi,1303490,,ほとんどの葉が散ってしまった。,Almost all the leaves have fallen.
b889a69c7f,追加,ついか,tsuika,addition; supplement; appendix,N2,n; vs; vt; adj-no,1432460,,名簿に私の名前も追加してください。,Please add my name to the list.
fc4bbe285e,ついで,ついで,tsuide,opportunity; occasion,N2,n,1345470,,買い物ついでにでもお寄りください。,Please drop by when you go out for shopping sometimes.
d11ea557fa,通貨,つうか,tsuuka,currency,N2,n,1433050,,欧州通貨はドルに対して弱くなった。,European currencies weakened against the dollar.
524faf9ea5,通勤,つうきん,tsuukin,commuting to work,N2,n; vs; vi,1433140,,私は１時間通勤する。,I commute to work for an hour.
3089fb911f,通ずる,つうずる,tsuuzuru,"to be open (to traffic); to lead (to); to connect (to); to run (from, between; e.g. bus service)",N2,vz; vi,1983740,,これは古今東西に通ずる真理である。,This is a universal truth that transcends time.
9e3e86819e,通知,つうち,tsuuchi,notice; notification,N2,n; vs; vt,1433470,,おって通知があるまで待て。,Wait until further notice.
f28c668862,通帳,つうちょう,tsuuchou,passbook,N2,n,1433490,,私は自分の通帳を見たが、幸運にも５０ドル余分に入っていた。,"I looked at my bank account book, and happily discovered that I had an extra $50!"
57b588755b,通訳,つうやく,tsuuyaku,interpretation,N2,n; vs; vt,1433560,,彼は彼女を通訳として雇った。,He engaged her as an interpreter.
da7eee9d6c,通用,つうよう,tsuuyou,popular use; circulation,N2,n; vs; vi,1433570,,彼は年の割に若く見えるので、大学生として通用します。,He looks so young for his age that he passes for a college student.
eb52e01373,通路,つうろ,tsuuro,passage; pathway,N2,n,1433600,,これが海への通路だ。,This is the passage to the sea.
d697f29e0b,付き合う,つきあう,tsukiau,to associate with; to keep company with; to get on with,N2,v5u; vi,1597790,,一杯付き合いませんか。,Would you join me in a drink?
258b38b002,突き当たり,つきあたり,tsukiatari,end (e.g. of street),N2,n,1456770,,次の通りのつきあたりに私達の家があります。,You'll find our house at the end of the next street.
4223cee806,突き当たる,つきあたる,tsukiataru,to run into; to collide with,N2,v5r; vi,1456780,,急いだあまり私はだれか人に突き当たった。,In my hurry I bumped into someone.
56319c8bb4,月日,つきひ,tsukihi,time; years; days,N2,n,1255780,,その二つの事件の間には何年もの月日が経っている。,Years intervene between the two incidents.
c0a222a559,点く,つく,tsuku,to catch fire; (electricity) comes on,N2,v5k; vi,1441400,,危険な時には赤ランプが点きます。,The red lamp lights up in case of danger.
f6833a87fe,突く,つく,tsuku,to thrust; to strike; to poke,N2,v5k; vt,1456890,,テーブルにひじを突くのはやめなさい。,Stop resting your elbows on the table.
d6a3f85dab,次ぐ,つぐ,tsugu,to rank next to; to come after,N2,v5g; vi,1316400,,きれい好きは敬神に次ぐ美徳。,Cleanliness is next to godliness.
2d88041a40,浸ける,つける,tsukeru,to dip in; to soak,N2,v1; vt,1433680,,彼はスプーンをスープの中につけた。,He dipped his spoon into the soup.
1122e34144,着ける,つける,tsukeru,to attach; to join; to add; to append,N2,v1; vt,1495770,,おまえの上着は私の勘定につけておきなさい。,Put your coat on my account.
d18d4f69a0,伝わる,つたわる,tsutawaru,to be handed down; to be introduced; to be transmitted,N2,v5r; vi,1441900,,光は音よりはるかに早く伝わる。,Light travels much faster than sound.
5622faf78b,突っ込む,つっこむ,tsukkomu,to plunge into; to go into deeply,N2,v5m; vi,1456940,,人の問題に鼻を突っ込むのはよしてくれよ。,Stop sticking your nose into other people's business.
ad4ecf843d,努める,つとめる,tsutomeru,to serve; to fill a post; to serve under; to work (for),N2,v1; vi,1240820,,お手伝いさんたちは主人の命令を実行しようと努めた。,The servants tried to carry out their master's order.
049cebeff8,務める,つとめる,tsutomeru,to serve; to fill a post; to serve under; to work (for),N2,v1; vt,2872052,,彼女は私たちの団体では重要な役を務めている。,She is playing an important role in our organization.
a4ae5b5899,綱,つな,tsuna,rope,N2,n,1280880,,綱は張りすぎて切れた。,The rope broke under the strain.
f8dd76ee4c,繋がり,つながり,tsunagari,connection; link; relationship,N2,n,1251870,,オランダ語はドイツ語と密接なつながりがある。,Dutch is closely related to German.
5cee671ad8,繋がる,つながる,tsunagaru,to be tied together; to be connected to; to be related to,N2,v5r; vi,1251880,,私たちは血がつながっている。,We are related by blood.
9b2486562a,繋げる,つなげる,tsunageru,to connect,N2,v1; vt,1251910,,私のテープレコーダーは君のアンプにもつなげられる。,My tape recorder is compatible with your amplifier.
e4d4b6fd93,粒,つぶ,tsubu,grain,N2,n,1552890,,２粒の涙が彼女のほおを流れ落ちた。,Two tears fell down her cheeks.
c4597831cc,潰す,つぶす,tsubusu,to smash; to waste,N2,v5s; vt,1433820,,彼は平然と取引をつぶしました。,He sank the deal without batting an eyelash.
c5ab38bc57,潰れる,つぶれる,tsubureru,to be smashed; to go bankrupt,N2,v1; vi,1433830,,雪の重さで家がつぶれた。,The house collapsed under the weight of snow.
c7c5529d83,つまずく,つまずく,tsumazuku,to stumble; to trip,N2,v5k; vi,1573400,躓く,私は石につまずいて、足首をひねってしまった。,"I tripped on a stone, twisting my ankle."
afb774a77e,詰まる,つまる,tsumaru,to be blocked; to be packed,N2,v5r; vi,1226480,,のどが詰まった感じです。,My throat feels clogged up.
9cdbf2f93d,積む,つむ,tsumu,to pile up; to stack,N2,v5m; vt,1382970,,彼は幅広い経験を積んでいる人だ。,He is a man of wide experience.
8dea07a859,爪,つめ,tsume,fingernail or toenail; claw; talon; hoof,N2,n,1433880,,私は夜には決して爪を切らない。,I never cut my nails at night.
7985190c1e,艶,つや,tsuya,gloss; glaze,N2,n,1177680,,飼い猫の毛のつやが悪くなった。,Our cat's fur has lost its luster.
2d36cfac32,強気,つよき,tsuyoki,firm; strong,N2,adj-na; adj-no; n,1236230,,あまり強気になるなよ。,"Don't press your luck, kid."
275a5fcc47,釣り合う,つりあう,tsuriau,to balance; to be in harmony; to suit,N2,v5u; vi,1434050,,仕事の量と賃金が釣り合っていない。,The amount of work and the pay are not balanced.
8c8c09f7cf,吊る,つる,tsuru,to hang,N2,v5r; vt,1434020,,私はシャツを吊るしている。,I'm hanging up my shirts.
4753bc0256,吊す,つるす,tsurusu,to hang,N2,v5s; vt,1433980,吊るす,彼は天井からランプをつるした。,He hung a lamp from the ceiling.
a3aeb9c735,出合い,であい,deai,an encounter,N2,n,1338400,,私たちの出会いはまったくの偶然でした。,Our meeting was quite accidental.
070b42aa61,手洗い,てあらい,tearai,restroom; lavatory; hand-washing,N2,n,1328020,,婦人用手洗いはどこですか。,Where is the ladies' room?
27bf4e665a,定員,ていいん,teiin,"fixed number of regular personnel; capacity (of boat, etc.)",N2,n,1435400,,このエレベーターの定員は１０人だ。,This elevator's capacity is ten people.
07cec1cf59,低下,ていか,teika,fall; decline; lowering; deterioration,N2,n; vs; vi,1434250,,彼は教育の水準の低下についてくどくどしゃべり続ける。,He keeps harping on about declining standards in education.
89e28626e0,定価,ていか,teika,established price,N2,n,1435410,,定価から５％値引きいたします。,We'll allow a 5 percent discount off list prices.
4877098dca,定期券,ていきけん,teikiken,commuter pass; season ticket,N2,n,1435510,,スミス氏は定期券を持っていくのを忘れた。,Mr Smith forgot to take his commuter ticket.
976f457eb1,定休日,ていきゅうび,teikyuubi,regular holiday,N2,n,1435540,,本日定休日。,Today is our regular closing day.
999262d7d8,停止,ていし,teishi,suspension; interruption; stoppage; ban,N2,n; vs; vt; vi,1434920,,列車は滑らかに停止した。,The train came to a smooth stop.
9bb431e820,停車,ていしゃ,teisha,stopping (e.g. train),N2,n; vs; vi,1434960,,この列車は各駅に停車する。,This train stops at every station.
2f31e3b193,停電,ていでん,teiden,failure of electricity,N2,n; vs; vi,1435020,,台風の余波で２日間停電した。,There was no electricity for two days in the aftermath of the typhoon.
fad44a92bf,出入り,でいり,deiri,in and out; coming and going; free association; income and expenditure; debits and credit,N2,n; vs; vi,1339910,,そのドアから台所へ出入りできる。,The door gives access to the kitchen.
573b247c42,出入口,でいりぐち,deiriguchi,exit and entrance,N2,n,1598540,出入り口,乗務員がただいま出入り口を開けております。,The crew is now opening the hatch.
2ce04e7c6c,手入れ,ていれ,teire,repairs; maintenance,N2,n; vs; vt,1328250,,本店は警察の手入れを受けた。,The main office was raided by the police.
5a83b6e9ae,テーマ,テーマ,teema,theme; project; topic (de: Thema),N2,n,1078830,,卒論のテーマは決めましたか。,Have you decided on the subject of your thesis?
f52c85beb6,出来上がり,できあがり,dekiagari,be finished; ready; made for; cut out,N2,n,1340600,,どのくらいでこの洗濯物は出来上がりますか。,How soon will this laundry be ready?
1a5cce10d7,出来上がる,できあがる,dekiagaru,to be finished; to be ready; by definition; to be very drunk,N2,v5r; vi,1340610,,出発の準備はできあがっています。,I'm all set to start.
04bfe8ab7f,的確,てきかく,tekikaku,precise; accurate,N2,adj-na; n,1437290,,この文章は作者の気持ちを的確に表現している。,This sentence states exactly how the writer feels.
3ed7b4fc1a,適確,てきかく,tekikaku,precise; accurate,N2,adj-na; n,1437290,,この文章は作者の気持ちを的確に表現している。,This sentence states exactly how the writer feels.
ad6b662376,手首,てくび,tekubi,wrist,N2,n,1327770,,転んで手首を痛めました。,I fell down and hurt my wrist.
cc73416716,凸凹,でこぼこ,dekoboko,unevenness; roughness; ruggedness,N2,n; adj-no; adj-na; vs; vi,1582410,,バスはでこぼこ道を走りながらガタガタと音を立てた。,The bus rattled as it drove along the bumpy road.
6a5cce1ae6,手頃,てごろ,tegoro,moderate; handy,N2,adj-na; n,1327660,,値段が手ごろなら、その車を買いたい。,"If the price is reasonable, I want to buy the car."
015a7731d2,でたらめ,でたらめ,detarame,irresponsible utterance; nonsense; nonsensical; random,N2,n; adj-na,1339630,出鱈目,彼は本棚に本をでたらめに入れた。,He put the books on the shelf out of order.
a2b35e78c0,手帳,てちょう,techou,notebook,N2,n,1598330,,腰を下ろし、手帳を開きました。,I sat down and opened my notebook.
cb55b5d477,鉄橋,てっきょう,tekkyou,railway bridge; iron bridge,N2,n,1437820,,その川には鉄橋がすでに建設中だ。,A railway bridge is already being built over the river.
ad75b4bf14,手続き,てつづき,tetsuzuki,procedure; (legal) process; formalities,N2,n,1598350,,搭乗手続きをするのはどこですか。,Where is the check-in counter?
2f149505a1,鉄砲,てっぽう,teppou,gun,N2,n,1438010,,矢でも鉄砲でも持ってこい。,Let them all come.
7045685b8f,テニスコート,テニスコート,tenisukooto,tennis court,N2,n,1080030,,,
b74910080c,手拭い,てぬぐい,tenugui,(hand) towel,N2,n,1598400,,,
fbc4e2c947,手前,てまえ,temae,before; this side; we; you,N2,n,1328030,,あの信号の手前で降ろしてください。,Please let me off on this side of that traffic light.
ceee9cc545,出迎え,でむかえ,demukae,meeting; reception,N2,n,1338710,,出迎えにきてくださってありがとう。,Thank you for coming to meet me.
60f0d95dd9,出迎える,でむかえる,demukaeru,to meet; to greet,N2,v1; vt,1338720,,ジェーンを出迎える事はわくわくします。,It is exciting to welcome Jane.
57e2c365fc,照らす,てらす,terasu,to shine on; to illuminate,N2,v5s; vt,1350840,,君の答えを彼のと照らし合わせなさい。,Check your answer with his.
74ce798872,照る,てる,teru,to shine,N2,v5r; vi,1350860,,降っても照っても明日は出発します。,"Rain or shine, I will start tomorrow."
5b9c0435d0,展開,てんかい,tenkai,develop; expansion (opposite of compression),N2,n; vs; vt; vi,1440600,,与党は野党非難のキャンペーンを展開しています。,The ruling party is running a smear campaign against the opposition.
4495c01e89,伝記,でんき,denki,biography; life story,N2,n; adj-no,1441960,,彼の伝記は全くの事実に即して書かれたものだ。,His biography is quite true to life.
eceb34f9ce,電球,でんきゅう,denkyuu,light bulb,N2,n,1443170,,電球が切れた。,The light bulb has burned out.
f0857f2b13,点数,てんすう,tensuu,marks; points; score; runs,N2,n,1441660,,彼女は英語の点数がよい。,She gets good marks in English.
024a87f7b7,伝染,でんせん,densen,contagion,N2,n; vs; vi,1442110,,我々は病気の伝染をくいとめなければならない。,We should check the spread of the disease.
8e4ddc0409,電池,でんち,denchi,battery,N2,n,1443620,,このおもちゃの自動車は電池で動く。,This toy car runs on batteries.
85378e9a51,電柱,でんちゅう,denchuu,telephone pole; telegraph pole; lightpole,N2,n,1443630,,彼は車を電柱にぶつけた。,He ran the car into a lamppost.
3747b60316,転々,てんてん,tenten,moving from place to place; being passed around repeatedly,N2,adv; adv-to; n; vs,1704220,転転,彼らは会社を転々とした。,They were transferred from one office to another.
77bc0bfc10,点々,てんてん,tenten,here and there; little by little,N2,adv; adv-to,1598460,,池に落ち葉が点々と浮かんでいた。,The pond was dotted with fallen leaves.
8058eb2a5b,天皇,てんのう,tennou,Emperor of Japan,N2,n,1582030,,天皇は国家の象徴である。,The Emperor shall be the symbol of the State.
4cacf4f050,電波,でんぱ,denpa,electro-magnetic wave,N2,n,1443720,,彼の携帯電話は他の電話を妨害する電波を出した。,His mobile phone produced radio emissions that interfered with other phones.
61ab117796,テンポ,テンポ,tenpo,tempo,N2,n,1081120,,リズムは軽快でテンポは速く、その曲は若者に好まれている。,"The rhythm is light, and the tempo fast - that song is liked by young people."
47e5c9074a,電流,でんりゅう,denryuu,electric current,N2,n,1443790,,電流が流れる電線にコイルを近づけると、コイルにも電気が流れます。,When a coil is moved near to a wire with current flowing in it current flows in the coil as well.
68722abf73,電力,でんりょく,denryoku,electric power,N2,n,1443810,,うちの大学はあまりにも大量の電力を消費している。,Our college uses far too much electricity.
210e2fdd0b,問い合わせ,といあわせ,toiawase,enquiry; ENQ,N2,n,1598590,,ご兄弟のことはカンザス州から問い合わせを受けたばかりです。,We have just received an inquiry from Kansas concerning your brother.
085d6d93b2,銅,どう,dou,copper,N2,n,1582390,,銅はよく電気を通す。,Copper conducts electricity well.
440d9c19a8,統一,とういつ,touitsu,unity; consolidation; uniformity,N2,n; vs; vt,1449670,,スコットランドとイングランドの統一は１７０６年に行われた。,The union of Scotland and England took place in 1706.
b97482a20a,同格,どうかく,doukaku,the same rank; equality; apposition,N2,n; adj-no; adj-na,1452000,,,
65b778089c,峠,とうげ,touge,ridge; (mountain) pass; difficult part,N2,n; n-suf,1454420,,私達が峠にさしかかる頃に雨になった。,It began to rain as we came near the pass.
b4e3b45b3f,統計,とうけい,toukei,scattering; a scatter; dispersion,N2,n; vs; vt,1449710,,中国のＧＤＰ統計はオオカミ少年か。,Are the Chinese GDP figures a case of the boy crying wolf?
de68433b8d,動作,どうさ,dousa,action; movements; motions; bearing; behaviour; manners,N2,n,1451350,,彼は動作がぎこちない。,He is awkward in his movements.
83987ab2dc,東西,とうざい,touzai,East and West; whole country,N2,n; adj-no,1447910,,この国では東西の文化が交じり合っている。,Cultures of the East and the West are mixed in this country.
9ba1ff86d6,当日,とうじつ,toujitsu,appointed day; very day,N2,n; adv,1449210,,彼は当日借り着をした。,He rented the garment for the day.
55ae63883f,投書,とうしょ,tousho,letter to the editor; letter from a reader; contribution,N2,n; vs,1447270,,投書は視聴者からの唯一の声です。,Letters are the only voice from the audience.
88c7c412dd,登場,とうじょう,toujou,entry (on stage),N2,n; vs; vi,1444800,,その女優は舞台に３度登場した。,That actress made three entrances onto the stage.
368baf2dfb,どうせ,どうせ,douse,anyhow; in any case; at any rate,N2,adv,1008950,,どうせやるなら上手にやれ。,"If you do it at all, do it well."
4ab329eb4e,灯台,とうだい,toudai,lighthouse,N2,n,1448730,,遠い灯台のかすかな光を見た。,We saw the gleam of a distant lighthouse.
ca6d480a55,盗難,とうなん,tounan,theft; robbery,N2,n,1448500,,盗難の届をだしたいのですけど。,I would like to report a theft.
f3a548dbcb,当番,とうばん,touban,being on duty,N2,n; adj-no,1449220,,先月の日直当番全部私に押し付けた形でエスケープした野郎だ。,"He's the pest that, on last month's class-help day, escaped leaving me with all the work."
4c666ae659,等分,とうぶん,toubun,division into equal parts,N2,n; vs; vt,1449510,,この線を２０等分せよ。,Divide this line into twenty equal parts.
bfd161e29b,透明,とうめい,toumei,transparency; cleanness,N2,adj-na; adj-no; n,1450590,,この透明な液体には毒が含まれている。,This transparent liquid contains poison.
e93cf3d679,灯油,とうゆ,touyu,lamp oil; kerosene,N2,n,1448760,,雪の多いところでは、灯油は必需品です。,"In places where it snows a lot, kerosene is an indispensable item."
9bcbb07770,東洋,とうよう,touyou,Orient,N2,n,1448230,,彼は東洋芸術のかなりの専門家だ。,He is something of an expert on oriental art.
ea25add742,童話,どうわ,douwa,fairy tale,N2,n,1454000,,あなたはこの童話を一人で書いたのですか。,Did you write this fairy tale by yourself?
ee816a1a14,通り掛かる,とおりかかる,toorikakaru,to happen to pass by,N2,v5r; vt; vi,1432940,通りかかる,すると、たまたま少女のおばあちゃんが通りかかる。,Along comes the grandmother and sees her granddaughter.
278c0d538f,溶かす,とかす,tokasu,to melt; to dissolve,N2,v5s; vt,1546040,,彼はコーヒーに砂糖を溶かした。,He dissolved some sugar in his coffee.
834267e876,尖る,とがる,togaru,to taper to a point; to become sharp; to be sour; to look displeased,N2,v5r; vi,1389970,,この棒は先がとがっている。,This pole is sharp at the end.
fb97ae808d,どきどき,どきどき,dokidoki,throb; beat (fast),N2,vs,1009050,,名前を呼ばれて胸がどきどきした。,My heart beat when I heard my name called.
2c15eec866,溶く,とく,toku,to dissolve (paint),N2,v5k; vt,1546050,,,
79095736b4,退く,どく,doku,to step aside; to move (out of the way); to make way,N2,v5k; vi,1595080,,彼女が通れるように彼は横へ退いてあげた。,He stepped aside for her to pass.
f7022d26f1,特殊,とくしゅ,tokushu,special; unique,N2,adj-na; adj-no; n,1454970,,特殊な才能を与えられた動物もいる。,Some animals are endowed with special gifts.
277ec2a708,特色,とくしょく,tokushoku,characteristic; feature,N2,n,1455080,,日本には多くのはっきりとした特色がある。,Japan has many distinctive traits.
3da2e90e4a,特長,とくちょう,tokuchou,forte; merit,N2,n,1455200,,燃料の節約がこの自動車の大きな特長だ。,Fuel economy is a big advantage of this car.
01b768c854,特定,とくてい,tokutei,specific; special; particular,N2,adj-no,1455210,,別に特定の人をさして言っているのではない。,I am not alluding to any person in particular.
4560bc1133,特売,とくばい,tokubai,special sale,N2,n; vs; vt,1455250,,きのうは和牛が特売だった。,Japanese beef was on sale yesterday.
0b69dd0bd3,溶け込む,とけこむ,tokekomu,to melt into,N2,v5m; vi,1546090,,空が海と一つに溶け込むように見えた。,The sky seemed to blend with the sea.
4be5e77856,溶ける,とける,tokeru,to melt; to thaw; to fuse; to dissolve,N2,v1; vi,1546070,,氷が溶けると液体になる。,"When ice melts, it becomes liquid."
986998f6c6,退ける,どける,dokeru,to remove; to take away; to dislodge; to put something out of the way,N2,v1; vt,2850084,,その自転車をどけて下さい。,Get the bicycle out of the way.
4b0f18eaab,床の間,とこのま,tokonoma,alcove,N2,n,1349400,,手紙に貼る三銭切手が買えないで、幾日も床の間の上に置いてあるようになった。,"I could not buy the 3 sen stamp to put on the letter, so it ended up staying for many days on top of the tokonoma."
c14d253e1f,所々,ところどころ,tokorodokoro,here and there; some parts (of something),N2,adv; n,1598730,,その本は所々非常にすばらしい。,Parts of the book are quite good.
3b2353357e,都心,としん,toshin,heart (of city),N2,n,1445000,,彼はその商売を都心に集中した。,He centered his business on the metropolitan area.
72b0b5f639,戸棚,とだな,todana,cupboard; locker; closet; wardrobe,N2,n,1267050,,この本は戸棚の上です。,This book goes on the top shelf.
9b8ecc5c1f,とっくに,とっくに,tokkuni,long ago; already; a long time ago,N2,adv,1320570,疾っくに,もうとっくに寝る時間だ。,It is high time we went to bed.
c1935c3827,どっと,どっと,dotto,suddenly,N2,adv,1009210,,学童たちはどっと笑った。,The pupils burst out laughing.
49bd373b1e,整う,ととのう,totonou,to be prepared; to be in order; to be put in order; to be arranged,N2,v5u; vi,1598800,,あなたの出発の準備がすべて整うよう取り計らいます。,I will see to it that everything is ready for your departure.
257afc27f7,留まる,とどまる,todomaru,to be fixed; to abide; to stay (in the one place),N2,v5r; vi,2657130,,ここにとどまっていても何の得もない。,There is no advantage in staying here.
0bc51639bd,どなる,どなる,donaru,to shout; to yell,N2,v5r; vi,1445740,怒鳴る,泣いている子を怒鳴るな。火に油だから。,Don't shout at the crying child. It only adds fuel to the fire.
a06ce5662f,飛び込む,とびこむ,tobikomu,to jump in; to leap in; to plunge into; to dive,N2,v5m; vi,1598890,,少年は水の中に飛び込んだ。,The boy jumped into the water.
fd0dc5e667,跳ぶ,とぶ,tobu,to jump; to fly; to leap,N2,v5b; vi,1429700,,君はどのくらい高く跳べますか。,How high can you jump?
48638e9518,泊める,とめる,tomeru,to give shelter to; to lodge,N2,v1; vt,1474860,,一晩泊めてあげよう。,I'll put you up for the night.
21706ca86c,ともかく,ともかく,tomokaku,anyhow; anyway; somehow or other; generally speaking; in any case,N2,adv,1444010,兎も角,ともかく合格してうれしい。,I'm glad to have passed at all.
c3e8a47129,捕える,とらえる,toraeru,to seize; to grasp; to capture; to arrest,N2,v1; vt,1598960,捕らえる,なんであれ物事の本体を捕らえる事が肝心だ。,"No matter what the problem is, it's essential to get at the heart of the matter."
c54bd0a598,取り入れる,とりいれる,toriireru,to harvest; to take in; to adopt,N2,v1; vt,1326880,,洗濯物を中へ取り入れて下さい。,Please bring in the washing.
64e102cee4,取り消す,とりけす,torikesu,to cancel,N2,v5s; vt,1326790,,ごめん、取り消すよ。,I'm sorry. I take back my words.
ba14fcca73,取り出す,とりだす,toridasu,to take out; to produce; to pick out,N2,v5s; vt,1326770,,彼は千円札を財布から取り出した。,"He took out a 1,000-yen note from his wallet."
616b7719e0,採る,とる,toru,"to adopt (measure, proposal); to pick (fruit)",N2,v5r; vt,1599160,,このカップに尿をとってください。,Please leave a urine sample in this cup.
c552523349,捕る,とる,toru,to take; to catch (fish); to capture,N2,v5r; vt,1514140,,きのう魚を３匹捕った。,I caught three fish yesterday.
1be45c0ac4,トレーニング,トレーニング,toreeningu,training,N2,n; vs; vi,1087100,,私は懸命にトレーニングして試合に備えた。,I prepared for the game by training hard.
7a30ecc911,丼,どんぶり,donburi,porcelain bowl; bowl of rice with food on top,N2,n,1562970,,彼はご飯を丼で食べたよ。,He ate rice in a big bowl.
2bbdfd22f6,内科,ないか,naika,internist clinic; internal medicine,N2,n,1457830,,内科はどこですか。,Where is the Internal Medicine Department?
3d71703392,内線,ないせん,naisen,phone extension; indoor wiring; inner line,N2,n,1458650,,内線２１４に出る人なら誰でも構いません。,I'll speak to anyone at extension 214.
5543a2efce,ナイロン,ナイロン,nairon,nylon,N2,n,1089930,,ナイロンストッキングはすぐ伝線する。,Nylon stockings often run.
db99f3b069,治す,なおす,naosu,to cure; to heal; to fix; to correct; to repair,N2,v5s; vt,2856318,,あの医者は彼のがんを治してくれるかもしれない。,That doctor may cure him of his cancer.
7137e5312a,永い,ながい,nagai,long; lengthy,N2,adj-i,1429750,,だんだん日が長くなっています。,The days are getting longer and longer.
b6e031db42,仲直り,なかなおり,nakanaori,reconciliation; make peace with,N2,n; vs; vi,1426000,,彼と仲直りしたい。,I want to come to terms with him.
1b9ef14bec,長引く,ながびく,nagabiku,to be prolonged; to drag on,N2,v5k; vi,1610950,,その経済学者は長引く不況を予期していた。,The economist anticipated a prolonged depression.
9f7b77e398,中身,なかみ,nakami,contents; interior; substance; filling; (sword) blade,N2,n,1599430,,財布の中身をこの袋に空けなさい。,Empty the purse into this bag.
4100983d28,中味,なかみ,nakami,contents; interior; substance; filling; (sword) blade,N2,n,1599430,,財布の中身をこの袋に空けなさい。,Empty the purse into this bag.
9195f94e8f,中指,なかゆび,nakayubi,middle finger,N2,n,1581690,,トムは今日校長に中指を立てました。,Tom gave the middle finger to the principal today.
1b86e7eac4,仲良し,なかよし,nakayoshi,intimate friend; bosom buddy; chum,N2,n; adj-no,1426100,,トムとジョンは仲良しです。,Tom and John are good friends.
674bed49d2,慰める,なぐさめる,nagusameru,to comfort; to console,N2,v1; vt,1156890,,夜の静けさが私たちを慰めてくれる。,The silence of the night comforts us.
972c45f9d5,亡くす,なくす,nakusu,"to lose (a family member, e.g. a wife or child); to be bereaved of",N2,v5s; vt,2835808,,息子を亡くした夫婦に誰もが同情した。,Everyone sympathized with the parents about their son's death.
a092c3382a,なぐる,なぐる,naguru,to strike; to hit,N2,v5r; vt,1181390,殴る,ジョージは彼の腹を殴った。,George hit him in the stomach.
49a74a09d2,為す,なす,nasu,to accomplish; to do,N2,v5s; vt,2861111,,なした約束は払ってない借りである。,A promise made is a debt unpaid.
b9a3269966,謎謎,なぞなぞ,nazonazo,riddle; puzzle; enigma,N2,n,1599500,,彼はそのなぞなぞを難なく解いた。,He had no difficulty explaining the mystery.
02e8eebee7,懐かしい,なつかしい,natsukashii,dear; desired; missed,N2,adj-i,1200490,,懐かしい１２小節のブルース。,There go the twelve bars blues.
3a13a46214,撫でる,なでる,naderu,to brush gently; to stroke,N2,v1; vt,1498290,,母はため息をつきながら、高校一年生にもなった息子の頭をがしがしと撫でた。,"Mom sighed, and tousled the hair of her first-year high school son's head."
12db97070d,斜め,ななめ,naname,obliqueness,N2,adj-no; adj-na; n,1322400,,彼は帽子を斜めにかぶっていた。,He wore his hat askew.
f699a2ccb4,なにしろ,なにしろ,nanishiro,at any rate; anyhow; anyway; in any case,N2,adv,1188330,何しろ,彼女はうまくゆかなかったが、なにしろ初めてのことだったからね。,"She did not succeed, but after all that was her first attempt."
a19d9e358c,何々,なになに,naninani,such and such; What?,N2,pn,1599580,,,
4067523091,何分,なにぶん,nanibun,some; any; (a) little; of some kind,N2,n; adj-no,1189310,,なにぶんこんな辺ぴな村に住んでいるので、めったに客は来ない。,"Living as I do in a remote village, I seldom have visitors."
5db5c3dadc,生意気,なまいき,namaiki,impertinent; saucy; cheeky; conceit; audacious; brazen,N2,adj-na; n,1378790,,彼は父親に生意気な事を言った。,He was impertinent to his father.
b18f88a70c,並木,なみき,namiki,roadside tree; row of trees,N2,n,1599640,,我々は背の高いポプラ並木を歩いた。,We walked along an avenue of tall poplars.
8852d50289,倣う,ならう,narau,to imitate; to follow; to emulate,N2,v5u; vi,1599680,,彼は父親の例にならっていった。,He followed in his father's footsteps.
558939dc9d,鳴らす,ならす,narasu,to ring; to sound; to chime; to beat; to snort (nose),N2,v5s; vt,1532880,,火事の時はベルを鳴らせよ。,"In case of fire, ring the bell."
f213c34556,生る,なる,naru,to bear fruit,N2,v5r; vi,1611000,,この木には実がならないんだ。,This tree does not bear fruit.
dc2f465cad,馴れる,なれる,nareru,to become domesticated; to become tame,N2,v1; vi,1212670,,学生の時は勉強することになれていた。,I was used to studying when I was a student.
3263a2c4ee,南極,なんきょく,nankyoku,south pole; Antarctic,N2,n,1460180,,新聞で彼が南極から帰って来たのを知った。,I saw in the paper that he had returned from the South Pole.
d879d1dee2,なんとなく,なんとなく,nantonaku,somehow or other; for some reason or another,N2,adv,1599730,何となく,私はなんとなく彼の家を見つけた。,Somehow or other I found his house.
c4ac694960,なんとも,なんとも,nantomo,nothing (with neg. verb); quite; not a bit,N2,adv,1188690,何とも,何とも言いようがないなあ。,I just don't know what to say.
e2c4b62726,ナンバー,ナンバー,nanbaa,number,N2,n,1090860,,車のナンバーを書き留められなかった。,I was unable to write down the number of the car.
9953c1ba78,南米,なんべい,nanbei,South America,N2,n,1460570,,私は清水の舞台から飛び降りる気持ちで南米に渡ります。,I am going to take a big chance by migrating to South America.
8c876afbf5,南北,なんぼく,nanboku,south and north,N2,n,1460600,,日本は南北に長い国です。,Japan is a very long country from north to south.
f908261be4,煮える,にえる,nieru,to boil; to cook; to be cooked,N2,v1; vi,1322490,,スープがなべでぐつぐつ煮えている。,The soup is bubbling in the pot.
068ed10c19,匂う,におう,niou,to be fragrant; to smell; to stink,N2,v5u; vi,1599780,,この辺臭うんだけど。,Something stinks here.
ec48e85bee,逃がす,にがす,nigasu,to let loose; to set free; to let escape,N2,v5s; vt,1450320,,こんなにすばらしい機会を逃がしてはいけない。,You mustn't miss such a good opportunity.
54d18abf59,憎い,にくい,nikui,hateful; abominable; poor-looking; detestable,N2,adj-i,1403390,,かわいさ余って憎さ百倍。,The greatest hate springs from the greatest love.
38077c2d5d,憎む,にくむ,nikumu,to hate; to detest,N2,v5m; vt,1403440,,自分を憎む者にも親切にしなさい。,Do good to those who hate you.
9c17a2ba5e,憎らしい,にくらしい,nikurashii,odious; hateful,N2,adj-i,1403450,,彼はにくらしげに彼女をにらんだ。,He stared at her with hatred.
c5a7d38b81,にこにこ,にこにこ,nikoniko,with a friendly grin; smilingly,N2,adv; adv-to; vs,1091130,,彼女はいつでもにこにこしている。,She is always smiling.
ca31449987,濁る,にごる,nigoru,to become muddy; to get impure,N2,v5r; vi,1415960,,川は泥で濁っていた。,The river was cloudy with silt.
2b565b647a,虹,にじ,niji,rainbow,N2,n,1463740,,虹は自然現象である。,A rainbow is a natural phenomenon.
20f5e4a462,日時,にちじ,nichiji,date and time,N2,n,1464110,,会合の日時はおってお知らせします。,We will let you know the time and date of the meeting soon.
fe5131f1d5,日用品,にちようひん,nichiyouhin,daily necessities,N2,n,1464910,,あのスーパーに行けば、たいていの日用品は間に合います。,"If you go to that supermarket, you can buy most things you use in your daily life."
472d8ff678,日課,にっか,nikka,daily lesson; daily work; daily routine,N2,n,1463860,,朝食前に新聞を読むのが私の日課です。,My routine is to read the newspaper before breakfast.
4b716aefb8,日程,にってい,nittei,agenda,N2,n,1464300,,あす雨の場合は別の日程を組まなくちゃ。,"In case it rains tomorrow, we should make another arrangement."
9aeb7de3a0,鈍い,にぶい,nibui,dull (e.g. a knife); thickheaded; slow (opposite of fast); stupid,N2,adj-i,1582430,,お兄さんと比べて、彼は運動神経が鈍い。,"Compared with his brother, he is a poor athlete."
20b9b24497,入社,にゅうしゃ,nyuusha,entry to a company,N2,n; vs; vi,1466260,,彼は高校卒業直後に入社した。,He joined the company right after he got through high school.
1bec520d49,女房,にょうぼう,nyoubou,wife,N2,n,1345420,,女房の手は店員さんより一回り小さい。,My wife's hands are slightly smaller than the shop assistant's.
e062e45bac,睨む,にらむ,niramu,to glare at; to scowl at; to keep an eye on,N2,v5m; vt,1569880,,彼はにくらしげに彼女をにらんだ。,He stared at her with hatred.
60f61bf258,煮る,にる,niru,to boil; to cook,N2,v1; vt,1322540,,くたくたに煮る。,Reduce to pulp by boiling.
7cd16edcd6,俄,にわか,niwaka,sudden; abrupt; unexpected; improvised; offhand,N2,adj-na; adj-no,1599920,俄か,にわか仕込みの知識ではその問題は解けなかった。,Hastily acquired knowledge was not enough to solve the problem.
188fc097e5,縫う,ぬう,nuu,to sew,N2,v5u; vt,1517700,,これを手で縫ったんですか。,Did you sew this by hand?
75c4fd2262,濡らす,ぬらす,nurasu,to wet; to soak; to dip,N2,v5s; vt,1467610,,彼はタオルを水で濡らした。,He wetted his towel with water.
fbb67f254a,ねじ,ねじ,neji,(a) screw,N2,n,1585010,捻子,この機械は１時間に千個のねじを製造する。,This machine cranks out a thousand screws an hour.
f3946a0625,捩る,ねじる,nejiru,to twist,N2,v5r; vt,1611090,,その取っ手を右にねじると箱は開きます。,Twist that knob to the right and the box will open.
ae08e25e3d,ネックレス,ネックレス,nekkuresu,necklace,N2,n,1093000,,その婦人は真珠のネックレスをかけていた。,The lady wore a necklace of pearls.
83e03509af,熱する,ねっする,nessuru,to heat,N2,vs-s; vt; vi,1467730,,水は熱せられると蒸気になる。,Water changes into vapor when it is heated.
198574a71b,寝巻,ねまき,nemaki,sleep-wear; nightclothes; pyjamas; nightgown; nightdress,N2,n,1360040,,寝巻きのままで朝ごはんを食べた。,I had breakfast in pajamas.
2d3eb89598,寝間着,ねまき,nemaki,sleep-wear; nightclothes; pyjamas; nightgown; nightdress,N2,n,1360040,,寝巻きのままで朝ごはんを食べた。,I had breakfast in pajamas.
aadc90550f,狙い,ねらい,nerai,aim,N2,n,1396550,,彼女のねらいは教師になることである。,She aims to become a teacher.
6690a4649b,狙う,ねらう,nerau,to aim at,N2,v5u; vt,1396590,,彼はひそかにあなたの財産を狙っていますよ。,He has designs on your property.
17b975bfa3,年度,ねんど,nendo,year; fiscal year; school year; term,N2,n; n-suf,1469050,,零細小売店などは新年度には利益を上げるでしょう。,Mom-and-pop stores will turn a profit in the new fiscal year.
c11c243ec5,農産物,のうさんぶつ,nousanbutsu,agricultural produce,N2,n,1470710,,わが国の主な農産物は米である。,The chief crop of our country is rice.
8801b17079,農村,のうそん,nouson,agricultural community; farm village; rural,N2,n,1470730,,,
b321aa2d85,濃度,のうど,noudo,concentration; brightness,N2,n,1469970,,濃度10%の食塩水の作り方を教えてください。,Show me how to make 10% saline solution.
f83c71668d,農薬,のうやく,nouyaku,agricultural chemicals,N2,n,1470780,,彼らは果樹に農薬を散布している。,They are spraying the fruit trees.
64df1b8125,能率,のうりつ,nouritsu,efficiency,N2,n,1470330,,そうすれば能率が上がりますよ。,That makes for efficiency.
611ba7e8a3,のこぎり,のこぎり,nokogiri,saw,N2,n,1232930,鋸,彼は丸太をのこぎりでひいて板にしている。,He is sawing a log into boards.
7c2c754f5f,残らず,のこらず,nokorazu,all; entirely; completely; without exception,N2,adv,1611130,,彼は有り金を残らず奪われた。,He was robbed of all his money.
b495f06d59,載せる,のせる,noseru,to place on (something); to take on board; to give a ride,N2,v1; vt,1600270,,車に乗せてください。,Give me a lift in your car.
c49779952e,覗く,のぞく,nozoku,to peep in; to look in; to peek in; to stick out,N2,v5k; vi,1470840,,その箱をのぞいてはいけない。,Don't look into the box.
f7a5a8fcab,延ばす,のばす,nobasu,to lengthen; to stretch; to reach out; to grow (beard),N2,v5s; vt,1600290,,その仕事を明日まで延ばすな。,Don't put off the work till tomorrow.
3eb9301644,延びる,のびる,nobiru,to be prolonged,N2,v1; vi,1358870,,道路はここから北へ延びている。,The road goes north from here.
bb2a3aed5d,上り,のぼり,nobori,up-train (going to Tokyo); ascent,N2,n,1352510,,道はここからゆるやかな上りだ。,The road ascends gently here.
ca7d4e8426,上る,のぼる,noboru,to ascend; to go up; to climb,N2,v5r; vi,1352570,,損失は１００万ドル以上にのぼる。,The loss adds up to more than one million dollars.
8098fd19b1,糊,のり,nori,paste; starch,N2,n,1267400,,彼はメモをドアに糊で貼った。,He pasted the notice on the door.
c10303493a,乗換,のりかえ,norikae,"transfer (trains, buses, etc.)",N2,n; vs; vi,1600460,乗り換え,途中で乗り換えが必要ですか。,Is it necessary to change trains along the way?
fddd03dc5c,載る,のる,noru,to appear (in print); to be recorded,N2,v5r; vi,2649690,,どの新聞にも彼の詳しい人相書きが載った。,A full description of him has been circulated in every newspaper.
c90af3ed84,のろのろ,のろのろ,noronoro,slowly; sluggishly,N2,adv; adv-to; vs,1010040,,タクシーはカタツムリと同じくらいのろのろ進んでいるように思えた。,The taxi seemed to go as slowly as a snail.
217b09bf11,呑気,のんき,nonki,carefree; optimistic; careless; reckless; heedless,N2,adj-na; n,1600560,,トムは呑気でマイペースな性格だ。,Tom tends to do things at his own pace.
045301d878,灰色,はいいろ,haiiro,grey; gray; ashen,N2,n; adj-no,1201970,,私の父は青と灰色のネクタイを持っている。,My father has a blue and gray tie.
d34cd59500,俳句,はいく,haiku,haiku poetry,N2,n,1471900,,俳句は季節と関連が深い。,Haiku are closely related to the seasons of the year.
c0da086fcb,売店,ばいてん,baiten,shop; stand,N2,n,1474040,,アイスクリーム売りが外の売店で客にアイスクリームを売っている。,The ice cream vendor is waiting on customers at his outdoor stand.
5550472e9a,バイバイ,バイバイ,baibai,bye-bye; goodbye,N2,int,1983760,,診察室を出る間際、先生が「バイバイ」と手を振ってくださいました。,"Just as we were leaving the exam room the doctor waved his hand saying, 'bye-bye'."
192231173e,売買,ばいばい,baibai,trade; buying and selling,N2,n; vs; vt,1474050,,彼は革製品の売買をしている。,He buys and sells leather goods.
c9e8c0c717,這う,はう,hau,to creep; to crawl,N2,v5u; vi,1474200,,赤ちゃんは部屋に這ってきた。,The baby crept into the room.
0d38dcb15b,生える,はえる,haeru,to grow; to spring up; to cut (teeth),N2,v1; vi,1378490,,この子は今歯が生えかけているところです。,This child is teething now.
61ed75f466,はがす,はがす,hagasu,to tear off; to peel off; to rip off,N2,v5s; vt,1600670,剥がす,彼女は窓からステッカーを引き剥がした。,She tore away the stickers from the window.
1d12a649ce,ばからしい,ばからしい,bakarashii,absurd,N2,adj-i,1612910,馬鹿らしい,彼女は馬鹿らしい質問をされていらいらした。,She got rattled by the stupid question.
9d9cfcda72,秤,はかり,hakari,scales; weighing machine,N2,n,1474220,,浴室の秤で体重を計った。,I weighed myself on the bathroom scales.
ae280779f0,測る,はかる,hakaru,to measure; to weigh; to survey,N2,v5r; vt,1600650,,われわれはその川の深さを測った。,We measured the depth of the river.
854c82b3ff,量る,はかる,hakaru,to measure; to weigh; to survey,N2,v5r; vt,1600650,,彼は肉を切り刻んで重さを量った。,He cut up the meat and weighed it.
116a3145bb,吐き気,はきけ,hakike,nausea; sickness in the stomach,N2,n,1444120,,なんだかめまいと吐き気がします。,I feel sort of dizzy and I feel like throwing up.
d44c0e793f,はきはき,はきはき,hakihaki,lucidly,N2,adv-to; adv; vs,1010090,,はきはきと意見を言ってください。,Please state your opinion crisply and clearly.
2d6bfb81d1,掃く,はく,haku,to sweep; to brush; to gather up,N2,v5k; vt,1399760,,お前は床を掃きさえすればよい。,You have only to sweep the floor.
4937331a58,歯車,はぐるま,haguruma,gear; cog-wheel,N2,n,1313350,,歯車がかみ合っている。,The cog-wheels are in gear.
3ac53ba33d,バケツ,バケツ,baketsu,bucket; pail,N2,n,1098340,,彼はバケツに水をいっぱい入れた。,He filled the bucket with water.
05d318e118,挟まる,はさまる,hasamaru,to get between; to be caught in,N2,v5r; vi,1236840,,女の子の指がドアにはさまった。,A little girl caught her fingers in the door.
aeac8de8f8,挟む,はさむ,hasamu,to interpose; to hold between; to insert,N2,v5m; vt,1600740,,彼は耳に鉛筆を挟んだ。,He stuck his pencil behind his ear.
07f4ebd73d,梯子,はしご,hashigo,ladder; stairs,N2,n,1436480,,彼は平衡を失ってはしごから落ちた。,He lost his balance and fell off the ladder.
7e3cceed04,始めに,はじめに,hajimeni,to begin with; first of all,N2,exp,1307520,,いいえ、はじめに９番におかけ下さい。,"No, please dial nine first."
9b9b6c1212,初めに,はじめに,hajimeni,first; firstly; first of all; to begin with,N2,exp,1307520,,いいえ、はじめに９番におかけ下さい。,"No, please dial nine first."
5deacba2e9,斜,はす,hasu,diagonal,N2,adj-no; n,2085880,,彼は帽子を斜めにかぶっていた。,He wore his hat askew.
440987e433,外れる,はずれる,hazureru,to be disconnected; to get out of place; to be off; to be out (e.g. of gear),N2,v1; vi,1203310,,彼の説明は要点を外れています。,His explanation is beside the point.
67256ba69a,パターン,パターン,pataan,pattern,N2,n,1101600,,世界貿易の変動パターンが次の表で明らかにされている。,The shifting pattern of world trade is made clear in the following table.
116b451dd9,肌着,はだぎ,hadagi,underwear,N2,n,1476500,,彼は肌着を裏返しに着た。,He put on his undershirt inside out.
07458cd0ba,果して,はたして,hatashite,as was expected; really,N2,adv,1600780,果たして,あなたの言う事が果たして事実なのか調べてみよう。,We will check to see if what you have said is really the truth.
661ea203b7,鉢,はち,hachi,a bowl; a pot,N2,n,1477090,,はちには砂糖が全然ない。,There is no sugar in the bowl.
e810ef250a,発揮,はっき,hakki,exhibition; demonstration; utilization; display,N2,n; vs; vt,1477250,,この作家が本領を発揮しているのは短編小説だ。,This writer is at his best in his short stories.
19130f8b0c,バック,バック,bakku,back,N2,n,1098760,,,
b8ce8117eb,発射,はっしゃ,hassha,firing; shooting; discharge; catapult,N2,n; vs; vt,1477490,,大砲が偶然発射してしまった。,The cannon went off by accident.
ba4e559c36,発想,はっそう,hassou,expression (music); conceptualization,N2,n,1477660,,その人達は大胆な発想をすべきだ。,They should have bold ideas.
fbe0220728,発電,はつでん,hatsuden,generation (e.g. power),N2,n; vs; vt; vi,1477750,,原子力が発電に使われている。,Nuclear power is used to generate electricity.
05fdc01da3,発売,はつばい,hatsubai,sale,N2,n; vs; vt,1477810,,その新型車は五月に発売される。,The new car model will be brought to market in May.
fa217abd55,派手,はで,hade,showy; loud; gay; flashy; gaudy,N2,adj-na; n,1471140,,このネクタイは派手すぎますよ。,I'm afraid this tie is too loud.
0282dbf033,話合い,はなしあい,hanashiai,discussion; conference,N2,n; vs,1600910,話し合い,話し合いはちょっと中断した。,There was a brief break in the discussion.
7fc8478e08,話し掛ける,はなしかける,hanashikakeru,to accost a person; to talk (to someone),N2,v1; vt,1562300,,男が近づいて私に話しかけた。,A man came up and spoke to me.
7428ba69b1,話中,はなしちゅう,hanashichuu,while talking; the line is busy,N2,adj-no,1600920,,すみません。ただいま話し中です。,"Sorry, the line is busy now."
0ecf5bddb0,甚だしい,はなはだしい,hanahadashii,extreme; excessive; terrible,N2,adj-i,1370010,,あんなことを彼女に言うなんて非常識も甚だしい。,It's quite absurd of you to tell her that sort of thing.
0e2efb14b6,花火,はなび,hanabi,fireworks,N2,n,1194580,,すごい花火だ！,These fireworks are spectacular!
fb23ffb300,花嫁,はなよめ,hanayome,bride,N2,n,1194570,,花嫁はたいへん美しく見えた。,The bride looked very beautiful.
28db3e8d3c,放れる,はなれる,hanareru,to leave; to get free; to cut oneself off,N2,v1; vi,1516540,,,
90910eca9c,ばね,ばね,bane,"spring (e.g. coil, leaf)",N2,n,1099490,発条,そのばね１個で車の全重量を支えている。,That one spring carries the whole weight of the car.
87313b2fe5,跳ねる,はねる,haneru,to jump; to leap,N2,v1; vi,1429620,,犬が跳ねるのをごらん。,Look at the dog jump.
22def1bae6,破片,はへん,hahen,fragment; splinter; broken piece,N2,n,1471420,,彼はその破片をくっつけ合わした。,He stuck the broken pieces together.
4e8fe5911e,歯磨き,はみがき,hamigaki,dentifrice; toothpaste,N2,n,1601040,,歯磨きをしなさい。,Brush your teeth.
303f49de4d,はめる,はめる,hameru,(colloquial) to get in; to insert; to put on; to make love,N2,v1; vt,1566420,嵌める; 填める,オレ、うまくハメられた。,I was nicely framed.
e8c3be43a1,早口,はやくち,hayakuchi,fast-talking,N2,n; adj-no,1400240,,アナウンサーは早口が出来る。,The announcer can talk rapidly.
cf7ed4ab11,流行る,はやる,hayaru,to flourish; to thrive; to be popular; to come into fashion,N2,v5r; vi,1552310,,今インフルエンザが流行ってます。,There's a lot of flu going around now.
c5ad6eaac8,払い込む,はらいこむ,haraikomu,to deposit; to pay in,N2,v5m; vt,1501580,,月に１万円づつ銀行に払い込んだ。,I put ten thousand yen into the bank every month.
eecaaf06e0,払い戻す,はらいもどす,haraimodosu,to repay; to pay back,N2,v5s; vt,1501610,,サラは払い戻してもらう事を要求した。,Sarah demanded that she be given a refund.
18a13a1812,バランス,バランス,baransu,balance,N2,n; vs; vi,1099690,,鞍馬は、力よりもバランス感覚が必要です。,The pommel horse requires more balance than strength.
eda0d74d06,針金,はりがね,harigane,wire,N2,n,1366250,,私達は二本の柱の間に針金を張った。,We extended a wire between two posts.
651803575d,張り切る,はりきる,harikiru,to be in high spirits; to be full of vigor,N2,v5r,1427870,,,
83c1b273dd,反映,はんえい,han'ei,reflection; influence,N2,n; vs; vt; vi,1601160,,価格は需要を反映する。,The price reflects the demand.
efca806408,半径,はんけい,hankei,radius,N2,n,1479230,,"地球の半径は、約6,000キロです。",Earth's radius is about six thousand kilometres.
3b48c1cc8f,判子,はんこ,hanko,seal (used for signature),N2,n,1478550,,私たちの生活には判子が必需品です。,Hanko are essential in our daily life.
abd9751d6a,万歳,ばんざい,banzai,hurrah; cheers,N2,int; n; vs; vi,1601350,,女王万歳。,Long live the Queen!
e9427e3ec2,判事,はんじ,hanji,judge; judiciary,N2,n,1478560,,君はあの判事を買収できない。,You cannot buy that judge.
80f055ce16,反省,はんせい,hansei,reflection; reconsideration; introspection; meditation; contemplation,N2,n; vs; vt,1480540,,彼女は重大な過ちを後悔した、反省した。,She showed her regret over the serious mistake.
0ea36c77a8,番地,ばんち,banchi,house number; address,N2,n,1482360,,彼女はラッセルスクエア５６番地に住んでいた。,She lived at 56 Russell Square.
3fc7930042,パンツ,パンツ,pantsu,underpants,N2,n,1103270,,パンツとブラジャー以外は全部脱いでください。,Please take off all your clothes except your underpants and bra.
26ac2e6e2c,バンド,バンド,bando,band,N2,n,1100240,,バンドの演奏は何時に始まりますか。,What time will the band start playing?
421f9be199,半島,はんとう,hantou,peninsula,N2,n,1479770,,湿気の多い気候はその半島の特色です。,A humid climate is characteristic of the peninsula.
539a42f789,ハンドル,ハンドル,handoru,handle; steering wheel,N2,n,1096830,,このハンドルがどうしても回らないんだ。,This handle will not turn.
2c1f1f1788,日当たり,ひあたり,hiatari,exposure to the sun; sunny place,N2,n,1601420,,彼らは日当たりのよい家に住んでいる。,They live in a sunny house.
f084812be8,日帰り,ひがえり,higaeri,day trip,N2,n; vs; vi,1463920,,彼は日帰り旅行に行った。,He went on a one-day trip.
dc7f5a8762,比較的,ひかくてき,hikakuteki,comparatively; relatively,N2,adv,1483600,,平日は比較的混んでいないようです。,It seems less crowded during the week.
2ee08a024a,日陰,ひかげ,hikage,shadow,N2,n,1463840,,日陰で一休みしよう。,Let's take a rest in the shade.
0e494228e5,ぴかぴか,ぴかぴか,pikapika,glitter; sparkle,N2,adv-to; adv; adj-no; adj-na; vs,1010830,,その車はワックスがかけられてピカピカしている。,The car is waxed and shining.
7c1b863243,引き受ける,ひきうける,hikiukeru,to undertake; to take up; to take over,N2,v1; vt,1601520,,その仕事を引き受けようかなと思っている。,I'm wondering whether to take on that job.
3882078df6,引き返す,ひきかえす,hikikaesu,to repeat; to send back; to bring back,N2,v5s; vi,1169140,,今は引き返すには遅すぎる。,It's too late to turn back now.
cd7ac4a670,引算,ひきざん,hikizan,subtraction,N2,n; vs; vt,1601610,,足し算は好きだけど引き算は嫌いだ。,I like addition but not subtraction.
d19f56d467,引き止める,ひきとめる,hikitomeru,to detain; to check; to restrain,N2,v1; vt,1601750,,警察は怒った群衆を引き止めた。,The police held the angry crowd back.
37a4d0c9b3,卑怯,ひきょう,hikyou,cowardice; meanness; unfairness,N2,adj-na; n,1482710,,そんなふうに言うなんて卑怯だ。,It's mean of you to talk that way.
5db5c58e1b,引分け,ひきわけ,hikiwake,a draw (in competition); tie game,N2,n,1169120,引き分け,野球の試合は引き分けに終わった。,The baseball game ended in a draw.
903c265643,日差し,ひざし,hizashi,sunlight; rays of the sun,N2,n,1601830,,彼は手で目から日差しをさえぎった。,He used his hand to screen the sunlight from his eyes.
33cd091e92,肘,ひじ,hiji,elbow,N2,n,1487380,,彼女は私の肘をちょっと押した。,She gave my elbow a little jog.
47fca052ff,ピストル,ピストル,pisutoru,pistol,N2,n,1106660,,暴漢のピストルが発射された。,A ruffian's pistol went off.
510fabace9,ビタミン,ビタミン,bitamin,vitamin,N2,n,1105160,,ビタミンが豊富にある野菜を食べた方がいい。,You should eat some vegetables rich in vitamins.
63bf0178ca,ぴたり,ぴたり,pitari,tightly; closely,N2,adv; adv-to; vs,1010900,,彼らは息がぴたりと合っている。,They are a perfect match for each other.
66735bcdd3,引っ掛かる,ひっかかる,hikkakaru,to be caught in; to be stuck in; to be cheated,N2,v5r; vi,1169350,,留め金がうまく引っかからない。,The hook doesn't catch.
23b8c22f05,筆記,ひっき,hikki,(taking) notes; copying,N2,n; vs; vt,1487800,,この前の娘は口述内容を筆記するのも無理だった。速記なんて論外さ。,"That girl couldn't take things down in longhand, let alone shorthand."
bda2894093,ひっくり返す,ひっくりかえす,hikkurikaesu,to turn over; to overturn; to knock over; to upset; to turn inside out,N2,v5s; vt,1601870,引っ繰り返す,彼はテーブルをひっくり返した。,He turned the table upside down.
057d2de390,引っ繰り返る,ひっくりかえる,hikkurikaeru,to be overturned; to be upset; to topple over; to be reversed,N2,v5r; vi,1169320,,彼は体の平衡を失って、ひっくり返った。,He lost his balance and fell down.
10b2f52ea3,引越し,ひっこし,hikkoshi,moving (dwelling etc.); changing residence,N2,n; vs; vi,1601880,,引っ越しのとき手伝っていただけますか。,Could you help me when I move?
1a15a8fe4a,引っ込む,ひっこむ,hikkomu,to draw back; to sink; to cave in,N2,v5m; vi,1169390,,今までどこに引っこんでいたのですか。,Where've you been keeping yourself?
fbf1b7618e,筆者,ひっしゃ,hissha,writer; author,N2,n,1487830,,あなたは筆者が言っていることを理解できますか。,Can you make sense of what the writer is saying?
4c123afdff,必需品,ひつじゅひん,hitsujuhin,necessities; necessary article; requisite; essential,N2,n,1487500,,カメラは私の必需品でした。,The camera was essential for me.
2c558a8cbb,人差し指,ひとさしゆび,hitosashiyubi,index finger,N2,n,1601940,,火ばさみで人差し指をやけどした。,I burned my forefinger on fire tongs.
e6030f8180,一通り,ひととおり,hitotoori,ordinary; usual; in general; briefly,N2,adj-no,1164910,,私は生け花を一通りは習いました。,I have learned the basics of the art of flower arrangement.
52d1950fe6,人通り,ひとどおり,hitodoori,pedestrian traffic,N2,n,1368820,,その道路は人通りはなかった。,The road was clear of traffic.
0e1f5e1a46,ひとまず,ひとまず,hitomazu,for the present; once; in outline,N2,adv,1601990,一まず,彼は打ち切って、ひとまず休息しようという動議を出した。,He made a motion that we stop and rest awhile.
7283639663,瞳,ひとみ,hitomi,pupil (of eye),N2,n,1453900,,あなたの瞳に、吸い込まれそう！,I feel like I'm being drawn into your eyes.
d75d3e2220,一休み,ひとやすみ,hitoyasumi,a rest,N2,n; vs; vi,1161830,,日陰で一休みしよう。,Let's take a rest in the shade.
7dc4f9002b,独り言,ひとりごと,hitorigoto,a soliloquy; a monologue; speaking to oneself,N2,n,1455670,,私は彼がぶつぶつ独り言をいうのを聞いた。,I heard him mumble to himself.
9c34d52658,ひとりでに,ひとりでに,hitorideni,by itself; automatically; naturally,N2,adv,1455660,独りでに,ろうそくはひとりでに消えた。,The candle went out of itself.
6398ff89a6,ビニール,ビニール,biniiru,vinyl,N2,n; adj-no,1105580,,ビニールは熱に弱いのが難点だ。,The weakness of vinyl is that it is easily affected by heat.
b23a427cf5,皮肉,ひにく,hiniku,cynicism; sarcasm,N2,n; adj-na; adj-no,1483900,,私はあなたの皮肉な言葉は聞き捨てにはできません。,I resent your cynical remarks.
50b6055d9b,日日,ひにち,hinichi,every day; daily; day after day,N2,n,1611370,,会合の日にちと場所が決定された。,The date and place of the meeting have been fixed.
5687460a15,捻る,ひねる,hineru,to turn (a switch) on or off; to twist; to puzzle over,N2,v5r; vt,1469530,,私は石につまずいて、足首をひねってしまった。,"I tripped on a stone, twisting my ankle."
6e42efe14d,日の入り,ひのいり,hinoiri,sunset,N2,n,1463800,,こんなに美しい日の入りを見たことがありますか。,Have you ever seen such a beautiful sunset?
4f27080665,日の出,ひので,hinode,sunrise,N2,n,1463790,,なんと美しい日の出でしょう。,How beautiful a sunrise is!
0948f5e8f0,響き,ひびき,hibiki,echo; sound; reverberation; noise,N2,n,1602130,,彼の声に多少怒りの響きがあった。,There was a suggestion of anger in his voice.
1041182624,響く,ひびく,hibiku,to resound,N2,v5k; vi,1238610,,出席状況が最終の成績に響きます。,Your attendance will affect your final grade.
ad69650418,皮膚,ひふ,hifu,skin,N2,n,1483920,,日光は皮膚に作用する。,The sunbeam acts upon the skin.
30d9cc84d3,冷やす,ひやす,hiyasu,to cool; to refrigerate,N2,v5s; vt,1556770,,ワインをもっと冷やしたいんだ。,I want to chill the wine more.
b16f84d958,ひゃっかじてん,ひゃっかじてん,hyakkajiten,encyclopedia,N2,n,1602190,百科事典; 百科辞典,この百科事典は、妻のものです。,This encyclopedia belongs to my wife.
576d64fbe4,美容,びよう,biyou,beauty of figure or form,N2,n,1486670,,間食は美容に悪い。,Eating between meals is bad for the figure.
f54f6bb59e,表紙,ひょうし,hyoushi,front cover; binding,N2,n,1489600,,彼は手を伸ばして小さな皮表紙の本をとった。,He reached out and took down a small leather bound book.
d340763501,標識,ひょうしき,hyoushiki,sign; mark,N2,n,1488700,,彼らはその標識を壁に取り付けた。,They fixed the sign to the wall.
cc9839ab1b,標準,ひょうじゅん,hyoujun,standard; level,N2,n,1488710,,私は標準英語を勉強したい。,I want to learn standard English.
327bccbebd,標本,ひょうほん,hyouhon,example; specimen,N2,n,1488820,,たとえば、標本はいくつですか。,"How many samples, for example?"
36aeb65143,評論,ひょうろん,hyouron,criticism; critique,N2,n; vs; vt,1490080,,芸術家は時には評論を軽蔑することがある。,Some artists are contemptuous of criticism.
5fc011d141,平仮名,ひらがな,hiragana,hiragana; 47 syllables; the cursive syllabary,N2,n,1507090,,平仮名は書けるんだけど、片仮名はまだ書けないんだ。,"I can write hiragana, but I can't yet write katakana."
da902c0820,ビルディング,ビルディング,birudingu,building,N2,n,1106040,,,
4dcfec8f3b,昼寝,ひるね,hirune,nap (at home); siesta,N2,n; vs; vi,1426370,,私はよく日曜日に昼寝をしたものだった。,I would often take naps on Sundays.
4d386fdf0d,広げる,ひろげる,hirogeru,to spread; to extend; to expand; to enlarge,N2,v1; vt,1602370,,私は机の上に地図を広げた。,I unfolded the map on the desk.
1845cb2477,広さ,ひろさ,hirosa,extent,N2,n,1278440,,この家の広さはどのくらいありますか。,What is the area of this house?
db08c76b78,広場,ひろば,hiroba,plaza,N2,n,1278590,,広場で野球をするのはどうでしょうか。,How about we play baseball in the open space?
32731cb8f2,広々,ひろびろ,hirobiro,extensive; spacious,N2,adv-to; adv; vs; adj-na,1602380,,彼らの家の食堂はとても広々としている。,Their dining room is very spacious.
439a30e9ec,広める,ひろめる,hiromeru,to broaden; to propagate,N2,v1; vt,1278460,,彼らはキリストの福音を全世界に広めた。,They spread the Gospel all over the world.
4baa1bbded,ピンク,ピンク,pinku,pink,N2,n; adj-no,1107140,,あのピンクの服を着た女性はだれですか。,Who is the woman dressed in pink?
3e928e1c44,便箋,びんせん,binsen,writing paper; stationery,N2,n,1512640,,その便せんには校章が打ち出しにされている。,The note is embossed with the school emblem.
181f869fac,瓶詰,びんづめ,binzume,bottling; bottled,N2,n; vs; vt,1491130,,しかし、国産ワインといっても、国内で瓶詰めされたものは全て国産ワインとなります。,"Having said 'domestic wine', anything bottled domestically is deemed to be domestic wine."
15de07120f,ファスナー,ファスナー,fasunaa,fastener; zipper,N2,n,1108160,,ファスナーを発明したとき、その実業家は何と言ったか。,What did the businessman say when he invented the zip-fastener?
9bf00b9ce5,風船,ふうせん,fuusen,balloon,N2,n,1499940,,風船が空に上がっていった。,The balloon went up in the sky.
081607d806,不運,ふうん,fuun,unlucky; misfortune; bad luck; fate,N2,n; adj-na,1491290,,彼女はあの不運な人達に同情した。,She sympathized with those unfortunate people.
c3c21a7396,殖える,ふえる,fueru,to increase; to multiply,N2,v1; vi,1602440,,ここの交通量は増えた。,The traffic has built up here.
3957b9283e,深まる,ふかまる,fukamaru,to deepen; to heighten; to intensify,N2,v5r; vi,1362660,,夕闇が次第に深まっていった。,The twilight merged into darkness.
14cb0f15c3,不規則,ふきそく,fukisoku,irregularity; unsteadiness; disorderly,N2,adj-na; n,1491840,,生理が不規則です。,My menstrual cycle is irregular.
24966008ef,普及,ふきゅう,fukyuu,diffusion; spread,N2,n; vs; vt; vi,1497110,,電子商取引が急速に普及し始めた。,Electronic commerce began to spread rapidly.
832440ef33,付近,ふきん,fukin,neighbourhood; vicinity; environs,N2,n; n-suf,1496240,,この付近はモダンな建物が多い。,There are many modern buildings around here.
a89704a64a,拭く,ふく,fuku,to wipe; to dry,N2,v5k; vt,1357240,,額の汗をふきなさい。,Wipe the sweat from your brow.
370b10e13a,副詞,ふくし,fukushi,adverb,N2,n,1500440,,英語の副詞の中には形容詞の役目をするものがある。,Some English adverbs function as adjectives.
da73d5aa2c,複写,ふくしゃ,fukusha,copy; duplicate,N2,n; vs; vt,1501390,,エジソンは複写の装置を発明した。,Edison invented a device for duplication.
e5e24e47dc,複数,ふくすう,fukusuu,plural; multiple,N2,adj-no; n,1501400,,アジアの宗教から閃きを得て、彼は複数の素晴らしい彫刻を生み出した。,Asian religions inspire him to create splendid sculptures.
c77f6491db,含める,ふくめる,fukumeru,to include; to instruct; to make one understand,N2,v1; vt,1216890,,私も含めて全員、バスに乗った。,"All of us, including me, rode the bus."
20ea09ad5e,膨らます,ふくらます,fukuramasu,to swell; to expand; to inflate; to bulge,N2,v5s; vt,1519970,,イースト菌がパン生地を膨らます。,Yeast makes dough rise.
b683e19feb,膨らむ,ふくらむ,fukuramu,to expand; to swell (out); to get big; to become inflated,N2,v5m; vi,1519990,,タイヤに空気を入れれば膨らむ。,"If you pump air into a tire, it expands."
bc08ae4b7c,不潔,ふけつ,fuketsu,unclean; dirty; filthy; impure,N2,adj-na; n,1492160,,不潔は病気を生み出す。,Filth breeds illnesses.
6f6047f88e,更ける,ふける,fukeru,to get late; to advance; to wear on,N2,v1; vi,1279290,,夜が更けるにつれて寒くなった。,It became colder as the night wore on.
67bcdaaad0,符号,ふごう,fugou,sign; mark; symbol,N2,n,1497710,,,
7dda379104,夫妻,ふさい,fusai,man and wife; married couple,N2,n,1496520,,ジョーンズ夫妻は娘を愛している。,The Joneses love their daughter.
41c9221a62,塞がる,ふさがる,fusagaru,to be plugged up; to be shut up,N2,v5r; vi,1602570,,道路は倒れた木で塞がっていた。,The road is blocked by fallen trees.
a626854703,塞ぐ,ふさぐ,fusagu,to stop up; to close up; to block (up),N2,v5g; vt,1602590,,彼女はなぜかふさいでいる。,She looks blue for some reason.
76502785af,ふざける,ふざける,fuzakeru,to romp; to gambol; to frolic; to joke,N2,v1; vi,1566450,,ふざけるにもほどがある！,Even jokes have a limit!
4d4cfe8f59,無沙汰,ぶさた,busata,neglecting to stay in contact,N2,n; vs; vi,1672130,,ご無沙汰をして、ごめんなさい。,I am sorry I did not write to you for such a long time.
ebf84be776,武士,ぶし,bushi,warrior; samurai,N2,n,1583680,,武士は食わねど高楊枝。,"A samurai, even when he has not eaten, uses a toothpick like a lord."
a765e5f8a1,部首,ぶしゅ,bushu,radical (of a kanji character),N2,n,1499400,,,
8d8f0273ec,襖,ふすま,fusuma,sliding screen,N2,n,1181720,,,
c377958d2d,附属,ふぞく,fuzoku,attached; belonging; affiliated,N2,n; vs; vi; adj-no,1602700,,そのカレッジは大学に付属している。,The college is affiliated with the university.
ad4b92d6f8,蓋,ふた,futa,cover; lid; cap,N2,n,1204540,,このふたはあのジャーのふただ。,This lid belongs with that jar.
52ce5488e0,不通,ふつう,futsuu,suspension; interruption; stoppage; tie-up; cessation,N2,n,1493860,,電話は不通なの。,The phones aren't working.
f6627edb12,ぶつかる,ぶつかる,butsukaru,to strike; to collide with,N2,v5r; vi,1011180,,波は岩にぶつかってくだけている。,Waves are breaking against the rocks.
cd9f3a22c3,ぶつける,ぶつける,butsukeru,to knock; to run into; to nail on; to strike hard; to hit and attack,N2,v1; vt,2742080,打付ける,私に泥をぶつけて、泥だらけになった。,He threw mud at me and made me dirty.
1435dc6685,物騒,ぶっそう,bussou,dangerous; disturbed; insecure,N2,adj-na; n,1502640,,地震の後、この辺りは物騒だ。,After the earthquake the neighbourhood felt insecure.
826de86dee,ぶつぶつ,ぶつぶつ,butsubutsu,grumbling; complaining in a small voice,N2,n; adv; adv-to,1011200,,顔にぶつぶつができてる。最近、寝不足だからなぁ。,I'm getting little pimples on my face. I wonder if I've been getting enough sleep lately.
0bae48705e,船便,ふなびん,funabin,surface mail (ship),N2,n,1392100,,この小包を船便で送ってください。,Please send this parcel by surface mail.
900819c1c2,部品,ぶひん,buhin,parts; accessories,N2,n,1499480,,この車の予備の部品を買うことができない。,I cannot buy spare parts for this car.
49e3670ca1,吹雪,ふぶき,fubuki,snow storm,N2,n,1370780,,吹雪はまる一週間荒れ狂った。,The snowstorm raged for a full week.
92ef35557d,父母,ふぼ,fubo,father and mother; parents,N2,n,1497690,,ケンは父母がけんかしたときはいつも母の味方をする。,Ken always stands up for his mom when his parents quarrel.
660ecbecc6,踏切,ふみきり,fumikiri,railway crossing; level crossing; starting line; scratch; crossover,N2,n,1602840,,警報機が鳴っているときは絶対に踏切を渡らないでください。,Don't cross the tracks when the alarm is ringing.
1277bd1687,麓,ふもと,fumoto,the foot; the bottom; the base (of a mountain),N2,n,1611440,,山の麓に日が昇るが早いかただ一人山を登り始めた。,The sun had barely risen at the foot of the mountain when she set out alone up the slope.
bfff64ef30,増やす,ふやす,fuyasu,to increase; to add to; to augment,N2,v5s; vt,1602880,殖やす,体力を増やすように努めなさい。,Try to build up your strength.
d3602e8ff5,フライパン,フライパン,furaipan,fry pan; frying pan,N2,n,1111160,,このフライパンのとっては持ちやすい。,The handle of this pan is easy to hold.
dcd3581fc6,ブラウス,ブラウス,burausu,blouse,N2,n,1113650,,そのブラウスを見せて下さい。,"May I see that blouse, please?"
5be78c1183,ぶらさげる,ぶらさげる,burasageru,to hang; to suspend; to dangle; to swing,N2,v1; vt,1011250,ぶら下げる,,
0aa9e30a0b,ブラシ,ブラシ,burashi,brushy; brush,N2,n,1611450,,彼女は私の靴にさっとブラシをかけてくれた。,She gave my shoes a quick brush.
239c254b68,プラスチック,プラスチック,purasuchikku,plastic,N2,n; adj-no,1115670,,この椅子はプラスチックからできている。,This chair is made of plastic.
8e0346a626,プラットホーム,プラットホーム,purattohoomu,platform,N2,n,1115820,,プラットホームにはとても多くの人がいた。,There were a good many people on the platform.
d434669f71,フリー,フリー,furii,free,N2,adj-na; n,1111640,,このページはリンクフリーです。,You may link to this webpage freely.
e380a00f33,振り仮名,ふりがな,furigana,pronunciation key,N2,n,1361150,,振り仮名はどうやって付けますか？,How do I add furigana?
a992ca5e44,プリント,プリント,purinto,print; handout,N2,n; vs; vt,1116300,,先生は生徒たちにプリントを配布した。,The teacher distributed the handouts to the students.
5d0fdd4eb9,振舞う,ふるまう,furumau,to behave; to conduct oneself; to entertain (vt),N2,v5u; vi,1603090,,学生であるならそのように振舞いなさい。,"If you are a student, behave as such."
6de846a293,ブローチ,ブローチ,buroochi,brooch,N2,n,1114910,,,
32a8b1d784,プログラム,プログラム,puroguramu,program,N2,n,1117080,,私は解読プログラムを持っていません。,I don't have a decryption program.
2c104d9ef9,風呂敷,ふろしき,furoshiki,wrapping cloth; cloth wrapper,N2,n,1500150,,彼は風呂敷を十分に活用した。,He took full advantage of the wrapper.
b14b139308,ふわふわ,ふわふわ,fuwafuwa,light; soft,N2,adj-no; adj-na; adv-to; adv; vs,1113060,,寝不足で足元がふわふわしています。,My gait is unsteady from lack of sleep.
560025d6c1,噴火,ふんか,funka,eruption,N2,n; vs; vi,1504560,,その火山は今年２度噴火した。,The volcano has erupted twice this year.
0a69c6fc44,分解,ぶんかい,bunkai,analysis; disassembly,N2,n; vs; vt; vi,1503210,,時計を分解するのは組み立てるより簡単だ。,Taking a watch apart is easier than putting it together.
3728cbe0b1,文芸,ぶんげい,bungei,literature; art and literature; belles-lettres,N2,n,1505290,,,
606f11e5c2,文献,ぶんけん,bunken,literature; books (reference),N2,n,1505330,,その事実は古い文献のいくつかに見出される。,The facts are buried in a few old books.
441e70ebe8,噴水,ふんすい,funsui,water fountain,N2,n,1504610,,駅の前に噴水があります。,There is a fountain in front of the station.
83b24ee6c2,分数,ぶんすう,bunsuu,fraction (in math),N2,n; adj-no,1503860,,次の分数を小数に直しなさい。,Convert the following fractions to decimals.
4a77dc412c,文体,ぶんたい,buntai,literary style,N2,n,1505510,,あの作家の文体は優れている。,The writer has an excellent style.
65b1441da3,分布,ぶんぷ,bunpu,distribution,N2,n; vs; vi,1504160,,この種の昆虫は日本に広く分布している。,These insects are widely distributed throughout Japan.
06171296c0,文房具,ぶんぼうぐ,bunbougu,stationery,N2,n,1505620,,私はこのペンを近所の文房具店で買った。,I bought this pen at the stationer's around the corner.
ab44e5ba85,文脈,ぶんみゃく,bunmyaku,context,N2,n,1505630,,言葉の意味は文脈によって変わりうる。,The meaning of words can change according to their context.
4c46afe738,分量,ぶんりょう,bunryou,amount; quantity,N2,n,1504430,,その作り方の分量は六人分です。,The recipe serves six people.
1c8441a1d8,分類,ぶんるい,bunrui,classification,N2,n; vs; vt,1504460,,彼は書類の分類を終えた。,He finished sorting the papers.
3beb5d12ff,閉会,へいかい,heikai,closure,N2,n; vs; vt; vi,1508600,,国会は閉会して夏休みに入った。,The Diet rose for summer recess.
f412accc0e,平気,へいき,heiki,coolness; calmness; composure; unconcern,N2,adj-na; n,1507180,,彼は平気でうそをつく。,He has no scruples about lying.
e59175c727,並行,へいこう,heikou,(going) side by side; concurrent; abreast; at the same time,N2,n; vs; vi; adj-no,1508480,,その道路は川と並行している。,The road is parallel to the river.
744459cac8,平日,へいじつ,heijitsu,weekday; ordinary days,N2,adv; n,1507720,,平日料金と休日料金で、１万円も違うんだ。,"You have to pay 10,000 yen extra on holidays."
62a7044caf,兵隊,へいたい,heitai,soldier; sailor,N2,n,1506590,,その市はやがて兵隊によって占領された。,The city was soon occupied by the soldiers.
c1b3dfd7f4,平凡,へいぼん,heibon,common; commonplace; ordinary; mediocre,N2,adj-na; n,1507910,,その模様の色は実に平凡なものである。,The colors of the pattern are very ordinary.
88886a432e,平野,へいや,heiya,plain; open field,N2,n,1508030,,私たちは山の上から平野を見下ろした。,We looked down on the plain from the hilltop.
0aa3c83853,凹む,へこむ,hekomu,to be dented; to be indented; to yield to; to give; to sink; to collapse; to cave in; to be snubbed,N2,v5m; vi,1179200,,トムは彼女にフラれてへこんでいる。,Tom is depressed because his girlfriend left him.
5e99c7d855,へそ,へそ,heso,navel; belly-button,N2,n,1571170,臍,彼は臍を固めて一世一代の大事業に乗り出した。,He resolved to embark on a once-in-a-lifetime enterprise.
a2d96b6d4b,隔てる,へだてる,hedateru,to be shut out,N2,v1; vt,1206360,,アイルランドとイギリスは海によって隔てられている。,Ireland and England are separated by the sea.
27127be764,別荘,べっそう,bessou,holiday house; villa,N2,n,1509970,,その別荘は清潔で整然としていた。,The cottage was clean and tidy.
d75bb986c5,別々,べつべつ,betsubetsu,separately; individually,N2,adj-no; adj-na; n,1603290,,我々は別れて別々の道を行った。,We broke up and went our own ways.
55a812679e,ベテラン,ベテラン,beteran,veteran,N2,n; adj-no,1119700,,父はこの道２０年のベテランです。,My father has been doing this job for twenty years.
a689dc3fbb,ヘリコプター,ヘリコプター,herikoputaa,helicopter,N2,n,1118780,,彼らはヘリコプターで救出された。,They were rescued by helicopter.
1b26844542,編集,へんしゅう,henshuu,editing; compilation; editorial (e.g. committee),N2,n; vs; vt,1603240,,ビルは編集部員です。,Bill is on the editorial staff.
68942e3c2c,便所,べんじょ,benjo,toilet; lavatory; rest room; latrine; comfort station,N2,n,1512520,,生徒はこの便所を使ってはならない。,Students must not use this toilet.
f76eb1bd74,ペンチ,ペンチ,penchi,(abbreviation) pliers (lit: pinchers),N2,n,1121520,,ペンチは道具箱に入れといて。,Put the pliers in the tool box.
e119a69b33,望遠鏡,ぼうえんきょう,bouenkyou,telescope,N2,n,1519650,,彼は望遠鏡に目を当てた。,He put his eye to a telescope.
e976328667,方角,ほうがく,hougaku,direction; way; compass point,N2,n,1516950,,その物体は光を放ちながら南の方角へ飛んで行った。,"The object flew away to the south, giving out flashes of light."
7d7ffe5b69,箒,ほうき,houki,broom,N2,n,1566500,,彼女はほうきで部屋を掃除する。,She sweeps the room with a broom.
fa35b044bd,方言,ほうげん,hougen,dialect,N2,n,1516980,,彼らは南部の方言で話していた。,They were speaking in a Southern dialect.
c5ce96af8e,坊さん,ぼうさん,bousan,Buddhist priest; monk,N2,n,1519050,,あの偉い坊さんを見ろよ。,Look at the big shot.
931842c186,防止,ぼうし,boushi,prevention; check,N2,n; n-suf; vs; vt,1520380,,チョコレートにはＬＤＬの酸化を防止する力がある。,Chocolate acts to prevent LDL oxidisation.
144c1b4945,方針,ほうしん,houshin,objective; plan; policy,N2,n,1517040,,方針は２つの意見の間をあれこれとぐらついた。,The policy fluctuated between two opinions.
df23c49a07,包装,ほうそう,housou,packing; wrapping,N2,n; vs; vt,1515510,,食品包装は腐敗を減らす。,Food packaging reduces spoilage.
242ec4e108,法則,ほうそく,housoku,law; rule,N2,n,1517380,,あらゆるものは自然の法則を受けている。,Everything is subject to the laws of nature.
f77bd3fe09,包帯,ほうたい,houtai,bandage; dressing,N2,n; vs; vt,1603360,,私は片足に包帯を巻いた犬を見た。,I saw a dog with one paw bandaged.
5c7174993d,膨大,ぼうだい,boudai,huge; bulky; enormous; extensive; swelling; expansion,N2,adj-na,1603660,,インテル社はその発明で膨大な特許料を得ている。,Intel gets a huge royalty from the invention.
0ef2dfb416,庖丁,ほうちょう,houchou,kitchen knife; carving knife,N2,n,1515530,,子供に包丁をいたずらさせてはダメだよ。,Don't let your boy play with a knife.
f48b6d18cb,方程式,ほうていしき,houteishiki,equation,N2,n,1517060,,以下の方程式の解を求めよ。,Find the solution to the following equation.
a82d4898b1,防犯,ぼうはん,bouhan,prevention of crime,N2,n; adj-no,1520570,,防犯カメラの映像をよく見たら人がいた。,"If you look at the security camera footage closely, there's a person there."
e9cdfd4e18,方面,ほうめん,houmen,"direction; district; field (e.g., of study)",N2,n; n-suf,1517100,,２５号線北方面の入り口付近にいます。,I'm near the on ramp to 25 north.
5132190319,坊や,ぼうや,bouya,boy,N2,n,1519060,,楽しい夢を見てね、ティミー坊や。,"Sweet dreams, Timmy."
f28930bb60,放る,ほうる,houru,to let go,N2,v5r; vt,1516530,,その車は何週間も放ってある。,The car has been kicking around the roadside for weeks.
c8370d28b0,ボーナス,ボーナス,boonasu,bonus,N2,n,1123520,,ボーナス全部を買い物と旅行に使ってしまった。,I blew my whole bonus on shopping and travel.
4bbdbe5413,朗らか,ほがらか,hogaraka,brightness; cheerfulness; melodious,N2,adj-na,1560710,,母は、のんきでほがらかでお人好しです。,"My mother is carefree, cheerful and good-natured."
a5d2ff7c14,牧場,ぼくじょう,bokujou,farm (livestock); pasture land; meadow; grazing land,N2,n,1584250,,あなたの牧場は何エーカーありますか。,What is the acreage of your ranch?
b9dca7d4d5,牧畜,ぼくちく,bokuchiku,stock-farming,N2,n,1521820,,,
3a92a937ea,保健,ほけん,hoken,health preservation; hygiene; sanitation,N2,n,1513410,,ＷＨＯとは世界保健機構を表す。,WHO stands for World Health Organization.
9784d74af5,募集,ぼしゅう,boshuu,recruiting; taking applications,N2,n; vs; vt,1514830,,うちのバスケット部は背の高い男子を募集している。,Our basketball team is recruiting tall boys.
119c294e09,干す,ほす,hosu,to air; to dry; to desiccate; to drain (off); to drink up,N2,v5s; vt,1603510,,この座布団を干して下さい。,Please air the zabuton.
9b7b87e488,ポスター,ポスター,posutaa,poster,N2,n,1125110,,彼は立ち止まってポスターをのぞき込んだ。,He paused to look at the poster.
2bf1b2ef65,北極,ほっきょく,hokkyoku,North Pole,N2,n,1520890,,シロクマは北極地方に住んでいる。,Polar bears live in the Arctic.
00283ee1a0,坊っちゃん,ぼっちゃん,botchan,son (of others),N2,n,1603720,坊ちゃん,御坊ちゃんに幸あれ。,All our best to that little boy.
33932ce3b2,ほどく,ほどく,hodoku,to unfasten,N2,v5k; vt,1198900,解く,これらの包みをほどくのを手伝って下さい。,"Lend a hand with these parcels, please."
1a3e85188c,堀,ほり,hori,moat; canal,N2,n,1522060,,,
9b36079d07,掘る,ほる,horu,to dig; to excavate,N2,v5r; vt,1246690,,ジャガイモを掘ったことがありますか。,Have you dug up potatoes?
6fc77ae762,彫る,ほる,horu,to carve; to engrave; to sculpture; to chisel,N2,v5r; vt,1427950,,彼は私に木の人形を彫ってくれた。,He carved me a wooden doll.
52ecfdedf9,ぼろ,ぼろ,boro,rag; scrap; tattered clothes; fault (esp. in a pretense),N2,n,1572500,襤褸,ぼろ服が正直者を包んでいるかもしれない。,A ragged coat may cover an honest man.
92860482c9,盆,ぼん,bon,Lantern Festival; Festival of the Dead; tray,N2,n,1523700,,アイリーン・ペパーバーグが、アレックスと名づけたオウムの前で丸いお盆を持っている。,Irene Pepperberg holds a round tray in front of a parrot she has named Alex.
20d7554878,盆地,ぼんち,bonchi,basin (e.g. between mountains),N2,n,1523760,,この地方は盆地になっている。,This district forms a basin.
9844f0cd5b,本部,ほんぶ,honbu,headquarters,N2,n,1523170,,大学本部はニューヨークに分校を設立することを決定した。,The University Administration decided to set up a branch campus in New York.
815dc7a9f6,本来,ほんらい,honrai,essentially; naturally; by nature,N2,adv; n; adj-no,1523270,,競争は本来悪いものではない。,Competition is not by nature evil.
1e3e361278,まあまあ,まあまあ,maamaa,so-so,N2,adj-no; adj-na; adv,1012070,,まあまあ、そう怒らないでくださいな。,"Now, please don't get so angry."
adccf2fc72,枚数,まいすう,maisuu,the number of flat things,N2,n,1524630,,コピーの枚数を数えてください。,Please count the number of copies.
5dbc73b387,毎度,まいど,maido,each time; common service-sector greeting,N2,adv; n,1524710,,毎度ごひいきにありがとうございます。,Thank you for your patronage.
286b27e0f2,マイナス,マイナス,mainasu,minus,N2,n; vs; vt,1126980,,昨夜、温度計はマイナス１０度を示した。,The thermometer registered minus ten last night.
caee7aa282,巻く,まく,maku,to wind; to coil; to roll,N2,v5k; vt,1211200,,長い物には巻かれろ。,"If you can't lick 'em, join 'em."
2dcd1e6d1c,撒く,まく,maku,to scatter; to sprinkle; to sow,N2,v5k; vt,1303400,,まいた種は刈らねばならない。,"As you sow, so shall you reap."
1538638436,蒔く,まく,maku,to sow (seeds),N2,v5k; vt,2611890,,春が来ると、彼らは畑を耕し種を蒔く。,"When spring comes, they plow the fields and plant seeds."
71689664c6,枕,まくら,makura,pillow; bolster,N2,n; n-suf,1524860,,彼は枕に頭を横たえた。,He laid his head on the pillow.
8afc22f427,曲げる,まげる,mageru,to bend; to crook; to lean,N2,v1; vt,1239740,,少年は考えを曲げなかった。,The boy persisted in his opinion.
887dd59c85,まごまご,まごまご,magomago,confused,N2,adv; vs,1012110,,,
b9ac4b3de8,摩擦,まさつ,masatsu,friction; rubbing; rubdown; chafe,N2,n,1523830,,米国人とイギリス人との間の摩擦が高まった。,Friction between the Americans and the British mounted.
948ad087df,交ざる,まざる,mazaru,to be mixed; to be blended with; to associate with; to mingle with; to join,N2,v5r; vi,1603920,,油と水は混ざらないんだ。,Oil and water don't mix.
eadadef662,混ざる,まざる,mazaru,to be mixed; to be blended with; to associate with; to mingle with; to join,N2,v5r; vi,1603920,,油と水は混ざらないんだ。,Oil and water don't mix.
983c20ed4c,交じる,まじる,majiru,to be mixed; to be blended with; to associate with,N2,v5r; vi,1603930,,トムは知らない人に混じって居心地が悪かった。,Tom is ill at ease among strangers.
8a0cc52e6c,混じる,まじる,majiru,to be mixed; to be blended with; to associate with,N2,v5r; vi,1603930,,トムは知らない人に混じって居心地が悪かった。,Tom is ill at ease among strangers.
2caf48afc9,マスク,マスク,masuku,mask,N2,n,1127870,,医師は鼻と口に白のマスクをしていた。,The doctors wore white masks over their mouths and noses.
bfe15d1832,交ぜる,まぜる,mazeru,to be mixed; to be blended with,N2,v1; vt,1290310,,水を加え、練り粉がどろどろしない程度に混ぜなさい。,Add water and mix to a firm dough.
1bef1a1d14,混ぜる,まぜる,mazeru,to mix; to stir,N2,v1; vt,1290310,,水を加え、練り粉がどろどろしない程度に混ぜなさい。,Add water and mix to a firm dough.
9113dd771d,またぐ,またぐ,matagu,to straddle,N2,v5g; vt,1267830,跨ぐ,もう二度とこの家の敷居はまたがない。,I'll never set foot in this house again.
a0ae194568,待合室,まちあいしつ,machiaishitsu,waiting room,N2,n,1410630,,彼は待合室に座っています。,He's sitting in the waiting room.
4df5b3b93f,待ち合わせる,まちあわせる,machiawaseru,to rendezvous; to meet at a prearranged place and time,N2,v1; vt; vi,1410520,,私たちはいつも学校へ行く途中で待ち合わせた。,We used to meet on our way to school.
664f19910f,街角,まちかど,machikado,street corner,N2,n,1204580,,あの町かどに公衆電話ボックスがある。,There is a telephone booth at the corner of the street.
ec0dc25400,真っ暗,まっくら,makkura,total darkness; shortsightedness; pitch dark,N2,adj-na; n,1363190,,外は真っ暗だった。,It was pitch black outside.
6b2058cefd,真っ黒,まっくろ,makkuro,pitch black,N2,adj-na; adj-no; n,1604050,,あーあ、トーストが真っ黒に焦げてしまっているよ。,"Oh, the toast is burned black."
0813533938,真っ青,まっさお,massao,deep blue; ghastly pale,N2,adj-na; n,1604080,,これをきいたとたん、彼は真っ青になった。,"On hearing this, he turned pale."
6df37ce93e,真っ先,まっさき,massaki,the head; the foremost; beginning,N2,n,1363260,,私は真っ先に母にそれを告げた。,I told it to my mother first and foremost.
8e3e2ae5c5,真っ白,まっしろ,masshiro,pure white,N2,adj-na; adj-no; n,1580620,,見渡す限り、野原は真っ白だった。,The field was white as far as the eye could see.
a8392b4138,祭る,まつる,matsuru,to deify; to enshrine,N2,v5r; vt,1295250,,この記念碑は祖国に命を捧げた兵士を祭っている。,This monument is dedicated to the soldiers who gave their lives to their country.
8c71b2d8dc,窓口,まどぐち,madoguchi,ticket window,N2,n,1401420,,トラベラーズチェックを現金に替えてくれるのはこの窓口ですか。,Is this the right window for cashing travelers' checks?
929b330442,纏まる,まとまる,matomaru,to be collected; to be settled; to be in order,N2,v5r; vi,1611640,,よし、これで取引はまとまった。,All right. It's a deal.
270c29cab7,まとめる,まとめる,matomeru,to put in order; to collect; to bring to a conclusion,N2,v1; vt,1440930,纏める,データはまだまとめていません。,The data hasn't been compiled yet.
d786baf9ce,真似る,まねる,maneru,to mimic; to imitate,N2,v1; vt,1363760,,オウムは人の声を真似ることができる。,A parrot can mimic a person's voice.
3b1a3c27ee,まぶしい,まぶしい,mabushii,dazzling; radiant,N2,adj-i,1569790,眩しい,太陽がまぶしい。,My eyes are dazzled by the sun.
5cf71aab8a,まぶた,まぶた,mabuta,eyelids,N2,n,1569920,瞼; 目蓋,彼は眠くて瞼が重かった。,His eyes were heavy with sleep.
f49b31d33f,マフラー,マフラー,mafuraa,muffler; scarf,N2,n,1129210,,五次元のマフラーはよい音がする。,The 5ZIGEN exhaust makes a nice sound.
ea4dcb2f93,間も無く,まもなく,mamonaku,soon; before long; in a short time,N2,adv,1215290,間もなく,彼は間もなく家族に受け入れられた。,He was soon accepted into the family.
2a27b7f164,マラソン,マラソン,marason,marathon,N2,n,1129290,,,
1a7c32fbcb,円い,まるい,marui,round; circular; spherical,N2,adj-i,1604230,,その家は丸く見えるが完全円ではない。,"The house looks circular, but it isn't a complete circle."
289f63372e,稀,まれ,mare,rare; seldom,N2,adj-na,1604280,,ピカソのような画家は稀だ。,Such painters as Picasso are rare.
6dd058d65e,回り道,まわりみち,mawarimichi,detour,N2,n; vs,1199360,,彼らはぐるっと回り道をしてやってきた。,They came round about.
eefbfe2afe,満員,まんいん,man'in,full house; no vacancy; sold out,N2,n; adj-no,1526720,,バスは満員だった。,The bus was filled to capacity.
0d4a82941e,マンション,マンション,manshon,large apartment; apartment house,N2,n,1130040,,私のおじはマンションに住んでいる。,My uncle lives in an apartment.
9be6756fdb,満点,まんてん,manten,perfect score,N2,n,1604340,,ベッドは寝心地満点だった。,I found the bed quite comfortable.
2effe26e96,見送る,みおくる,miokuru,to see off; to farewell; to escort; to let pass,N2,v5r; vt,1259830,,両親は空港まで私を見送ってくれた。,My parents came to the airport to see me off.
a104cae099,見下ろす,みおろす,miorosu,to overlook; to command a view of; to look down on something,N2,v5s; vt,1259370,,その建物から町全体が見下ろせる。,The building looks down on the whole town.
808b166fab,見掛け,みかけ,mikake,outward appearance,N2,n,1604420,,見かけ通り彼女は行動力がある。,She is as active as she looks.
c5553fccf6,三日月,みかづき,mikazuki,new moon; crescent moon,N2,n,1301340,,足で三日月を踏んでいる。,I am stepping on the crescent moon with my feet.
0e2bb18941,岬,みさき,misaki,cape (on coast),N2,n,1611700,,その船は岬を回った。,The ship sailed around the cape.
06f8dff15d,みじめ,みじめ,mijime,(archaic) sad; pitiful; wretched,N2,adj-na,1303280,惨め,わたしはそのことで全くみじめです。,I am quite unhappy about it.
90c68d3dba,ミシン,ミシン,mishin,sewing machine,N2,n,1130640,,私は新しいミシンを買った。,I bought a new sewing machine.
f4a811b786,店屋,みせや,miseya,store; shop,N2,n,1910260,,,
5fc0847a6d,見出し,みだし,midashi,heading; caption; subtitle; index,N2,n,1259710,,世界はまだ平和を見出していない。,The world still has not found peace.
5562be30ed,道順,みちじゅん,michijun,itinerary; route,N2,n,1611770,,地下鉄の駅までの道順を教えていただけませんか。,Can you give me directions to the subway station?
33be961c3b,みっともない,みっともない,mittomonai,shameful; indecent,N2,adj-i,1259250,見っともない,人前でああいうみっともないことはするな。,Don't do such a shameful thing in public.
0c08f09a61,見直す,みなおす,minaosu,to look again; to get a better opinion of,N2,v5s; vt,1259900,,見直したよ。,I'm seeing you in a new light.
b7564c7765,見慣れる,みなれる,minareru,to become used to seeing; to be familiar with,N2,v1; vi,1604650,,目覚めると、見慣れない部屋にいた。,I awoke to find myself in a strange room.
141d9437e0,醜い,みにくい,minikui,ugly,N2,adj-i,1333810,,彼女は醜いドレスを着ていました。,She was wearing an ugly dress.
dbb403f3ea,実る,みのる,minoru,to bear fruit; to ripen,N2,v5r; vi,1320850,,君の努力はもうじき実るだろう。,Your efforts will soon pay off.
90dd7bd4a0,身分,みぶん,mibun,social position; social status,N2,n,1365810,,支配人はドアを開いて身分を名乗った。,The manager opened the door and identified himself.
a653025024,見本,みほん,mihon,sample,N2,n; adj-no,1260100,,彼は登山家の良い見本だ。,He is a fine type of mountain climber.
41ab03b928,見舞う,みまう,mimau,to ask after (health); to visit,N2,v5u; vt,1259990,,彼は入院中の病気の友人を見舞った。,He visited a sick friend who was in the hospital.
6b94607e2f,未満,みまん,miman,less than; insufficient,N2,n-suf; n; adv,1528040,,５歳未満の小人は、入場料は要りません。,There is no admission fee for children under five.
718a562886,名字,みょうじ,myouji,surname; family name,N2,n,1604730,,あなたの名字はどうつづるのですか。,How do you spell your family name?
d320c18c4b,ミリ,ミリ,miri,milli-; 10^-3,N2,pref,1131830,,目の前で繰り広げられるやり取りは、俺が入り込む隙なんて一ミリもない。,The exchange unfolding in front of my eyes had not a single millimetre of a gap in which for me to slip.
278ce641d4,診る,みる,miru,to examine (medical),N2,v1; vt,1365450,,歯医者に診てもらうべきだ。,You ought to see a dentist.
ec35d72f72,民間,みんかん,minkan,private; civilian; civil; popular; folk; unofficial,N2,adj-no; n,1528630,,今度の税金は全ての民間企業に適用される。,This tax is applied to all private-sector enterprises.
42e6eb9310,民謡,みんよう,min'you,folk song; popular song,N2,n,1529270,,兄が民謡に興味を抱き始めたのは十二歳ごろだった。,My older brother started to take interest in Japanese folk songs when he was around 12 years old.
d2a076ec5a,剥く,むく,muku,to peel; to skin; to pare; to hull,N2,v5k; vt,1474370,,このなしの皮をむくナイフを貸して下さい。,Lend me a knife with which to peel this pear.
c6e5255341,無限,むげん,mugen,infinite,N2,adj-no; adj-na,1529880,,石油の供給は無限ではない。,Supplies of oil are not infinite.
f8022a178f,無地,むじ,muji,plain; unfigured,N2,adj-no; n,1530650,,無地の白い紙で十分です。,Plain white paper will do.
43a20bd4f7,蒸し暑い,むしあつい,mushiatsui,humid; sultry,N2,adj-i,1356870,,その晩はとてもむし暑かった。,It was very sultry that night.
af01900899,矛盾,むじゅん,mujun,contradiction; inconsistency,N2,n; vs; vi,1531090,,それは矛盾だらけだ。,It's a bundle of contradictions.
1444d9ab35,蒸す,むす,musu,to steam; to poultice; to be sultry,N2,v5s; vt,1356900,,,
4ad69f79ae,無数,むすう,musuu,countless number; infinite number,N2,adj-no; adj-na; n,1530280,,顧みられぬ無数の漂流者が家を求めてる。,A hundred billion castaways are looking for a home.
b0020130bb,紫,むらさき,murasaki,purple colour; violet,N2,n; adj-no,1311640,,その色はピンクというより紫だ。,The color is purple rather than pink.
89d19700e5,群れ,むれ,mure,group; crowd; flock; herd,N2,n,1247510,,鳥は群れをなして飛んでいた。,The birds were flying in a group.
0b3f7b2cf0,姪,めい,mei,niece,N2,n,1532940,,その姪は彼女の叔母さんのように見えます。,The niece looks like her aunt.
99e2fbab02,名作,めいさく,meisaku,masterpiece,N2,n,1531500,,この映画はまさしく不朽の名作である。,This film is indeed an enduring masterpiece.
8867344d55,名刺,めいし,meishi,business card,N2,n,1531550,,これが私の名刺です。,Here's my card.
f00e187c45,名詞,めいし,meishi,noun,N2,n,1531570,,名詞を修飾するものは、形容詞または形容詞相当語句です。,Things that modify nouns are adjectives or equivalent to adjectives.
eb8077f101,名所,めいしょ,meisho,famous place,N2,n,1531600,,スイスには名所が多い。,Switzerland boasts many sights.
3086a4fcb2,迷信,めいしん,meishin,superstition,N2,n,1532760,,その迷信は彼らの間で今なお残っている。,This superstition still lingers on among them.
f66b8d1678,命ずる,めいずる,meizuru,to command; to appoint,N2,vz; vt,1531970,,私は後に残るよう命ぜられた。,I was bidden to stay behind.
7fa68b5b8f,名物,めいぶつ,meibutsu,famous product; special product; speciality,N2,n,1531810,,この地方の名物料理がありますか。,Do you have any regional dishes?
68378c2685,銘々,めいめい,meimei,each; individual,N2,adv; adj-no; n,1532810,,生徒はめいめい自分の机を持っている。,Each student has his own desk.
c864ff58da,目上,めうえ,meue,superior(s); senior,N2,n,1535490,,目上の人には礼儀正しくしなければならない。,You must be polite to your elders.
93c3df67fe,メーター,メーター,meetaa,meter (clock),N2,n,1132530,,メーターの数字を読んでください。,Read the meter.
d9f7dc8efd,恵まれる,めぐまれる,megumareru,to be blessed with; to be rich in,N2,v1; vi,1611980,,私は健康に恵まれている。,I am blessed with good health.
8966756fe1,巡る,めぐる,meguru,to go around,N2,v5r; vi,1342050,,思想は世界中をアッという間に巡る。,Around the world thoughts shall fly in the twinkling of an eye.
b6fbd99b21,目指す,めざす,mezasu,to aim at; to have an eye on,N2,v5s; vt,1535440,,教育はテストに合格することを目指すべきでない。,Education shouldn't be aimed at passing a test.
6937ebd690,目覚し,めざまし,mezamashi,(abbreviation) alarm-clock,N2,n,1535340,,目覚ましを７時にセットしよう。,I'll set the alarm for seven o'clock.
04428b9eb4,目下,めした,meshita,subordinate; subordinates; inferior; inferiors,N2,n,1535320,,目下の者をないがしろにするな。,Don't ignore your subordinates.
afd6358788,目印,めじるし,mejirushi,mark; sign; landmark,N2,n,1535300,,そこに行く道がわかるように、近くの目印を教えて下さい。,I wish to know a landmark nearby so I can find my way there.
6d105647c5,目立つ,めだつ,medatsu,to be conspicuous; to stand out,N2,v5t; vi,1535700,,スーツを着て彼は目立っていた。,He was conspicuous in his suit.
a3c5f7dcf6,めちゃくちゃ,めちゃくちゃ,mechakucha,absurd; unreasonable; excessive; messed up; spoiled; wreaked,N2,adj-na; n,1533000,滅茶苦茶,めちゃくちゃアホくさいミスでした。,It was a very foolish mistake.
8093d21731,めっきり,めっきり,mekkiri,remarkably,N2,adv; adv-to,1012470,,めっきり寒くなった。,It has become noticeably colder.
561a981d4b,めでたい,めでたい,medetai,happy; simple soul; propitious; joyous,N2,adj-i,1608630,愛でたい,あいつは本当におめでたい人間だ。,He is really a perfect idiot.
5af15108d0,メニュー,メニュー,menyuu,menu,N2,n,1133790,,もう一度メニューを見せていただけますか。,"Can I have the menu again, please?"
318006f78a,めまい,めまい,memai,dizziness; giddiness,N2,n,1569810,目眩,私は空腹でめまいがした。,I felt faint with hunger.
1782d38488,目安,めやす,meyasu,criterion; aim,N2,n,1535280,,,
f05f6d0f42,免税,めんぜい,menzei,tax exemption; duty exemption,N2,n; vs; vt; vi; adj-no,1533230,,この品物は全部免税です。,These articles are all exempt from duty.
216a25fa32,面積,めんせき,menseki,area,N2,n,1533500,,この都市の面積はどれくらいか。,What is the area of this city?
571cef47c2,面接,めんせつ,mensetsu,interview,N2,n; vs; vi,1533510,,ホームステイをするにはスポンサーの面接を受けなくてはならない。,In order to qualify for the homestay you must have an interview with the sponsors.
62b886bb5d,面倒臭い,めんどうくさい,mendoukusai,bother to do; tiresome,N2,adj-i,1533560,,そこまで歩いて行くのはめんどうくさい。,It's too much trouble to walk there.
cd0fa19df1,儲かる,もうかる,moukaru,to be profitable; to yield a profit,N2,v5r; vi,1534490,,その仕事で少しはお金が儲かったかい。,Did you make any money out of that business?
665e84881e,儲ける,もうける,moukeru,"to get; to earn; to gain; to have (bear, beget) a child",N2,v1; vt,1534500,,ここに先物取引で儲けた方いらっしゃいますか？,Has anybody here made a profit in futures trading?
c4d0463a66,申し訳ない,もうしわけない,moushiwakenai,inexcusable,N2,exp; adj-i,1612040,,申し訳ないけど、できません。,"I'm sorry, but it's impossible."
6fbd0014e7,モーター,モーター,mootaa,motor,N2,n,1134480,,そのボートは動力にモーターを使用している。,The boat uses a motor for the power.
373d6e5184,木材,もくざい,mokuzai,lumber; timber; wood,N2,n,1534660,,この古い家は木材でできている。,This old house is made of wood.
dc3a23af19,目次,もくじ,mokuji,table of contents,N2,n,1535460,,皆さんは目次を見てください。,"Please look at the table of contents, everyone."
a603c7698c,潜る,もぐる,moguru,to dive (into or under water); to go underground; to hide oneself; to get under (e.g. a desk),N2,v5r; vi,1609715,,海に潜ったら耳抜きしてください。,"If you go underwater, hold your nose and blow to clear your ears."
9f5b58ff5e,もしかしたら,もしかしたら,moshikashitara,perhaps; maybe; by some chance,N2,exp; adv,1012510,若しかしたら,もしかしたら彼は気が変わるかもしれない。,He might change his mind.
1b67b6cb7e,もしかすると,もしかすると,moshikasuruto,perhaps; maybe; by some chance,N2,adv,1012530,若しかすると,もしかすると彼は明日来るかもしれない。,He might come tomorrow.
32ffe9094a,もたれる,もたれる,motareru,to lean against; to lean on; to recline on; to lie heavy (on the stomach),N2,v1; vi,1564380,凭れる,彼は壁にもたれていた。,He was leaning against the wall.
20aed3de76,モダン,モダン,modan,modern,N2,adj-na,1134990,,この付近はモダンな建物が多い。,There are many modern buildings around here.
8519c7e2a4,餅,もち,mochi,sticky rice cake,N2,n,1535790,,彼は餅をすっかり食べたわけではない。,He didn't eat all of the rice cakes.
df272e125c,もったいない,もったいない,mottainai,too good; more than one deserves; wasteful; sacrilegious; unworthy of,N2,adj-i,1605250,勿体ない,この服はわたしにはもったいない。,This suit is too good for me.
cea0736426,モデル,モデル,moderu,model,N2,n,1135270,,彼女はモデルになる努力をしている。,She is making an effort at becoming a model.
4d852efca2,元々,もともと,motomoto,originally; by nature; from the start,N2,adv; adj-no,1605280,,彼らは元々あった文明を破壊した。,They destroyed the native civilization.
5e56475dc8,物置,ものおき,monooki,storage room,N2,n,1502690,,物置に鍵をかけるのを忘れちゃった。,I forgot to lock the storeroom.
cce9ade407,物語る,ものがたる,monogataru,to tell; to indicate,N2,v5r; vt,1502490,,この話はアメリカに起こっていることについて多くを物語っている。,This story says a lot about what has happened to America.
32ae3dcc06,物差し,ものさし,monosashi,ruler; measure,N2,n,1502530,,物差しを使って線を引きなさい。,Draw a line with a ruler.
6947f5d83b,物凄い,ものすごい,monosugoi,earth-shattering; staggering; to a very great extent,N2,adj-i,1502630,,この植物の根には水がものすごく必要。,The roots of the plant are greedy for water.
23425c2306,モノレール,モノレール,monoreeru,monorail,N2,n,1135680,,,
a81e282d67,揉む,もむ,momu,to rub; to crumple (up); to wrinkle,N2,v5m; vt,1567610,,その結果の報道に満足して彼は手をもんでうれしがっていた。,He was rubbing his hands over the report of the result.
620f3620f3,燃やす,もやす,moyasu,to burn,N2,v5s; vt,1582900,,このガラクタは火に燃やしなさい。,Burn this rubbish on the fire.
b72fd7bd28,催し,もよおし,moyooshi,event; festivities; function,N2,n,1292140,,今日の催しのチケットはありますか。,Do you have any tickets for today's performance?
2b64f87c29,盛る,もる,moru,"to serve (food, etc.); to fill up; to prescribe",N2,v5r; vt,1379740,,お刺身を盛るお皿は、どれにする？,Which plate should I serve sashimi on?
ee838de1c4,問答,もんどう,mondou,questions and answers; dialogue,N2,n; vs; vt; vi,1536060,,そんなことで押し問答してないで、早くやってよ。,"No arguing, just get to it."
c120501b80,やかましい,やかましい,yakamashii,noisy; strict; fussy,N2,adj-i,1211380,喧しい,私の父は食べ物には大変やかましい。,My father cares much about food.
b3718fbb1d,夜間,やかん,yakan,at night; nighttime,N2,n; adv,1536530,,フクロウは昼間寝ていて夜間狩りをします。,An owl sleeps by day and hunts by night.
9a1aa9c141,薬缶,やかん,yakan,kettle,N2,n,1605370,,薬缶がシュンシュンいうまで待ちなさい。,Wait till the kettle begins to sing.
11516bf5bf,役者,やくしゃ,yakusha,actor; actress,N2,n,1538010,,その役者の事は聞いたことが無い。,I've never heard of the actor.
fdfa195e3e,役所,やくしょ,yakusho,government office; public office,N2,n,1538020,,君は役所に自分で出頭する事が必要なのだ。,It is essential that you present yourself at the office.
c34c2c465e,訳す,やくす,yakusu,to translate,N2,v5s; vt,1538350,,この文を英語に訳しなさい。,Put this sentence into English.
7c38991890,役人,やくにん,yakunin,government official,N2,n,1538050,,あの役人たちは全然、財政のことはわかっていない。,Those officials don't understand finance at all.
03d04bc918,薬品,やくひん,yakuhin,medicine(s); chemical(s),N2,n,1538280,,この薬品は日光に当てないようにしなさい。,Don't expose this chemical to direct sunlight.
9183205d2c,役目,やくめ,yakume,duty; business,N2,n,1538080,,古い木箱がテーブルの役目をした。,An old wooden box served as table.
ebea673dd1,火傷,やけど,yakedo,burn; scald,N2,n; vs; vi,1577310,,火ばさみで人差し指をやけどした。,I burned my forefinger on fire tongs.
fc3802c19c,夜行,やこう,yakou,walking around at night; night train; night travel,N2,n; vs; vi,1584820,,夜行ったことは昼現れる。,What is done by night appears by day.
ca5e766ec3,矢印,やじるし,yajirushi,directing arrow,N2,n,1537770,,矢印が進むべき方向を指示する。,The arrow indicates the way to go.
251266e6d5,やたらに,やたらに,yatarani,randomly; recklessly; blindly,N2,adv; adv-to,1537780,,上役にやたらにぺこぺこするな。,Don't be subservient to your boss.
0d6665ee3b,薬局,やっきょく,yakkyoku,pharmacy; drugstore,N2,n,1538200,,一番近い薬局はどこにありますか。,Where's the nearest drugstore?
fd81e58e15,やっつける,やっつける,yattsukeru,to attack (an enemy); to beat; to do away with; to finish off,N2,v1; vt,1612950,やっ付ける,ジャイアンツをやっつけろ。,Beat the Giants!
ead095a7d5,やっぱり,やっぱり,yappari,also; as I thought; still; in spite of; absolutely; of course,N2,adv,1012810,矢っ張り,やっぱり何とかやってのけたね。,You managed it after all.
7b3793ce89,家主,やぬし,yanushi,landlord,N2,n,1191990,,家主は彼がドアを赤く塗ることを許してくれない。,The landlord won't permit him to paint the door red.
6d63ce6318,破く,やぶく,yabuku,to tear; to rip,N2,v5k; vt,1983750,,彼は写真を散り散りに破いた。,He tore the photographs into pieces.
f310871eaf,破れる,やぶれる,yabureru,to get torn; to wear out,N2,v1; vi,1471210,,バスに遅れて、会社に遅れて、ストッキングも破れた。,"I was late for the bus, late for work, and got a run in my stocking."
e341bcc1ec,やむをえない,やむをえない,yamuoenai,cannot be helped; unavoidable,N2,exp; adj-i,1612100,止むを得ない,それはやむを得ないね。,I can't help it.
83501678de,軟らかい,やわらかい,yawarakai,soft; tender; limp,N2,adj-i,1605630,,風が柔らかく木立に触れた。,The wind gently kissed the trees.
e557f5d546,遊園地,ゆうえんち,yuuenchi,amusement park,N2,n,1542170,,その遊園地を建設するのに１０年かかった。,It took ten years to build the amusement park.
2806c7d1cd,夕刊,ゆうかん,yuukan,evening paper,N2,n,1542690,,父は夕刊を読んで座っていた。,My father sat reading the evening paper.
208685da1d,友好,ゆうこう,yuukou,friendship,N2,n,1540080,,,
571cc2e0e4,郵送,ゆうそう,yuusou,mailing,N2,n; vs; vt,1542380,,計算書は四半期ごとに郵送されます。,Statements will be mailed every quarter.
c372f954db,夕立,ゆうだち,yuudachi,(sudden) evening shower (rain),N2,n,1542820,,夕立にあってびっしょりぬれた。,I was caught in a shower and got drenched to the skin.
9db4ea12f1,夕日,ゆうひ,yuuhi,(in) the evening sun; setting sun,N2,n,1542750,,そのとき彼らは夕日を見ていました。,They were watching the sunset then.
01b08f062f,悠々,ゆうゆう,yuuyuu,quiet; calm; leisurely,N2,adj-t; adv-to,1605700,,飛行機は頭上をゆうゆうと飛んで行った。,The airplane sailed over our heads.
4fe738b9eb,有料,ゆうりょう,yuuryou,admission-paid; toll,N2,adj-no; n,1541690,,この道路は有料です。,We must pay a toll to drive on this road.
ad94c2b563,浴衣,ゆかた,yukata,bathrobe; informal summer kimono; yukata,N2,n,1584990,,ジャーン。それじゃ春田くん、もう見てもいいわよ。みんなの浴衣、お披露目ねぇ～。,"Ta-dah! Well then, Haruta, it's OK to look now! It's everybody's yukata debut."
cec3699484,湯気,ゆげ,yuge,steam; vapour,N2,n,1448600,,薬缶から湯気が立っている。,The kettle is steaming.
2da7613dd3,輸血,ゆけつ,yuketsu,blood transfusion,N2,n; vs; vt; vi,1538810,,輸血が必要です。,A blood transfusion is necessary.
67fbed9a95,輸送,ゆそう,yusou,transport; transportation,N2,n; vs; vt,1538850,,私の手荷物は輸送中に紛失した。,My baggage was lost in transit.
705663b2ad,油断,ゆだん,yudan,negligence; unpreparedness,N2,n; vs; vi,1538690,,私は油断していたことに気づいた。,I realized I was off my guard.
d7aad6d893,ゆでる,ゆでる,yuderu,to boil,N2,v1; vt,1571470,茹でる,卵は硬くゆでてください。,Boil the eggs hard.
c305d4a6e1,湯飲み,ゆのみ,yunomi,teacup,N2,n,1612130,,壊れた湯飲みの補充をした。,I replaced the broken cups with new ones.
e01e3ed9a2,緩い,ゆるい,yurui,loose; lenient; slow,N2,adj-i,1214410,,この靴は少し緩い。,These shoes are a little loose.
8dd4e6c718,溶岩,ようがん,yougan,lava,N2,n,1546120,,その火山は溶岩を流し出した。,The volcano poured molten rock.
fa4c3baabd,容器,ようき,youki,container; vessel,N2,n,1545370,,これらの容器は気密になっている。,These containers are airtight.
9821841c8a,用語,ようご,yougo,term; terminology,N2,n,1546270,,その手紙は商業用語で書かれた。,The letter was written using business terms.
f26561e17b,要旨,ようし,youshi,gist; essentials; summary; fundamentals,N2,n,1546770,,以下は大統領の演説の要旨だ。,The following is a summary of the President's speech.
5a2ae71b5a,幼児,ようじ,youji,infant; baby; child,N2,n,1545160,,彼は幼児虐待で罰せられた。,He was punished for child abuse.
5ff53bdd4b,容積,ようせき,youseki,capacity; volume,N2,n,1545420,,容積を計算するためには縦と横と深さをかければよい。,"To calculate the capacity, multiply the length by the width by the depth."
14b9b6118d,幼稚,ようち,youchi,infancy; childish; infantile,N2,adj-na; n,1545250,,幼稚な説得とは、人をしつこく唆すことだ。,Crude persuasion is to persistently egg someone on.
270816b6b9,幼稚園,ようちえん,youchien,kindergarten,N2,n,1545260,,それにしても、幼稚園というところは、季節の行事にとても敏感です。,"Even so, kindergartens are sensitive to seasonal events."
7b0e1ac9e0,用途,ようと,youto,use; usefulness,N2,n,1546380,,その発見はいろいろな用途に応用できる。,We can apply the discovery to various uses.
40481ab25c,洋品店,ようひんてん,youhinten,shop which handles Western-style apparel and accessories,N2,n,1794470,,,
f9ea0cc185,養分,ようぶん,youbun,nourishment; nutrient,N2,n,1662130,,,
4977d2381f,羊毛,ようもう,youmou,wool,N2,n; adj-no,1546530,,オーストラリアは多くの羊毛を輸出している。,Australia exports a lot of wool.
84096d1b94,ようやく,ようやく,youyaku,gradually; finally; hardly,N2,adv,1394600,漸く,「そっか」ウィリーはようやく納得した。,"""Well, OK,"" Willie finally agreed."
ba3c545884,要領,ようりょう,youryou,point; gist; essentials; outline,N2,n,1546850,,この報告書は要領をえていない。,This report isn't to the point.
b7af843a7d,欲張り,よくばり,yokubari,avarice; covetousness; greed,N2,n; adj-na,1547390,,持てば持つほど、欲張りになる。,"The more you have, the more you want."
a941e4dd4a,余計,よけい,yokei,too much; unnecessary; abundance; surplus; excess; superfluity,N2,adj-na,1544090,,こんな余計な機能なんでつけたんだろう。,What did they add this needless function for?
e7d30987dd,よこす,よこす,yokosu,to send; to forward; to hand over (e.g. money),N2,v5s; vt,1013140,寄越す,彼はりんごをぽいとなげてよこした。,He chucked me the apple.
87db0f1329,汚す,よごす,yogosu,to disgrace; to dishonour; to pollute; to contaminate; to soil; to make dirty; to stain,N2,v5s; vt,1178960,,あんな行動は彼の体面を汚すものだ。,Such behavior is beneath his dignity.
6bb4cc0f8f,寄せる,よせる,yoseru,to collect; to gather; to add; to put aside,N2,v1; vt,1219560,,いすをもっと火の近くに寄せなさい。,Draw your chair closer to the fire.
3ced182294,余所,よそ,yoso,another place; somewhere else; strange parts,N2,n; adj-no,1605940,,ここの人たちはよそから来た人をみな嫌う。,These people hate all foreigners.
f94edce7c7,四つ角,よつかど,yotsukado,four corners; crossroads,N2,n,1307060,,四つ角は二つの道が十字に交わった所である。,A crossroads is where two roads meet in an X.
a0b0016c62,酔っ払い,よっぱらい,yopparai,drunkard,N2,n,1372660,,酔っぱらいはよろよろと彼のところへやって来た。,The drunk rolled up to him.
078da23d53,予備,よび,yobi,preparation; preliminaries; reserve; spare,N2,n; adj-no,1543320,,ところで、予備の電池はあるの？,"By the way, do you have any spare batteries?"
9784a67500,呼び掛ける,よびかける,yobikakeru,to call out to; to accost; to address (crowd); to appeal,N2,v1; vt,1266280,,警官はすりに対する注意を呼びかけた。,The policeman called attention to the problem of pickpockets.
8c5d29346f,呼び出す,よびだす,yobidasu,to summon; to call (e.g. phone),N2,v5s; vt,1266350,,どうぞ彼を電話口に呼び出してください。,Please call him to the telephone.
369ccb3349,蘇る,よみがえる,yomigaeru,to be resurrected; to be revived; to be resuscitated; to be rehabilitated,N2,v5r; vi,1606020,,春の雨が花に生気をよみがえらせた。,A spring rain revived the flower.
7b53295093,よる,よる,yoru,to come from,N2,v5r; vi,1168660,因る,造られたもので、この方によらずできたものは一つもない。,Without him nothing was made that has been made.
2c59eb6f09,来日,らいにち,rainichi,arrival in Japan; coming to Japan; visit to Japan,N2,n; vs; vi,1548200,,ボブがいつ来日したか分からない。,I don't know when Bob came to Japan.
568a6ac1e7,落第,らくだい,rakudai,failure; dropping out of a class,N2,n; vs; vi,1548810,,彼はいつも遊んでいたため落第した。,He failed by playing all the time.
84946c82e2,ラッシュアワー,ラッシュアワー,rasshuawaa,rush hour,N2,n,1139190,,ラッシュアワーの交通渋滞にあった。,I was caught in the rush hour.
dd3373514a,欄,らん,ran,column of text (e.g. as in a newspaper),N2,n; n-suf,1549350,,注はページの下欄についている。,The notes are at the bottom of the page.
4418a98992,ランチ,ランチ,ranchi,launch; lunch,N2,n,1140100,,あなたはこの店のランチがえらくお気に入りですね。,You are very fond of the lunch menu of this restaurant.
9182744c76,ランニング,ランニング,ranningu,running; tank top,N2,n,1140270,,私は毎朝朝食前にランニングをする。,I run before breakfast every morning.
97f68aa406,乱暴,らんぼう,ranbou,rude; violent; rough; lawless; unreasonable; reckless,N2,adj-na; n,1549100,,弟の乱暴はこのごろ目に余る。,My brother has been much too rowdy lately.
05b5ef086b,理科,りか,rika,science,N2,n,1549900,,彼女は理科を勉強しなければなりません。,She has to study science.
24fd735f83,利害,りがい,rigai,advantages and disadvantages; interest,N2,n,1549500,,この件は君の利害にも関わることだ。,The matter touches your interest.
3c6f24a260,リズム,リズム,rizumu,rhythm,N2,n,1141620,,妻はアメリカでの新しい生活のリズムに慣れるのにえらい苦労した。,My wife had a hard time getting into the swing of our new life in America.
5a90f1a94c,リットル,リットル,rittoru,litre,N2,n,1141870,,ガソリンはリットル単位で売られる。,Gasoline is sold by the liter.
326d5d92a7,リポート,リポート,ripooto,report; paper,N2,n; vs; vt,1145990,,彼のリポートはたった今提出された。,His report has just been handed in.
656aeb8ae3,リボン,リボン,ribon,ribbon,N2,n,1142880,,リボンをかけてもらえますか。,Could you tie it with a ribbon?
2e7243a763,略す,りゃくす,ryakusu,to abbreviate,N2,v5s; vt,1551960,,私の名前はロバートなので、皆は略してボブと呼びます。,"My name is Robert, so they call me Bob for short."
7f3dee63cb,流域,りゅういき,ryuuiki,(river) basin,N2,n,1552230,,ダムが切れて流域に大水が押し寄せた。,The dam gave way and sent a great flush of water down the valley.
cbaa0ef1a5,寮,りょう,ryou,hostel; dormitory,N2,n,1554230,,私の大学には寮があります。,My university has a dorm.
76526f6c6f,両側,りょうがわ,ryougawa,both sides,N2,n; adj-no,1585140,,舞台の両側からライトが照らされた。,The stage was lit from both sides.
2e9324e58b,漁師,りょうし,ryoushi,fisherman,N2,n,1233010,,漁師は釣り上げた魚の大きさをおおげさにいった。,The fisherman exaggerated the size of the fish he had caught.
f2a911f897,領事,りょうじ,ryouji,consul,N2,n,1554730,,,
55bcf17097,領収,りょうしゅう,ryoushuu,receipt; voucher,N2,n; vs; vt,1554750,,,
ae06c53ace,臨時,りんじ,rinji,temporary; special; extraordinary,N2,adj-no; n,1555610,,私はその会社で臨時の仕事を得た。,I got a temporary job at the firm.
f7e0cf6ddd,留守番,るすばん,rusuban,care-taking; caretaker; house-watching,N2,n; vs; vi,1552800,,その子は留守番をしなければならないと言って怒っていた。,The boy was cross at having to stay at home.
e35ba23439,例外,れいがい,reigai,exception,N2,n; adj-no,1556410,,この規則には例外は認められない。,This rule allows no exception.
8ad5593989,零点,れいてん,reiten,zero; no marks,N2,n,1557710,,そのテストではだれも零点をとらなかった。,Nobody got zero in that test.
fbfef46ca3,冷凍,れいとう,reitou,freezing; cold storage; refrigeration,N2,n; vs; vt,1557170,,その魚と肉を冷凍してください。,Please freeze the fish and meat.
ba7c821566,レインコート,レインコート,reinkooto,raincoat,N2,n,1144700,,,
6d746d9525,レクリェーション,レクリェーション,rekurieeshon,recreation,N2,n,1144860,,,
7eff9ec664,レジャー,レジャー,rejaa,leisure,N2,n,1145220,,彼女はここにレジャーで来たのですか。,Did she come here to relax?
77ff01a624,列島,れっとう,rettou,chain of islands,N2,n,1558390,,日本は列島であり、山が多く、森は殆どない。,Japan is a group of islands with many mountains and almost no forests.
8a35b4b03d,レベル,レベル,reberu,level,N2,n,1145910,,,
da17d2355a,煉瓦,れんが,renga,brick,N2,n,1559090,,あの家はレンガ造りだ。,That house is built of bricks.
b34032ae3f,連合,れんごう,rengou,union; alliance,N2,n; vs; vt; vi,1559450,,戦争は連合軍の勝利に終わった。,The war ended in victory for the Allied Powers.
f98e192838,レンズ,レンズ,renzu,lens,N2,n,1146140,,レンズを通ると像は逆になった。,Through the lens the image was inverted.
037cf136b2,蝋燭,ろうそく,rousoku,candle,N2,n,1561240,,ろうそくはひとりでに消えた。,The candle went out of itself.
9575772ddd,ローマじ,ローマじ,roomaji,romanization; Roman letters,N2,n,1146810,ローマ字,日本語を入力する時って、ひらがな入力してる？それともローマ字入力？,"When you type in Japanese, are you using hiragana input, or romaji input?"
ee39a2f4d5,録音,ろくおん,rokuon,(audio) recording,N2,n; vs; vt,1561590,,そのテープレコーダーは彼の声を録音した。,The tape recorder has recorded his voice.
c11357e446,ロッカー,ロッカー,rokkaa,locker,N2,n,1147560,,,
8de88c21d5,ロビー,ロビー,robii,lobby,N2,n,1147800,,７時までにロビーに来てください。,Please come to the lobby by 7 o'clock.
285a01fc78,論ずる,ろんずる,ronzuru,to argue; to discuss; to debate,N2,vz; vt,1561640,,,
de8f13d5c6,和英,わえい,waei,Japanese-English,N2,n,1561970,,,
2670496738,分かれる,わかれる,wakareru,to branch off; to diverge from; to fork; to split; to dispense; to scatter; to divide into,N2,v1; vi,1606600,,その問題で上院議員の意見が分かれた。,The issue divided the senators.
787560a4dd,若々しい,わかわかしい,wakawakashii,youthful; young,N2,adj-i,1606610,,彼女は相変わらず若々しい。,She looks as young as ever.
3b96c00a5b,湧く,わく,waku,to boil; to grow hot; to get excited; to gush forth,N2,v5k; vi,1606685,,彼女の目には涙が湧きあふれていた。,Her eyes gushed with tears.
8decf51bfa,詫びる,わびる,wabiru,to apologize,N2,v1; vt,1606790,,彼は彼女を怒らせたことを詫びた。,He apologized for having offended her.
be99846d43,和服,わふく,wafuku,Japanese clothes,N2,n,1562190,,確かに彼女は和服を着ると美しく見える。,She certainly looks beautiful in a Japanese kimono.
20f1c0d4bc,わりあいに,わりあいに,wariaini,comparatively,N2,adv,1612360,割合に,今から２５年後には、就業者２人につき退職者１人の割合になるだろう。,Twenty-five years from now there will be one retired person for each two working.
4383ca8dd3,割算,わりざん,warizan,division (math),N2,n; vs; vt,1606880,割り算,何らかの数字をゼロで割り算すると未定義の解になる。,The result of dividing any number by zero is undefined.
92f24db03c,割と,わりと,warito,relatively; comparitively,N2,adv,1983690,,割とありうる。,It's quite possible.
e25f2eacb5,割引,わりびき,waribiki,discount; reduction; rebate,N2,n,1606950,割引き,現金払いには１０パーセント割引いたします。,We give a 10% discount for cash.
bf1161cb2c,椀,わん,wan,Japanese soup bowl; wooden bowl,N2,n,1562780,,そのお椀のスープはとてもおいしかった。,The soup in the bowl was very delicious.
c1a788035c,碗,わん,wan,bowl,N2,n,1562840,,,
4e397a279c,ワンピース,ワンピース,wanpiisu,one-piece dress,N2,n,1149240,,このワンピースはいくらですか。,How much is this dress?
