id,word,reading,romaji,meanings,level,pos,jmdict_id,other_forms,example_ja,example_en
c3b1f16454,愛,あい,ai,love,N3,n; n-suf,1150410,,愛とは夢にまで彼女を見ることだ。,Love is seeing her in your dreams.
d2ac37bee3,挨拶,あいさつ,aisatsu,greeting; salutation,N3,n; vs; vi,1151120,,彼女はにっこり挨拶をした。,She greeted us with a smile.
0cb7e80d4c,愛情,あいじょう,aijou,love; affection,N3,n; adj-no,1150860,,とりわけ子供たちは愛情を必要とする。,"Above all, children need love."
7d26b9a262,合図,あいず,aizu,sign; signal,N3,n; vs; vt; vi,1284930,,すぐにゴーの合図をしてください。,Give us the sign to go soon.
9452242b03,アイスクリーム,アイスクリーム,aisukuriimu,ice cream,N3,n,1013980,,アイスクリームを３つください。,"Give me three ice creams, please."
41df1c11e3,愛する,あいする,aisuru,to love,N3,vs-s; vt,1150450,,ロメオはジュリエットが愛している男だ。,Romeo is the man Juliet loves.
cab1bc201f,相手,あいて,aite,companion; partner; company,N3,n,1401000,,あなたのダンスの相手はだれですか。,Who is your dance partner?
3c8f324542,あいにく,あいにく,ainiku,unfortunately; Sorry; but....,N3,adj-na; adv; n; adj-no,1379210,,あいにく私はお金を持っていない。,Unfortunately I have no money with me.
15ffb31b53,アイロン,アイロン,airon,(electric) iron,N3,n,1014590,,アイロンで手をやけどしました。,I burned my hand with an iron.
cf63ac57d2,アウト,アウト,auto,out,N3,n,1014680,,最初の打者はアウトになった。,The first batter was caught out.
b36b0a71b9,明かり,あかり,akari,lamplight; light (in general); brightness,N3,n,1586210,,どうか明かりをつけて下さい。,"Turn on the light, please."
03e5958da6,空き,あき,aki,room; time to spare; emptiness,N3,n,1609010,,字と字の間の空きをもっと広くしなさい。,Leave more space between characters.
b32e523015,明らか,あきらか,akiraka,obvious; evident; clear,N3,adj-na,1532310,,その船が沈んだのは明らかだ。,It is clear that the ship sank.
8ff67241d3,諦める,あきらめる,akirameru,to give up; to abandon,N3,v1; vt,1436730,,その少年は死んだものとしてあきらめられた。,The boy was given up for dead.
2d5b06d1fa,飽きる,あきる,akiru,to get tired of; to lose interest in; to have enough,N3,v1; suf; vi,1586250,,息子はハンバーガーにあきています。,My son is tired of hamburgers.
6312892cc5,握手,あくしゅ,akushu,handshake,N3,n; vs; vi,1152730,,彼は友人と握手した。,He shook hands with his friend.
6bec104564,悪魔,あくま,akuma,devil; demon; evil spirit,N3,n,1152510,,悪魔がやってくるかもしれないよ。,The Devil may come.
5b9f9fdc86,明ける,あける,akeru,to dawn; to become daylight,N3,v1; vi,1202450,,夜が明ける。,Day breaks.
9092a33de5,預ける,あずける,azukeru,to give into custody; to entrust; to deposit,N3,v1; vt,1544990,,銀行にそのお金を預けてください。,Please deposit the money in a bank.
7d653ddf51,汗,あせ,ase,sweat; perspiration,N3,n,1213060,,額の汗をふきなさい。,Wipe the sweat from your brow.
264ec34f18,与える,あたえる,ataeru,to give; to present; to award,N3,v1; vt,1544730,,彼は娘にたくさんのお金を与えた。,He gave his daughter quite a lot of money.
a0ea038f9b,辺り,あたり,atari,vicinity; nearby,N3,n; n-suf; adv,1512080,,昔この辺りにホテルがあったんだ。,There used to be a hotel about here.
0c74b17f50,当たる,あたる,ataru,to be hit; to be successful; to be equivalent to,N3,v5r; vi,1448810,,不思議な話だが、彼の予言は当たった。,"Strange to say, his prediction has come true."
66c159592d,あちこち,あちこち,achikochi,here and there,N3,pn; adv; vs,1612620,,彼女は地球のあちこちを旅行した。,She has traveled all over the globe.
e8c795d3e8,あっ,あっ,a,Ah!; Oh!,N3,int,2394370,,,
c0dfcb262d,扱う,あつかう,atsukau,to handle; to deal with; to treat,N3,v5u; vt,1153440,,心理学は人間の感情を扱う。,Psychology deals with human emotions.
b22ceca000,集まり,あつまり,atsumari,gathering; meeting; assembly; collection,N3,n,1609050,,ごく内輪の集まりなのです。,It's quite an informal meeting.
bd36844c24,当てる,あてる,ateru,to hit; to apply a patch,N3,v1; vt,1448860,,かろうじて車に当てられずにすんだ。,I narrowly escaped being hit by a car.
57c650defa,あと,あと,ato,trace; tracks; remains; ruins; scar; mark; sign,N3,n,1383680,跡,その女性の顔には悲しみの跡があった。,The woman's face was marked with grief.
4f1b6b6e36,穴,あな,ana,hole,N3,n,1254480,,彼は穴のあくほど彼女の顔を見た。,He stared a hole through her.
064aac92d9,油,あぶら,abura,oil,N3,n,1538590,,私の服は油で汚れていた。,My clothes were dirty with oil.
8399cefa4f,誤り,あやまり,ayamari,error,N3,n,1271290,,私の誤りは彼の怒りを招いた。,My mistake incurred his anger.
c461dcc42b,粗,あら,ara,defect; flaw; blemish; weak point,N3,n,1586730,,あら、アンジェラと呼んでください。,"Oh, please call me Angela."
6c564bf1bd,嵐,あらし,arashi,storm; tempest,N3,n,1549340,,この風は嵐の印だ。,This wind is a sign of a storm.
69209e023f,新た,あらた,arata,new; fresh; novel,N3,adj-na,1361510,,明日はまた新たな日がやってくる。,Tomorrow is another day.
50edc9f158,あらゆる,あらゆる,arayuru,all; every,N3,adj-pn,1586780,,私はあらゆる言論の自由に賛成だ。,I stand for freedom of speech for everyone.
94e6dfb59c,現す,あらわす,arawasu,to show; to indicate; to display,N3,v5s; vt,1263490,,＆のマークはａｎｄの文字を表す。,"The sign ""&"" stands for ""and""."
474e600ef2,表す,あらわす,arawasu,to express; to show; to reveal,N3,v5s; vt,1263490,,＆のマークはａｎｄの文字を表す。,"The sign ""&"" stands for ""and""."
de64f6eb4a,現れ,あらわれ,araware,embodiment; materialization,N3,n,1610550,現われ,それは彼女の性格の表れだ。,It is an index of her character.
0ca5c40581,現れる,あらわれる,arawareru,to appear; to come in sight; to become visible; to express oneself,N3,v1; vi,1263510,現われる,２０人の警官が現場に現れた。,Twenty police have arrived on the scene.
b7185fc1f0,或,ある,aru,a certain...; some...,N3,adj-pn,1586840,或る,ある学生に会うところです。,I'm going to meet a certain student.
61f7afccc0,あるいは,あるいは,aruiwa,or; possibly,N3,adv,1586850,或いは,ガスで調理しますか、あるいは電気ですか。,Do you cook by gas or electricity?
13fdb782fe,アルバム,アルバム,arubamu,album,N3,n,1019450,,彼は私にアルバムを見せてくれた。,He showed me his photograph album.
f1869f9942,泡,あわ,awa,bubble; foam; froth; head on beer,N3,n,1517510,,くだける波が泡を作った。,The breaking waves formed foam.
458adfb568,合わせる,あわせる,awaseru,to join together; to be opposite; to face; to unite,N3,v1; vt,1284480,,あなたの計画を私に合わせなさい。,Your plan must fit in with mine.
e9d213fb20,哀れ,あわれ,aware,helpless; pity; sorrow; grief,N3,n,1150110,,彼女は哀れを誘う有様だった。,She was in a piteous state.
55bea4f5f3,案,あん,an,plan; suffix meaning draft,N3,n; n-suf,1154770,,彼の友達はみんな彼の案を支持した。,All his friends backed his plan.
1e8e1ca3dc,暗記,あんき,anki,memorization; learning by heart,N3,n; vs; vt,1586910,,彼はその会話を暗記しようとした。,He tried to memorize the conversation.
7a5bf31b8a,安定,あんてい,antei,stability; equilibrium,N3,n; vs; vi,1154120,,今日の政治状況はそれほど安定していない。,The current political situation is not very stable.
8f735b886b,あんなに,あんなに,annani,to that extent; to that degree,N3,adv,1981450,,あんなに怒るなんて彼らしくない。,It's unlike him to get so angry.
3f1fbec85e,あんまり,あんまり,anmari,not very; not much; remainder; rest,N3,adv,1584930,余り,１か月あまり名古屋に居たことがある。,I lived for more than a month in Nagoya.
0adf15ff3f,胃,い,i,stomach,N3,n,1158500,,食物は胃の中で消化される。,Food is digested in the stomach.
52d4f9b548,委員,いいん,iin,committee member,N3,n,1156100,,委員は全員出席している。,The committee are all present.
85d0866116,いえ,いえ,ie,no,N3,int,1583250,,,
a812d7a958,意外,いがい,igai,unexpected; surprising,N3,adj-na; adv-to; n,1156410,,意外な結果が発表された。,Unexpected results were announced.
2c62d0aba0,行き,いき,iki,going,N3,n,1578790,,私は歯医者行きを延ばさねばならない。,I must postpone going to the dentist.
5fef88ef1f,息,いき,iki,breath; tone,N3,n,1404320,,おぼれかけた人は息を吹き返した。,The man who nearly drowned began to breathe.
6e68ac9baf,勢い,いきおい,ikioi,force; vigor; energy; spirit,N3,n,1375040,,勢いに流されているんですよ。,You are carried along with the slide.
107846b167,生き物,いきもの,ikimono,living thing; animal,N3,n,1378590,,イルカは頭のよい遊び好きな生き物だ。,The dolphin is an intelligent and playful creature.
140d8ab306,いけない,いけない,ikenai,must not do; bad; wrong; not good,N3,exp; adj-i,1000730,,友人は助け合わなければいけない。,Friends should help one another.
811101e739,意志,いし,ishi,will; volition,N3,n,1156560,,私は辞職する意志はまったくない。,I have no intention of resigning.
db4d84d6b0,意思,いし,ishi,intention; purpose,N3,n,1156610,,意思伝達は色々な形をとる。,Communication takes many forms.
0a23863840,医師,いし,ishi,doctor; physician,N3,n,1159930,,彼は医師になるために勉強している。,He studies with a view to becoming a doctor.
9b83e5a1d0,維持,いじ,iji,maintenance; preservation,N3,n; vs; vt,1158450,,この車の維持は高くつく。,It is expensive running this car.
adfd2f59c3,意識,いしき,ishiki,consciousness; senses,N3,n; vs; vt; vi,1156640,,このお料理は、パリのエスプリを意識して、味付けしてみました。,This cuisine is seasoned to evoke the esprit of Paris.
8822903a55,異常,いじょう,ijou,strangeness; abnormality; disorder,N3,adj-na; n,1157760,,そんなにたくさん食べるのは異常だ。,It is abnormal to eat so much.
b5fcd0d05f,泉,いずみ,izumi,spring; fountain,N3,n,1390780,,泉はおよそ１７０フィートの高さまで温水を吹き出す。,The fountain sends hot water to a height of 170 feet.
b974c316fc,いずれ,いずれ,izure,where; which; who,N3,pn,1566210,何れ,君の努力はいずれ報われるだろう。,Your effort will be rewarded in the long run.
c42fa0cf5f,以前,いぜん,izen,ago; since; before; previous,N3,n-suf,1155150,,彼女はもはや以前の彼女ではない。,She is no longer what she used to be.
4601135013,板,いた,ita,board; plank,N3,n,1481350,,この鉄の板はすずでメッキしてある。,This iron sheet is coated with tin.
9620d69897,偉大,いだい,idai,greatness,N3,adj-na,1155920,,リンカーンは偉大な政治家であった。,Lincoln was a great statesman.
97600f5aa8,抱く,いだく,idaku,(slang) to embrace; to hug; to harbour; to entertain,N3,v5k; vt,1584090,,,
5d347b309a,いたずら,いたずら,itazura,tease; prank; trick; practical joke,N3,n; vs; vt; vi,1151580,悪戯,私はいたずらな子供を大目に見る事ができない。,I cannot be tolerant of naughty children.
9a12c4f4e9,痛み,いたみ,itami,pain; ache; sore; grief; distress,N3,n,1587300,,ここにしつこい痛みがあります。,I have a persistent pain here.
c435f396e3,至る,いたる,itaru,to come; to arrive,N3,v5r; vi,1311870,,その語は広い意味を持つに至った。,The word has acquired a broad meaning.
0cbc5fcb97,いち,いち,ichi,market; fair,N3,n,1308080,市,市は月曜ごとに立つ。,The market is held every Monday.
04d6c4bd44,位置,いち,ichi,place; situation; position; location,N3,n; vs; vi,1587310,,私はパレードが見えるいい位置にいた。,I was in a good position to see the parade.
ec2ddaa910,一時,いちじ,ichiji,moment; time,N3,adv; n; adj-no,1576100,,彼は一時ここに住んでいた。,He lived here for a time.
cfaaf0ad82,一度に,いちどに,ichidoni,all at once,N3,adv,1609210,,一度にひとつのことをするようにしなさい。,Try to do one thing at a time.
56d7bebebd,市場,いちば,ichiba,(the) market (as a concept),N3,n,1308300,,彼女は週に１回その市場へ行った。,She went to the market once a week.
634490494f,一家,いっか,ikka,a house; a home; a family; a household,N3,n,1575940,,ジョンソン一家はパーティーをするのが大好きだ。,The Johnsons love to have parties.
42473b9a9e,いつか,いつか,itsuka,sometime; someday; one day,N3,adv,1188790,何時か,彼女はいつかあの山に登るだろう。,She is going to climb that mountain someday.
f0b3458a80,一種,いっしゅ,isshu,a species; a kind; a variety,N3,n,1163170,,記事の論調は一種の悲観論だった。,The article's tone was one of pessimism.
fc1d99931b,一瞬,いっしゅん,isshun,a moment; an instant,N3,n; adv,1163340,,それは私にとってはらはらする一瞬だった。,It was a nervous moment for me.
e21a9f62b7,一生,いっしょう,isshou,whole life; a lifetime; all through life,N3,n; adj-no; adv,1576200,,あなたは、一生勉強しなければならない。,You must study your whole life.
78ee271a60,一層,いっそう,issou,much more; still more; all the more,N3,adv,1164340,,君が一緒だったおかげで休日がいっそう楽しめた。,I enjoyed the holiday all the better for being with you.
9a184ecb80,一体,いったい,ittai,one object; one body; what on earth?; really?; generally,N3,adv,1164510,,一体どこで彼に会ったんだ。,Where on earth did you meet him?
10f3cfd7c0,一致,いっち,itchi,coincidence; agreement; conformity,N3,n; vs; vi,1164740,,彼は言葉と行動が一致していない。,His actions do not correspond with his words.
8b9b33028c,いつでも,いつでも,itsudemo,(at) any time; always; at all times; never (neg),N3,adv,1577130,何時でも,私はいつでも喜んでお手伝いします。,I am always ready to help you.
b65151eaec,一般,いっぱん,ippan,general; liberal; universal; ordinary; average,N3,adj-no; n,1165790,,その理論はまだ一般に認められていない。,The theory is not accepted yet.
25664c20f9,一方,いっぽう,ippou,on the other hand; meanwhile; only; simple; in turn,N3,conj,1166510,,一方は赤で、また一方は白である。,One is red and the other is white.
ff86f2105c,いつまでも,いつまでも,itsumademo,forever; for good; eternally; as long as one likes; indefinitely,N3,adv,1188880,何時までも,私はいつまでも彼の名を覚えている。,I still bear his name in mind.
3fec9b37a7,移動,いどう,idou,removal; migration; movement,N3,n; vs; vt; vi,1158400,,彼らはあちこちへと移動してきます。,They move from place to place.
3485a5b479,従兄弟,いとこ,itoko,cousin (male),N3,n,1335290,,彼は私の兄ではなくて、いとこである。,He isn't my brother. He's my cousin.
f034b79d36,稲,いね,ine,rice-plant,N3,n,1167820,,稲は雨の多い地域で作られる。,Rice is grown in rainy regions.
19f535bb08,居眠り,いねむり,inemuri,dozing; nodding off,N3,n; vs; vi,1231890,,授業中に居眠りすることは許しません。,I do not allow sleeping in class.
c84ab5b83d,命,いのち,inochi,command; decree; life; destiny,N3,n,1531940,,その犬は少女の命を救った。,The dog saved the girl's life.
dc23b8e07b,違反,いはん,ihan,violation (of law); transgression; infringement; breach,N3,n; vs; vi,1158950,,それはルール違反です。,It's against the rules.
fcdd7c0d87,衣服,いふく,ifuku,clothes,N3,n,1158810,,彼らは衣服をほとんど着用しない。,They wear very little clothing.
da1e1e97a8,居間,いま,ima,living room (western style),N3,n,1231720,,彼らは居間でお茶を飲んでいます。,They are having tea in the living room.
207f712b62,今に,いまに,imani,before long; even now,N3,adv,1288940,,彼は今にひとかどの人物になるよ。,I'm sure he's going to be somebody someday.
8e8763b3a8,今にも,いまにも,imanimo,at any time; soon,N3,adv,1288950,,トムは今にもここに来るはずです。,Tom should be here any minute.
15d4ea5f82,否,いや,iya,no; the noes,N3,int,2857380,,「今日の新聞にいいニュース何かある？」「いや、特にないね」,"""Any good news in today's paper?"" ""No, nothing in particular."""
b96dc58373,以来,いらい,irai,since; henceforth,N3,n-suf,1155210,,１９８８年以来トムに会っていません。,I haven't seen Tom since 1988.
9654422570,依頼,いらい,irai,request; commission; dispatch; dependence; trust,N3,n; vs; vt,1155710,,御依頼により本をお送りしました。,We sent you the book at your request.
99f743f623,いらいら,いらいら,iraira,getting nervous; irritation,N3,vs; n; adv; adv-to; vi,1587700,苛々,ビルは試験のことでいらいらしている。,Bill is nervous about the exam.
95c33dd7eb,いらっしゃい,いらっしゃい,irasshai,welcome,N3,int,1000920,,いるだけ持っていらっしゃい。,Please take with you as much as you need.
3bbedbe5a9,医療,いりょう,iryou,medical care; medical treatment,N3,n,1160140,,彼は医療に一生を捧げた。,He dedicated his life to medical work.
35b6339af7,岩,いわ,iwa,rock; crag,N3,n,1217270,,この岩は何に似ていますか。,What does this rock look like?
474dad1005,祝い,いわい,iwai,celebration; festival,N3,n,1337370,,私は彼の卒業祝いに電報を打った。,I wired him a message of congratulation on his graduation.
0b8faff812,祝う,いわう,iwau,to congratulate; to celebrate,N3,v5u; vt,1337390,,今年タイ航空は５０周年記念を祝います。,Thai Air celebrates its 50th anniversary this year.
54d52e6958,言わば,いわば,iwaba,so to speak,N3,adv,1264380,,この犬は言わばうちの家族の一員だ。,"This dog is, so to speak, a member of our family."
92270be892,いわゆる,いわゆる,iwayuru,the so-called; so to speak,N3,adj-pn,1343150,所謂,これがいわゆる「天ぷら」というものです。,"This is what we call ""tempura""."
753c588c58,インク,インク,inku,ink,N3,n,1022210,,あなたの名前はインクで書かなければならない。,You must write your name in ink.
c943d4f77a,印刷,いんさつ,insatsu,printing,N3,n; vs; vt,1168190,,そのニュースは急いで印刷された。,The news was rushed into print.
ddedf2e7ba,印象,いんしょう,inshou,impression,N3,n,1168390,,彼女は気の利く女の子である印象を強く受けた。,She struck me as a tactful girl.
5514dc4a90,引退,いんたい,intai,retire,N3,n; vs; vi,1169610,,彼は商売をたたんで引退した。,He sold his business and retired.
1c2d4445fd,引用,いんよう,in'you,quotation; citation,N3,n; vs; vt; adj-no,1169660,,ハムレットから１行引用できますか。,Can you quote a line of Hamlet?
2f4c977989,ウイスキー,ウイスキー,uisukii,whisky,N3,n,1025140,,ウイスキーは紅茶とよく合う。,Whiskey goes very well with tea.
b73c4e0e07,うがい,うがい,ugai,gargle; rinse mouth,N3,n; vs; vi,1577660,,熱があるので家にいたほうがいい。,"As you have a fever, you'd better stay home."
ae7bf4b275,受け取る,うけとる,uketoru,to receive; to get; to accept; to take,N3,v5r; vt,1329650,,この贈り物は受け取れません。,I cannot accept this gift.
bb0ec0bbd4,動かす,うごかす,ugokasu,to move; to shift,N3,v5s; vt,1451170,,音楽は気持ちを動かします。,Music moves the feelings.
fbbdf50bbb,兎,うさぎ,usagi,rabbit; hare; cony,N3,n,1443970,,私はウサギの世話をしなければならない。,I must look after the rabbits.
c06233b95e,牛,うし,ushi,cattle; cow,N3,n,1231490,,彼は市場に出す牛を育てている。,He breeds cattle for market.
13fe04cb12,失う,うしなう,ushinau,to lose; to part with,N3,v5u; vt,1319750,,ミスで財産を失った。,My mistake cost me my fortune.
60e8b7bc2b,疑う,うたがう,utagau,to doubt; to distrust; to be suspicious of; to suspect,N3,v5u; vt,1225510,,僕の言葉をまだ疑っているんですか。,Are you still in doubt about what I have said?
2594292c24,宇宙,うちゅう,uchuu,universe; cosmos; space,N3,n,1171300,,宇宙には限りはない。,There is no limit to the universe.
215cb207d4,撃つ,うつ,utsu,to attack; to defeat; to destroy,N3,v5t; vt,1478010,,,
2d11008b0c,移す,うつす,utsusu,to remove; to transfer; to infect,N3,v5s; vt,1158160,,知っていることと行動に移すことは別だ。,"To know is one thing, and to do is another."
e729fb355f,訴える,うったえる,uttaeru,to sue (a person); to resort to; to appeal to,N3,v1; vt,1397720,,その中年の男は暴行のかどで訴えられた。,The middle aged man was charged with assault.
5e53fbc57d,うなる,うなる,unaru,to groan; to moan,N3,v5r; vi,1565300,唸る,その犬は小さな男の子に向かって唸った。,The dog growled at a little boy.
92871301e1,奪う,うばう,ubau,to snatch away,N3,v5u; vt,1416340,,その男が私の財布を奪った。,The man robbed me of my purse.
a8a4d2c95f,馬,うま,uma,horse; promoted bishop (shogi),N3,n,1471560,,馬に乗ることができますか？,Can you ride a horse?
1af1b6c3ed,生まれ,うまれ,umare,birth; birth-place,N3,n,1609350,,私は生まれも育ちも東京だ。,I was born and raised in Tokyo.
8320d2162f,梅,うめ,ume,plum; plum-tree; lowest (of a three-tier ranking system),N3,n,1473460,,梅の花は今週が見頃です。,The plum blossoms are at their best this week.
5d48460042,裏切る,うらぎる,uragiru,to betray; to turn traitor to; to double-cross,N3,v5r; vt,1550380,,私が信じていた人が私を裏切った。,The man I trusted betrayed me.
ed41514a67,売れる,うれる,ureru,to be sold,N3,v1; vi,1473960,,彼の新しいレコードは、よく売れる。,His new record sells well.
9ce542fed7,上,うわ,uwa,upper; outer; surface,N3,n; pref,1352140,,,
19d224b10d,噂,うわさ,uwasa,rumour; report; gossip; common talk,N3,n; vs; adj-no,1172590,,うわさは四方八方に広がった。,The rumor spread far and wide.
1a83326bf0,運,うん,un,fortune; luck,N3,n,1172610,,遅かれ早かれ、彼の運は尽きるだろう。,"Sooner or later, his luck will run out."
2306950c03,柄,え,e,handle; grip,N3,n,1508290,,,
881624f8c3,永遠,えいえん,eien,eternity; perpetuity; immortality; permanence,N3,n; adj-no; adj-na,1174070,,その画家は、いわば永遠の少年だ。,The artist is eternally a boy.
c1aeb94b13,永久,えいきゅう,eikyuu,eternity; perpetuity; immortality,N3,n; adj-na; adj-no,1576520,,彼は永久に日本を離れた。,He left Japan for good.
ef5af5c903,影響,えいきょう,eikyou,influence; effect,N3,n; vs; vi,1173660,,このデザインには中国の影響がみられる。,This design shows Chinese influence.
b43c2524a1,営業,えいぎょう,eigyou,business; trade; management,N3,n; vs; vt,1173430,,営業の者と話をしてみました。,I talked with our sales people.
c9a230646c,衛星,えいせい,eisei,satellite,N3,n,1174760,,衛星は今軌道に乗っている。,The satellite is now in orbit.
8d4e493846,栄養,えいよう,eiyou,nutrition; nourishment,N3,n,1173990,,この魚は安くてしかも栄養がある。,This fish is inexpensive but nourishing.
c74bb9a118,笑顔,えがお,egao,smiling face,N3,n,1351400,,彼女の笑顔が感謝の気持ちを表した。,Her smile expressed her thanks.
a359eccfaf,描く,えがく,egaku,to draw; to paint; to sketch; to depict; to describe,N3,v5k; vt,1583460,,やっと絵を描き終えた。,"Finally, I finished a painting."
35c17c9820,餌,えさ,esa,feed; bait,N3,n,1173340,,犬に毎日えさをあげてください。,Please feed the dog every day.
e06f642257,エネルギー,エネルギー,enerugii,energy (de: Energie),N3,n,1029430,,熱はエネルギーの一種である。,Heat is a form of energy.
8c4965a193,得る,える,eru,to get; to gain; to win,N3,v1; vt,1588760,,１０チームが賞を得ようと争った。,Ten teams competed for the prize.
f671b4241c,円,えん,en,circle; money,N3,n,1175570,,完全な円にはもう見えないのである。,It no longer seems to be a perfect circle.
25232583e5,延期,えんき,enki,postponement; adjournment,N3,n; vs; vt,1176430,,私たちは会合を延期しなければならなかった。,We had to put off the meeting.
cb6a8a28be,演技,えんぎ,engi,acting; performance,N3,n; vs; vi,1176820,,彼女は演技の才能がある。,She has a genius for acting.
cc5a9c3372,援助,えんじょ,enjo,assistance; aid; support,N3,n; vs; vt,1176660,,彼の援助を当てにしてはならない。,Don't count on his help.
bea34c67cd,エンジン,エンジン,enjin,engine,N3,n,1030950,,そのエンジンは蒸気で動く。,The engine is driven by steam.
33abea1364,演説,えんぜつ,enzetsu,speech; address,N3,n; vs; vi,1176960,,彼女たちの演説はすばらしかった。,Her speech was excellent.
ec9c550d48,演奏,えんそう,ensou,musical performance,N3,n; vs; vt,1607520,,演奏は終わりかけていた。,The performance was almost over.
9c851c43f7,御,お,o,honourable,N3,pref,2826528,,果物を御自由に取ってお食べください。,Please help yourself to the fruit.
5dfe972116,老い,おい,oi,old age; old person; the old; the aged,N3,n,1643510,,少年老い易く学成り難し。,"Art is long, time is fleeting."
6d74c09476,追い付く,おいつく,oitsuku,to overtake; to catch up (with),N3,v5k; vi,1588810,,トムに追いつくために走らなければならなかった。,I had to run to catch up with Tom.
e0e4e819c0,王,おう,ou,king; ruler; sovereign; monarch,N3,n; n-suf,1629200,,彼らは王の殺害をたくらんでいる。,They are plotting to kill the king.
a2eee93db1,追う,おう,ou,to chase; to run after,N3,v5u; vt,1432410,,今日は時間に追われていてね。,I've been pressed for time today!
2b990c61a0,王様,おうさま,ousama,king,N3,n,1181700,,その王様はいつも王冠をかぶっている。,The king always wears a crown.
800c70f3e1,王子,おうじ,ouji,prince,N3,n,1181500,,王子は森で道に迷った。,The prince was lost in the woods.
0b5703de3f,応じる,おうじる,oujiru,to respond; to satisfy; to accept; to comply with; to apply for,N3,v1; vi,1179830,,彼は収入に応じた生活をしている。,He lives up to his income.
d41f9ccc20,横断,おうだん,oudan,crossing,N3,n; vs; vi,1180900,,彼はヨットで太平洋を横断した。,He crossed the Pacific Ocean in a sailboat.
4f56ad3962,終える,おえる,oeru,to finish,N3,v1; vt,1332760,,その仕事をもう終えましたか。,Are you through with the work?
3f4f5fb76e,大いに,おおいに,ooini,very; much; greatly,N3,adv,1412880,,私は彼を大いに尊敬しています。,I have a great regard for him.
cc4511a68f,覆う,おおう,oou,to cover; to hide; to conceal; to wrap; to disguise,N3,v5u; vt,1588840,,机はほこりで覆われている。,The desk is covered with dust.
b4340dadc2,オーバー,オーバー,oobaa,overcoat; over,N3,n,1032390,,あなたはオーバーなしですますつもりですか。,Do you mean to do without an overcoat?
8cb1bad29a,大家,おおや,ooya,landlord; landlady,N3,n,1413140,,その大家は以前は暮らし向きがよかったそうだ。,They say the landlord used to be well off.
e2608de7eb,丘,おか,oka,hill; height; knoll; rising ground,N3,n,1588920,,その丘は見晴らしがよい。,The hill commands a fine view.
e32ed7196b,沖,おき,oki,open sea,N3,n,1182500,,その島は海岸から１マイル沖にある。,The island lies a mile off the coast.
5d1c14bede,奥,おく,oku,interior; inner part,N3,n,1179320,,彼の目はめがねの奥で笑っていた。,His eyes were smiling behind his glasses.
69db85c3a9,贈る,おくる,okuru,to send; to give to; to award to; to confer on,N3,v5r; vt,1403550,,ドロシーは彼にすばらしい贈り物を贈った。,Dorothy sent him a nice present.
45aa3b4b69,起こる,おこる,okoru,to occur; to happen,N3,v5r; vi,1223680,,あとで起こったことはなお悪かった。,What followed was still worse.
125a8eb816,幼い,おさない,osanai,very young; childish,N3,adj-i,1545110,,彼の考えはとても幼い。,His way of thinking is very childish.
e5d795cde2,収める,おさめる,osameru,to obtain; to reap; to pay; to supply; to accept,N3,v1; vt,1589090,,そのアメリカ映画は大成功を収めた。,That American movie was a great success.
1d8d5ad8d9,おしゃべり,おしゃべり,oshaberi,chattering; talk; idle talk,N3,n; vs; vt,1002450,お喋り,彼らは天気についておしゃべりした。,They chatted about the weather.
bd7e02e772,汚染,おせん,osen,pollution; contamination,N3,n; vs; vt; vi,1179040,,汚染が地球を傷つけている。,Pollution is damaging our earth.
25a3345e54,おそらく,おそらく,osoraku,perhaps,N3,adv,1236650,恐らく,首相はおそらく辞任するであろう。,The premier is likely to resign.
7a8059af14,恐れる,おそれる,osoreru,to fear; to be afraid of,N3,v1; vt,1589200,,大人はしばしば変化を恐れる。,Older people often fear change.
1a801cd8e5,恐ろしい,おそろしい,osoroshii,terrible; dreadful,N3,adj-i,1236690,,その嵐の天候は恐ろしかった。,The stormy weather was dreadful.
c2cddd519e,お互い,おたがい,otagai,mutual; reciprocal; each other,N3,n; adj-no; adv,1979930,,お互い相性がいい。,The chemistry is right for us.
93e1217f4a,穏やか,おだやか,odayaka,calm; gentle; quiet,N3,adj-na,1183590,,海は穏やかに、そしてなめらかに見える。,The sea looks calm and smooth.
a8a06b3e15,男の人,おとこのひと,otokonohito,man,N3,exp; n,1420020,,若い男の人がドアの前で歌っています。,A young man is singing in front of the door.
dbe7053c89,劣る,おとる,otoru,to fall behind; to be inferior to,N3,v5r; vi,1558400,,彼女は、彼より、数学において劣っている。,She is inferior to him in math.
ccad2b9049,鬼,おに,oni,"ogre; demon; it (i.e., in a game of tag)",N3,n,1224190,,来年のことを言うと鬼が笑う。,"Speak of the next year, and the devil will laugh."
07ced3db7b,帯,おび,obi,"band (e.g. conduction, valence)",N3,n,1410410,,彼女の着物と帯の取り合わせはおつだね。,"Her kimono and obi combination is smart, isn't it?"
29010ee3b0,お昼,おひる,ohiru,lunch; noon,N3,n,1660100,,お昼までには戻ってきなさい。,You are supposed to be back by noon.
f72e4ff411,オフィス,オフィス,ofisu,office,N3,n,1034660,,いつでも私のオフィスを訪ねなさい。,Call at my office at any time.
b5422223ea,溺れる,おぼれる,oboreru,to be drowned; to indulge in,N3,v1; vi,1437560,,私の父は毎日酒におぼれている。,My father drinks daily.
e931649d18,おまえ,おまえ,omae,(familiar) you (sing); presence (of a high personage),N3,pn,1002290,,お前を娘の夫にしよう。,You shall be my daughter's husband.
0ba966a4cb,おめでとう,おめでとう,omedetou,Congratulations!; an auspicious occasion!,N3,int,1270700,,クリスマスおめでとうございます。,I wish you a Merry Christmas.
34dcc65202,お目に掛かる,おめにかかる,omenikakaru,to meet (someone of higher status),N3,exp; v5r,1535140,,家内もお目にかかることを楽しみにしておりますから。,"My wife will be glad to see you, too."
77a024455d,思い出,おもいで,omoide,memories; recollections; reminiscence,N3,n,1589340,,貴重な思い出料としては安いものですよ。,That'll make for a memorable time.
43b76d54d8,主に,おもに,omoni,mainly; primarily,N3,adv,1324990,,彼の病気は主に精神的な物だった。,His illness was mainly psychological.
7942f6b1d6,思わず,おもわず,omowazu,unintentional; spontaneous,N3,adv,1309460,,彼は思わず笑った。,He laughed in spite of himself.
009c03bfe9,泳ぎ,およぎ,oyogi,swimming,N3,n,1613570,,このごろは子供は学校で泳ぎを習う。,Children learn to swim in school today.
ed0978af53,およそ,およそ,oyoso,about; roughly; as a rule; approximately,N3,adv,1523450,凡そ,およそどれくらいの価値がありますか。,What's their approximate worth?
0b4ca53eb6,及ぼす,およぼす,oyobosu,to exert; to cause; to exercise,N3,v5s; vt,1228180,,あなたに被害を及ぼそうなどとは夢にも思いませんでした。,Little did I dream of doing you any harm.
cf3cbde2a8,居る,おる,oru,to be (animate); to be; to exist,N3,v5r; vi,1577985,,おかげで元気にしております。,"They're all fine, thank you."
23538b01de,降ろす,おろす,orosu,to take down; to launch; to drop,N3,v5s; vt,1589580,,あの信号の手前で降ろしてください。,Please let me off on this side of that traffic light.
0ce645af89,恩,おん,on,favour; obligation; debt of gratitude,N3,n,1183090,,お前は恩を仇で返したな。,You bit the hand that fed you.
26e15c1ade,音,おん,on,sound; note,N3,n; n-suf,2859161,,音の出る辞書はもはや夢でない。,A talking dictionary is no longer a fantasy.
d171dfcac5,温暖,おんだん,ondan,warmth,N3,adj-na; n,1183480,,島の天候はとても温暖です。,The island has a mild climate.
3767dad3d1,温度,おんど,ondo,temperature,N3,n,1183510,,物質は温度によって形を変える。,Matter changes its form according to temperature.
1ad5c766ea,可,か,ka,passable,N3,n; n-suf,1190710,,この試験は辞書持ち込み可です。,You can use a dictionary for this exam.
dd3e8e77f0,課,か,ka,counter for chapters (of a book),N3,ctr,1195710,,１０課から始めましょう。,Let's start with Lesson Ten.
a80b19470d,カー,カー,kaa,car,N3,n,1036170,,あいつはカーマニアだから、車のことならなんでも知ってるよ。,He's a car nut. Ask him anything.
c139bcdcb4,カード,カード,kaado,card; curd,N3,n,1036400,,,
53e1ba680a,会,かい,kai,meeting; assembly; party; association; club,N3,n; n-suf,1198170,,この会の名称はＥ．Ｓ．Ｓ．とする。,This association shall be called the E.S.S.
d630014a3f,回,かい,kai,counter for occurrences,N3,ctr,1199330,,彼女は週に１回その市場へ行った。,She went to the market once a week.
43db81a024,害,がい,gai,injury; harm; evil influence; damage,N3,n,1204330,,ワインは本来害にならない。,Wine is not harmful in itself.
b4863250e1,会員,かいいん,kaiin,member; the membership,N3,n,1198230,,会員は５人に減った。,The number of members decreased to five.
7f3020dd7b,絵画,かいが,kaiga,picture,N3,n,1202300,,その絵画を見たらおもしろかった。,I found the picture interesting.
5d54acd27e,海外,かいがい,kaigai,foreign; abroad; overseas,N3,n; adj-no,1201260,,君はどれくらいよく海外に行きますか。,How often do you go abroad?
45f44c2449,会計,かいけい,kaikei,account; finance; accountant,N3,n; adj-no; vs,1198430,,会計係は会計が不足しているのがわかった。,The treasurer was short in his accounts.
f25bc9cd9e,解決,かいけつ,kaiketsu,settlement; solution; resolution,N3,n; vs; vt; vi,1198960,,その問題はまだ解決されていない。,The problem is not settled yet.
986fdb6fe9,会合,かいごう,kaigou,meeting; assembly,N3,n; vs; vi,1198530,,これはとても大切な会合だ。,This is a very important meeting.
08440c8ace,外交,がいこう,gaikou,diplomacy,N3,n,1203540,,英語は外交や観光事業に有効である。,English is useful in diplomacy and tourism.
4275479fa8,開始,かいし,kaishi,start; commencement; beginning,N3,n; vs; vt; vi,1202760,,何時に搭乗開始ですか。,What time does boarding begin?
bb3089103b,解釈,かいしゃく,kaishaku,explanation; interpretation,N3,n; vs; vt,1199010,,それは２通りに解釈できる。,That reads two different ways.
ea99623528,外出,がいしゅつ,gaishutsu,outing; going out,N3,n; vs; vi,1203800,,ヒーターをつけたまま外出した。,I went out with the heater on.
cd41ab95cf,改善,かいぜん,kaizen,betterment; improvement,N3,n; vs; vt; vi,1200960,,改善の余地は大いに残されている。,There's a lot of room left for improvement.
b550808b0f,快適,かいてき,kaiteki,pleasant; agreeable; comfortable,N3,adj-na; n,1200120,,私達は新居で快適に暮らしています。,We are comfortable in our new house.
3af04ce9d1,回復,かいふく,kaifuku,recovery (from illness); improvement; rehabilitation; restoration,N3,n; vs; vt; vi,1199720,,回復はほとんど不可能だった。,Recovery was almost impossible.
fc5f82cc4d,飼う,かう,kau,to keep; to raise; to feed,N3,v5u; vt,1312970,,ナンシーは犬を飼いたがっていますか。,Does Nancy want to have a dog?
2f3ce71d72,換える,かえる,kaeru,to exchange; to interchange; to substitute; to replace,N3,v1; vt,1589780,,銀行に行けばその５０ドルの小切手を現金に換えてくれる。,The bank will cash your fifty dollar check.
33a3172689,替える,かえる,kaeru,to exchange; to interchange; to substitute; to replace,N3,v1; vt,1589780,,お花の水を替えましょう。,Shall I change the water for the flowers?
533668820b,香り,かおり,kaori,aroma; fragrance; scent; smell,N3,n,1589820,,そのバラはよい香りを発散した。,The roses gave off a nice smell.
e904c4fcb0,画家,がか,gaka,painter; artist,N3,n,1197120,,その画家は、いわば永遠の少年だ。,The artist is eternally a boy.
f6d4ab33ef,抱える,かかえる,kakaeru,to hold or carry under or in the arms,N3,v1; vt,1516310,,彼は両手に大きな箱を抱えていた。,He had a big box in his arms.
5164cf437e,価格,かかく,kakaku,price; value; cost,N3,n,1189500,,彼は価格変更のビラをはり出した。,He put up a notice about the change in price.
a2838ec535,化学,かがく,kagaku,chemistry,N3,n,1186760,,貴方は、化学を勉強しますか。,Do you study chemistry?
b3f81ac90b,輝く,かがやく,kagayaku,to shine; to glitter; to sparkle,N3,v5k; vi,1224020,,空には太陽が輝いています。,The sun is shining in the sky.
24d66ba82b,係,かかり,kakari,official; duty; person in charge,N3,n,1589840,係り,今、誰か係りの者を差し向けます。,I'll send someone up to help you now.
60e92a64ac,罹る,かかる,kakaru,to suffer from,N3,v5r; vi,1609500,,私はかつて大病にかかったことがあった。,Once I had a very bad disease.
382bde5adf,限る,かぎる,kagiru,to restrict; to limit; to confine,N3,v5r; vt,1264640,,金持ちが必ずしも幸福とは限らない。,The rich are not always happy.
f06c0b68a6,家具,かぐ,kagu,furniture,N3,n,1191870,,部屋には家具がない。,The room was bare of furniture.
a0748eb71f,学,がく,gaku,learning; scholarship; erudition; knowledge,N3,n,1955900,,少年老い易く学成り難し。,"Art is long, time is fleeting."
27db6f596b,額,がく,gaku,(picture) frame; framed picture,N3,n,1207500,,この額は税込みです。,This amount includes tax.
c231d12e3a,覚悟,かくご,kakugo,resolution; resignation; readiness; preparedness,N3,n; vs; vt,1206080,,私はすでに覚悟はできています。,I am already prepared.
1a56358cae,確実,かくじつ,kakujitsu,certainty; reliability; soundness,N3,adj-na; n,1205830,,これは遅いけど確実な方法だ。,This is a slow but certain way.
658366a1aa,学者,がくしゃ,gakusha,scholar,N3,n,1206800,,彼は立派な学者になるだろう。,He will be a wonderful scholar.
bcb8af927c,学習,がくしゅう,gakushuu,study; learning,N3,n; vs; vt,1206820,,これは生物の学習法としてはあまりよくないと思う。,I don't think this is a good approach to biology.
cb73559c84,隠す,かくす,kakusu,to hide; to conceal,N3,v5s; vt,1170650,,私は母がケーキを隠すのを見た。,I saw my mother hide the cake.
adc631a6f6,拡大,かくだい,kakudai,magnification; enlargement,N3,n; vs; vt; vi,1205200,,今年は事業が５０％拡大した。,The business has expanded by 50% this year.
999fa2ee16,確認,かくにん,kakunin,affirmation; confirmation,N3,n; vs; vt,1205900,,予約は確認されています。,I have a confirmed reservation.
dc65b93656,学問,がくもん,gakumon,scholarship; study; learning,N3,n; vs; vi,1207130,,少しばかりの学問は危険なもの。,A little learning is a dangerous thing.
2a8f495a2f,隠れる,かくれる,kakureru,to hide; to be hidden; to conceal oneself; to disappear,N3,v1; vi,1170660,,子どもは箱の中に隠れていた。,The child was hiding in the box.
20fbba9af9,陰,かげ,kage,shade; shadow; other side,N3,n,1590150,,陰で他人の悪口を言うべきでない。,You should not speak ill of others behind their backs.
7582c1d86e,影,かげ,kage,shade; shadow; other side,N3,n,1590145,,水たまりに映った影が見えた。,Reflections could be seen in the puddles.
b5afc90a96,欠ける,かける,kakeru,to be lacking,N3,v1; vi,1253920,,メアリーは思いやりに欠けている。,Mary is lacking in delicacy.
04e1e7a756,加減,かげん,kagen,addition and subtraction; allowance for,N3,n; vs; vt,1190080,,お肉の焼き加減は、いかがなさいますか？,How would you like your steak cooked?
0384482e1f,過去,かこ,kako,the past; bygone days; the previous,N3,n; adv; adj-no,1196030,,私はいつまでも過去にこだわらないようにと心がけている。,I try not to dwell on the past.
ef51ee87ac,籠,かご,kago,basket; cage,N3,n,1590200,,そのかごはリンゴでいっぱいだった。,The basket was full of apples.
01be08cd64,囲む,かこむ,kakomu,to surround; to encircle,N3,v5m; vt,1155980,,彼は生徒達に囲まれて座っていた。,He was sitting surrounded by the students.
222231aefb,火災,かさい,kasai,conflagration; fire,N3,n,1193880,,火災の理由は何か。,What caused the fire?
8c7a0c5f8b,菓子,かし,kashi,pastry,N3,n,1195670,,この菓子を自由にお取り下さい。,Please help yourself to these cakes.
a88999f659,貸し,かし,kashi,loan; lending,N3,n,1411110,,でも、これで１つ貸しだね。,But you're going to owe me one.
33875d6135,家事,かじ,kaji,housework; domestic chores,N3,n,1191980,,私は両親が家事をするのを手伝った。,I helped my parents with the housework.
d26324d28a,賢い,かしこい,kashikoi,wise; clever; smart,N3,adj-i,1260260,,あなたは何と賢い生徒なのでしょう。,What a clever student you are!
f554d2951b,歌手,かしゅ,kashu,singer,N3,n,1193290,,その歌手は若者たちのアイドルだ。,That singer is a teenage idol.
44d7586ff3,数,かず,kazu,number; figure,N3,n,1580820,,旅行者の数が近年大きく増加した。,The number of tourists has increased greatly in recent years.
d45fe050fc,稼ぐ,かせぐ,kasegu,to earn income; to labor,N3,v5g; vt,1194450,,私は一日に100ユーロ稼ぎます。,I make 100 euros per day.
c3b808e41e,数える,かぞえる,kazoeru,to count,N3,v1; vt,1372900,,あの子は２０まで数えられる。,That child can count to twenty.
1d48dc95a3,型,かた,kata,mold; model; style; shape; data-type,N3,n; n-suf,1250090,,その像は型に入れられて作られた。,The statue was cast in a mold.
d0f1d715ac,肩,かた,kata,shoulder,N3,n,1258950,,肩が痛い。,I have a pain in the shoulder.
cae9ac1779,硬い,かたい,katai,"solid; hard (esp. metal, stone); unpolished writing",N3,adj-i,1257110,,卵は硬くゆでてください。,Boil the eggs hard.
d9627ee0f6,方々,かたがた,katagata,persons; this and that; here and there; everywhere,N3,n,1584100,,あの人たちが昨日あなたが会った方々ですか。,Are those the people you saw yesterday?
26c040c009,刀,かたな,katana,sword; saber; knife; engraving tool,N3,n,1446420,,この刀には不思議ないわれがある。,This sword has a strange history.
c34db201ec,語る,かたる,kataru,to talk; to tell; to recite,N3,v5r; vt,1270990,,行動は言葉よりも声高く語る。,Actions speak louder than words.
24c7b38c0b,価値,かち,kachi,value; worth; merit,N3,n,1189600,,この本にはある程度の価値はあります。,This book has a certain value.
74be6d8f27,勝ち,かち,kachi,win; victory,N3,n,1609560,,試合は彼の勝ちに終わった。,The match ended in victory for him.
ca8605d113,がっかり,がっかり,gakkari,feel disappointed; be dejected; lose heart,N3,vs; adv,1003170,,その知らせにはがっかりだ。,I am disappointed at the news.
0973ea4445,活気,かっき,kakki,energy; liveliness,N3,n,1208270,,その街は活気にあふれていた。,The town was full of activity.
5bd15630c9,学期,がっき,gakki,term (school),N3,n,1206650,,前学期は成績がよかった。,I had a good report last term.
791cdda968,活動,かつどう,katsudou,action; activity,N3,n; vs; vi,1208360,,テレビを見ることは受動的活動である。,Watching TV is a passive activity.
70a5d45f7c,活用,かつよう,katsuyou,conjugation; practical use,N3,n; vs; vt,1208460,,彼はその機会を最大限に活用した。,He made the most of the chance.
bef84d4151,悲しむ,かなしむ,kanashimu,to be sad; to mourn for; to regret,N3,v5m; vt,1483200,,悲しんでいる彼女をそっとしておきなさい。,Do not obtrude upon her sorrow.
f7eb9ecbff,必ずしも,かならずしも,kanarazushimo,(not) always; (not) necessarily; (not) all; (not) entirely,N3,adv,1487410,,金持ちが必ずしも幸福とは限らない。,The rich are not always happy.
7634c5903a,かなり,かなり,kanari,considerably; fairly; quite,N3,adv; adj-no; adj-na,1590560,,彼女はかなりの洋服を持っている。,She has quite a lot of clothes.
2f10aed466,金,かね,kane,money,N3,n,1242590,,母は子供たちに金をわけてやった。,The mother divided the money among her children.
06381dbe4c,金持ち,かねもち,kanemochi,rich man,N3,n,1242970,,金持ちが必ずしも幸福とは限らない。,The rich are not always happy.
6bf6a2e393,可能,かのう,kanou,possible; practicable; feasible,N3,adj-na; n,1191060,,男の子へのしつけは可能である。,Boys can be trained to behave.
562f63004e,株,かぶ,kabu,share; stock; stump (of tree),N3,n; ctr,1208920,,学生間では彼の株が急に上がった。,His stock with the students has soared.
11ae7695a1,被る,かぶる,kaburu,to put on (one's head); to wear; to have on; to pull over (one's head),N3,v5r; vt,1484330,,その機械はほこりをかぶっていた。,The machine was coated with dust.
f55f2622af,我慢,がまん,gaman,patience; endurance; perseverance,N3,n; vs; vt; vi,1196970,,この寒さは我慢出来ないな。,I can't put up with this cold.
ed26fceabd,神,かみ,kami,god,N3,n,1364440,,人間は神ほど万能ではない。,Man is not as almighty as God.
1e21784548,雷,かみなり,kaminari,thunder,N3,n,1585060,,子供達は雷におびえた。,The thunder scared the children.
1156b71b99,髪の毛,かみのけ,kaminoke,hair (head),N3,exp; n,1477960,,どこで髪の毛を切ったの。,Where did you get your hair cut?
1dfbcdd475,科目,かもく,kamoku,(school) subject; curriculum; course,N3,n,1590600,,どの科目が一番好きですか。,Which subject do you like best?
91e25df095,かもしれない,かもしれない,kamoshirenai,may; might; perhaps; may be; possibly,N3,exp,1002970,かも知れない,あなたの言うことは正しいかもしれない。,"You could be right, I suppose."
5929a15e3a,火曜,かよう,kayou,(abbreviation) Tuesday,N3,n,1194280,,火曜の朝までにすべて終えなければならないのです。,We must finish everything before Tuesday morning.
8ce4616a78,空,から,kara,emptiness; being empty,N3,n; adj-no,1245280,,ほとんど空なのでガソリンを入れなくてはなりません。,"I need to put some gas in the car, as it's almost empty."
2bbdd79021,刈る,かる,karu,to cut (hair); to mow (grass); to harvest,N3,v5r; vt,1209540,,彼らはジャックの髪の刈り方をひやかした。,They made fun of Jack's haircut.
5c1b91aae6,河,かわ,kawa,river; stream,N3,n,1390020,,この河はニューオリンズまで続いている。,This river flows all the way to New Orleans.
3fcbb04d16,革,かわ,kawa,leather,N3,n,1483805,,くつは革でつくられている。,The shoes are made of leather.
39baa3eb87,皮,かわ,kawa,skin; hide; leather; fur; pelt; bark; shell,N3,n,1483800,,動物の皮は毛でおおわれている。,The skin of animals is covered with hair.
9ace958be5,かわいそう,かわいそう,kawaisou,poor; pitiable; pathetic,N3,adj-na; n,1590740,,トムをかわいそうだとは思わない。,I don't feel sorry for Tom.
fea8ab21fe,かわいらしい,かわいらしい,kawairashii,lovely; sweet,N3,adj-i,1190740,可愛らしい,兄は私にかわいらしい人形をくれました。,My brother gave me a cute doll.
89b43cf72a,勘,かん,kan,perception; intuition; the sixth sense,N3,n,1210590,,その新聞記者はニュースを嗅ぎつける鋭い勘を持っている。,The newsman has a nose for news.
40c44d898e,缶,かん,kan,can; tin,N3,n; ctr,1214540,,この缶にはおよそ４ガロン入る。,This can holds about 4 gallons.
4833b06f7b,考え,かんがえ,kangae,thinking; thought; ideas; intention,N3,n,1281000,,あなたの考えを言ってください。,Please tell me what you think.
cdbee06a30,感覚,かんかく,kankaku,sense; sensation,N3,n; vs; vt,1212330,,私は指に感覚が無かった。,I had no feeling in my fingers.
7460e55135,観客,かんきゃく,kankyaku,audience; spectator(s),N3,n,1214810,,そのショーで観客は大喜びだった。,The audience was very much entertained by the show.
c8ca17553a,環境,かんきょう,kankyou,environment; circumstance,N3,n,1213280,,私たちが環境面の問題を耳にしないで過ぎる日は１日とてない。,Not a day goes by without our hearing of an environmental problem.
26061bc72e,歓迎,かんげい,kangei,welcome; reception,N3,n; vs; vt,1212960,,あなたはうちのクラスで歓迎されています。,You are welcomed in our class.
d883d813ef,観光,かんこう,kankou,sightseeing,N3,n; vs; vt,1214840,,観光ガイドは雇えますか。,Is there a tour guide available?
888b58c5e4,観察,かんさつ,kansatsu,observation; survey,N3,n; vs; vt,1214900,,科学は観察に基づいている。,Science rests upon observation.
884dd65596,感じ,かんじ,kanji,feeling; sense; impression,N3,n,1212250,,その部屋は居心地の良い感じがした。,The room had a nice cozy feel.
56f1bac262,感謝,かんしゃ,kansha,thanks; gratitude,N3,n; vs; vt; vi,1212380,,ご協力に感謝します。,I appreciate your cooperation.
f15c9822d2,患者,かんじゃ,kanja,a patient,N3,n,1212210,,私はあなたの第一号の患者になるわ。,I'll be your first patient.
38914b5058,勘定,かんじょう,kanjou,calculation; counting; consideration,N3,n; vs; vt,1210750,,勘定は合計５００ドルになる。,The bill amounts to 500 dollars.
c2dcadfe14,感情,かんじょう,kanjou,emotion(s); feeling(s); sentiment,N3,n; adj-no,1212410,,彼の発言は感情と調和しなかった。,His speech did not accord with his feelings.
b333744018,感じる,かんじる,kanjiru,to feel; to sense; to experience,N3,v1; vt; vi,1212260,,私はときどき悲しく感じる。,I feel sad every now and then.
847a57a03d,感心,かんしん,kanshin,admiration; Well done!,N3,n; vs; vi,1212450,,君の色に対する好みは感心しない。,I don't like your taste in color.
4072da73db,関心,かんしん,kanshin,concern; interest,N3,n,1215870,,私は美術に非常な関心を抱いています。,I am deeply interested in art.
556dac7db6,関する,かんする,kansuru,to concern; to be related,N3,vs-s,1215790,,彼女は動物に関する本を書いた。,She wrote a book about animals.
a380b73ffa,完成,かんせい,kansei,complete; completion; perfection; accomplishment,N3,n; vs; vt; vi,1211490,,新しい鉄道はまだ完成していない。,The new railway is not completed yet.
51ed2ee220,完全,かんぜん,kanzen,perfection; completeness,N3,adj-na; adj-no; n,1211510,,そして書かれていることはすべて完全にはっきりと書かれている。,And then everything that was written was completely clear.
90ae05137c,感動,かんどう,kandou,being deeply moved; excitement; impression; deep emotion,N3,n; vs; vi,1212570,,その小説を読んで深く感動した。,I was deeply moved by that novel.
13e4d7359c,監督,かんとく,kantoku,supervision; control; superintendence,N3,n; vs; vt,1213720,,その店は警察の監督のもとにある。,The shop is kept under police supervision.
8a5bd5d9d1,管理,かんり,kanri,control; management (e.g. of a business),N3,n; vs; vt,1214200,,彼に財産管理を任せた。,I entrusted my property to him.
d3adca2034,完了,かんりょう,kanryou,completion; conclusion,N3,n; vs; vt; vi,1211630,,５日たてば仕事が完了するだろう。,We should be able to complete the work in five days.
a3438025b5,関連,かんれん,kanren,relation; connection; relevance,N3,n; vs; vi,1216060,,この事実はお互いに関連し合っている。,These facts are mutually related.
49827ea986,議員,ぎいん,giin,member of the Diet; congress or parliament,N3,n,1226020,,私もまた、議員の一人です。,"I'm a councillor, too."
e5ea476418,記憶,きおく,kioku,memory; recollection; remembrance,N3,n; vs; vt,1223150,,私はその日の記憶を呼び覚まそうとした。,I tried to call on my memories of that day.
6b3917013d,気温,きおん,kion,temperature,N3,n,1221950,,気温が下がると関節が痛むんだ。,My joints ache when it gets cold.
086990d912,機械,きかい,kikai,machine; mechanism,N3,n,1220810,,僕は今日この機械を試験するつもりです。,I am going to put this machine to the test today.
180d018762,議会,ぎかい,gikai,Diet; congress; parliament,N3,n,1226040,,議会はさいごにけんかになった。,The argument ended in a fight.
c18796bfd9,期間,きかん,kikan,period; term,N3,n,1220550,,治るのにどのくらいの期間がかかりますか。,How long will it take to get well?
e6a8e069db,機関,きかん,kikan,organ; mechanism; facility; engine,N3,n,1220870,,その機関は１９６０年代後半に設立された。,The institution was established in the late 1960s.
4209a354cb,企業,きぎょう,kigyou,enterprise; undertaking,N3,n,1218190,,私は彼ともどもその企業に参加した。,I share with him in the enterprise.
b921696612,効く,きく,kiku,to be effective,N3,v5k; vi,1591100,,よくもまあ私にそんな口がきけるね。,How dare you speak to me like that?
457b919489,機嫌,きげん,kigen,humour; temper; mood,N3,n,1220930,,彼は他人の機嫌を損ねないように気をつけている。,He is chary of offending people.
00077af4b5,気候,きこう,kikou,climate,N3,n,1222170,,その国は気候が温和だ。,That country has a mild climate.
5ab4faa7de,岸,きし,kishi,bank; coast; shore,N3,n,1217040,,彼らはその船を岸にあげた。,They drew the boat on the beach.
4b4adfa7dc,記事,きじ,kiji,article; news story; report; account,N3,n,1223240,,ニュース記事を書くのが彼の仕事だ。,Writing news stories is his job.
302bc4694a,生地,きじ,kiji,cloth; fabric; material; texture,N3,n,1379330,,生地を預ければドレスを仕立ててくれますか。,Will you make me up a dress if I give you the material?
9726004c78,技師,ぎし,gishi,engineer; technician,N3,n,1225110,,トムは電気技師です。,Tom is an electrical engineer.
5900f7f854,記者,きしゃ,kisha,reporter,N3,n,1223250,,記者は話されたことはすべて書き留めた。,The reporter took down everything that was said.
a70c18ed83,傷,きず,kizu,wound; injury; hurt; cut,N3,n,1580260,,ここに傷があるので安くしてください。,There's a scratch here. Could you give me a discount?
a4974412ed,期待,きたい,kitai,expectation; anticipation; hope,N3,n; vs; vt; vi,1220570,,とにかく万事うまくいくように期待しよう。,Let's hope for the best anyway.
01fdd309f5,帰宅,きたく,kitaku,returning home,N3,n; vs; vi,1221430,,何が彼を帰宅する気にさせたのか。,What tempted him to come home?
7660474b4f,貴重,きちょう,kichou,precious; valuable,N3,adj-na; n,1223520,,あれは貴重な経験だった。,That was a valuable experience.
7456693bdd,議長,ぎちょう,gichou,chairman,N3,n,1226140,,私たちはウッド氏を議長に任命した。,We appointed Mr Wood chairman.
a4e6e6b186,きちんと,きちんと,kichinto,precisely; accurately,N3,adv; vs,1003400,,私の時計はきちんと動いている。,My watch is running all right.
4ab4064451,きつい,きつい,kitsui,tight; close; intense,N3,adj-i,1003450,,トムは頭にきつい一発を受けた。,Tom received a heavy blow on the head.
7157da92eb,気付く,きづく,kizuku,to notice; to recognize; to become aware of,N3,v5k; vi,1591330,,彼は危険に気づいていなかった。,He was unaware of the danger.
1b3b057ef9,気に入る,きにいる,kiniiru,to be pleased with; to suit,N3,exp; v5r,1221740,,いくつかの点で私は彼女が気に入らない。,I don't like her in some ways.
9cd0baed59,記入,きにゅう,kinyuu,entry; filling in of forms,N3,n; vs; vt,1223330,,この紙に記入するのを手伝ってください。,Please help me fill out this form.
1426fbe4ea,記念,きねん,kinen,commemoration; memory,N3,n; vs; vt,1223340,,アメリカ旅行のよい記念になります。,This will be a good souvenir of my trip around the United States.
9f8aac6311,機能,きのう,kinou,function; faculty,N3,n; vs; vi,1221130,,こんな余計な機能なんでつけたんだろう。,What did they add this needless function for?
175ca187e3,気の毒,きのどく,kinodoku,pitiful; a pity,N3,adj-na; n,1221770,,私たちはその老夫婦を気の毒に思った。,We were sorry for the old couple.
371182f1b5,寄付,きふ,kifu,contribution; donation,N3,n; vs; vt,1591400,,彼女は赤十字に寄付した。,She contributed to the Red Cross.
1ce18444af,希望,きぼう,kibou,hope; wish; aspiration,N3,n; vs; vt,1219910,,これが彼のたった一つの希望であった。,This was his one and only hope.
8de918380d,基本,きほん,kihon,foundation; basis; standard,N3,n; adj-no,1219190,,この基本単語は必ず暗記しなさい。,Don't fail to learn these basic words by heart.
be0db681fa,決まり,きまり,kimari,settlement; conclusion; regulation; rule,N3,n; adj-no,1609660,,学校の決まりは守らないといけないぞ。,You must follow school rules.
49b6490720,気味,きみ,kimi,sensation; feeling,N3,n,1222640,,その事件には何となく気味の悪いところがあった。,There was something weird about the incident.
14a3436b7e,奇妙,きみょう,kimyou,strange; queer; curious,N3,adj-na; n,1219490,,これはとても奇妙な手紙です。,This is a very strange letter.
a7b7b6282f,義務,ぎむ,gimu,duty; obligation; responsibility,N3,n,1225900,,このような義務があるなんて知らなかった。,I never knew about such a duty.
8e2ffbbcc1,疑問,ぎもん,gimon,question; problem; doubt; guess,N3,n; adj-na,1225630,,何か疑問があったら彼にお尋ねください。,Ask him if you have any doubt.
9b26978fc7,逆,ぎゃく,gyaku,reverse; opposite,N3,adj-no; adj-na; n,1226960,,,
036cf72d91,キャプテン,キャプテン,kyaputen,captain,N3,n,1041850,,キャプテンは静かにするように命じた。,The captain commanded silence.
1d840b2954,キャンプ,キャンプ,kyanpu,camp,N3,n; vs; vi,1042200,,私は家族と一緒にキャンプに行った。,I went camping with my family.
db7f32ec4c,球,きゅう,kyuu,globe; sphere; ball,N3,n,1229880,,地球は球のような形をしている。,The earth is shaped like a sphere.
4e69ae617b,級,きゅう,kyuu,class; grade; rank; school class,N3,n; ctr,1919590,,彼は１０年級に在学中だ。,He is in the tenth grade.
135ed2fc45,旧,きゅう,kyuu,ex-,N3,pref,1230380,,新トンネルは旧トンネルの２倍の長さだ。,The new tunnel is twice as long as the old one.
f2c4210f2b,休暇,きゅうか,kyuuka,holiday; day off; furlough,N3,n,1227610,,私は休暇で出かけていました。,I was out of town on vacation.
97e6b17173,休憩,きゅうけい,kyuukei,rest; break; recess; intermission,N3,n; vs; vi,1227720,,休憩してコーヒーを飲もう。,Let's take a break for coffee.
d183c55e59,急激,きゅうげき,kyuugeki,sudden; precipitous; radical,N3,adj-na,1228680,,その党は急激にのびた。,The party gained ground rapidly.
c7f4f73ace,吸収,きゅうしゅう,kyuushuu,absorption; suction; attraction,N3,n; vs; vt,1228330,,この布は水をよく吸収する。,This cloth absorbs water well.
23010891c3,救助,きゅうじょ,kyuujo,relief; aid; rescue,N3,n; vs; vt,1229200,,彼はおぼれている少年を救助した。,He rescued a boy from drowning.
094660be3e,急速,きゅうそく,kyuusoku,rapid (e.g. progress),N3,adj-na; n,1228890,,コンピューターは急速な進化を遂げた。,Computers have made rapid progress.
a6aca833ca,急に,きゅうに,kyuuni,swiftly; rapidly; quickly; immediately,N3,adv,2269050,,気苦労で彼は急にふけた。,Care aged him quickly.
ec6103d8e8,給料,きゅうりょう,kyuuryou,salary; wages,N3,n,1230360,,彼の給料では裕福になれないだろう。,He won't get fat on his salary.
edda4a4d10,器用,きよう,kiyou,skillful; handy,N3,adj-na; n,1218960,,マックスは手先が器用だ。,Max is clever with his fingers.
939f77d3f0,教科書,きょうかしょ,kyoukasho,text book,N3,n,1237020,,教科書はどうしたらいいんでしょうか。,Where do we get the textbooks?
b98c5c8b36,競技,きょうぎ,kyougi,game; match; contest,N3,n; vs; vi,1234080,,あなたは競技に参加しましたか。,Did you take part in the game?
ebafd320d0,行儀,ぎょうぎ,gyougi,manners,N3,n,1281890,,彼女は行儀が極めて上品である。,She is quite decent in conduct.
3a3b1e3490,供給,きょうきゅう,kyoukyuu,supply; provision,N3,n; vs; vt,1233630,,水は外側から供給された。,Water was supplied from outside.
d6f9223c83,教師,きょうし,kyoushi,teacher (classroom),N3,n,1237130,,私の兄は教師です。,My older brother is a teacher.
9453cb20ca,教授,きょうじゅ,kyouju,teaching; instruction; professor,N3,n; vs; vt,1237160,,一人の教授がささやいた。,One of his colleagues whispered.
d3ee1eb490,強調,きょうちょう,kyouchou,emphasis; stress; stressed point,N3,n; vs; vt,1236470,,先生は毎日の練習の大切さを強調した。,The teacher stressed the importance of daily practice.
d207be5049,共通,きょうつう,kyoutsuu,commonness; community,N3,adj-no; adj-na; n,1234700,,私と彼は共通することが多い。,I have much in common with him.
6285f625ab,共同,きょうどう,kyoudou,cooperation; association; collaboration; joint,N3,n; n-pref; vs; vi; adj-no,1591660,,私は妹と共同で部屋を使っている。,I share the room with my sister.
0791e13d7b,恐怖,きょうふ,kyoufu,be afraid; dread; dismay; terror,N3,n; vs; vt; vi,1236750,,私は恐怖で気も狂わんばかりだった。,I almost went crazy with fear.
23ba87bda6,協力,きょうりょく,kyouryoku,cooperation; collaboration,N3,n; vs; vi,1591720,,彼らは協力してその絵を仕上げた。,They completed the picture hand in hand.
21b3678651,強力,きょうりょく,kyouryoku,powerful; strong,N3,adj-na; n,1236600,,日本の軍隊は非常に強力だった。,Japan's army was very powerful.
9fe814581c,許可,きょか,kyoka,permission; approval,N3,n; vs; vt,1232880,,ここでの喫煙は許可されていません。,Smoking is not permitted here.
ab46c02abb,局,きょく,kyoku,bureau; department,N3,n; n-suf,1239560,,この地区では三局受信できます。,We can get three stations in this area.
db79e0b5b4,巨大,きょだい,kyodai,huge; gigantic; enormous,N3,adj-na; n,1232180,,巨大なタンカーがついに今し方出港した。,The huge tanker has just left the dock.
81706342c1,嫌う,きらう,kirau,to hate; to dislike; to loathe,N3,v5u; vt,1257250,,彼女は人前で話をするのを嫌う。,She detests speaking in public.
2c83788ca8,霧,きり,kiri,fog; mist,N3,n,1531110,,濃い霧のために私たちの飛行機は遅れた。,A thick fog delayed our flight.
32bd2e24f7,切れ,きれ,kire,cloth; piece; cut; chop,N3,n,1384840,,肉は何切れにしましょうか。,How many slices of meat would you like?
3dcb8b1eaf,切れる,きれる,kireru,to cut well; to be sharp; to break (off),N3,v1; vi,1384860,,ガソリンが切れかかっている。,We're running out of gas.
3549d49781,記録,きろく,kiroku,record; minutes; document,N3,n; vs; vt,1223440,,無言が記録されたためしはない。,No silence was ever written down.
2abdb504c3,議論,ぎろん,giron,argument; discussion; dispute,N3,n; vs; vt,1226160,,彼らは議論をやめることに決めた。,They decided to put an end to the discussion.
dedefd0d0c,銀,ぎん,gin,silver; silver coin; silver paint,N3,n,1595090,,金より銀の指輪の方が好きです。,I prefer silver rings to gold ones.
235bb74e62,禁煙,きんえん,kin'en,No Smoking!,N3,exp,1241490,,いつ禁煙のサインを消すのでしょうね。,When will they turn off the no-smoking sign?
1cbf803ac6,金額,きんがく,kingaku,amount of money,N3,n,1242700,,飲み代として使った金額は総計７千ドルだった。,The total bill for drinks came up to 7000 dollars.
71229cb421,金庫,きんこ,kinko,safe; vault; treasury; provider of funds,N3,n,1242850,,貴重品は金庫にしまっておきなさい。,Put your valuables in the safe.
53432207ab,禁止,きんし,kinshi,prohibition; ban,N3,n; vs; vt,1241550,,喫煙は絶対禁止。,Smoking is strictly prohibited.
68345f8280,金銭,きんせん,kinsen,money; cash,N3,n; adj-no,1243020,,金銭のことで彼と争いになった。,I had a quarrel with him over money.
058f981bc3,金属,きんぞく,kinzoku,metal,N3,n,1243040,,鉄は最も有用な金属です。,Iron is the most useful metal.
c479f65e9c,近代,きんだい,kindai,present day,N3,n,1242420,,近代医学の進歩は長い道程を歩んだ。,The advancement of modern medicine was a long process.
9236d54fda,緊張,きんちょう,kinchou,tension; mental strain; nervousness,N3,n; vs; vi,1241880,,冷戦の緊張が高まった。,Cold-war tension has mounted.
1a439a2060,筋肉,きんにく,kinniku,muscle; sinew,N3,n,1241810,,水泳は筋肉を発達させる。,Swimming develops our muscles.
4f7398ac14,金融,きんゆう,kin'yuu,monetary circulation; credit situation,N3,n,1243290,,国際金融で仕事を続けるつもりです。,I plan to pursue a career in international finance.
ba23b13843,金曜,きんよう,kin'you,(abbreviation) Friday,N3,n,1243310,,彼は月曜から金曜まで働く。,He works from Monday to Friday.
44bc159936,句,く,ku,sentence,N3,n; n-suf,1243940,,彼はその句の文字どおりの意味を説明した。,He explained the literal meaning of the phrase.
291125be1d,食う,くう,kuu,(male) (vulgar) to eat,N3,v5u; vt,1592100,,この事業は金を食う。,This job eats money.
6f97791279,偶然,ぐうぜん,guuzen,(by) chance; unexpectedly; suddenly,N3,adv,1246270,,私は、偶然旧友に会った。,I met an old friend by chance.
def0fe1435,臭い,くさい,kusai,odour; scent; smell; stench,N3,adj-i,1333150,,あいつが臭い。,He looks suspicious.
23dbfc6d80,鎖,くさり,kusari,chain,N3,n,1291730,,ジョージはその犬に鎖をつけた。,George put a chain on the dog.
af84cff990,腐る,くさる,kusaru,to rot; to go bad,N3,v5r; vi,1497800,,これらのオレンジは腐っている。,These oranges have gone bad.
0c7a901471,癖,くせ,kuse,a habit (often a bad habit); peculiarity,N3,n,1509350,,その子は悪い癖が直った。,He was cured of his bad habits.
14d9875a05,管,くだ,kuda,pipe; tube,N3,n,2868440,,,
e73cc9df41,具体,ぐたい,gutai,concrete; tangible; material,N3,n,1245020,,,
591715a7f5,下す,くだす,kudasu,to lower; to let go down,N3,v5s; vt,1184320,,問題は誰が決定を下すかということだ。,The question is who will make the decision.
f91ef8a089,下り,くだり,kudari,down-train (going away from Tokyo),N3,adj-no; n,1184370,,ここの下りも手掛かりがないので危険だ。,The downclimb here is also dangerous as there are no handholds.
39169c37b8,苦痛,くつう,kutsuu,pain; agony,N3,n,1244560,,苦痛で彼の顔が歪んでいる。,His face is distorted by pain.
e67cf76c90,ぐっすり,ぐっすり,gussuri,sound asleep; fast asleep,N3,adv; adv-to,1004060,,昨夜はぐっすり眠れなかった。,I couldn't sleep well last night.
208282da05,区別,くべつ,kubetsu,distinction; differentiation; classification,N3,n; vs; vt,1244250,,私は彼女と妹を区別できなかった。,I couldn't tell her from her sister.
3fa8d2f8ed,組,くみ,kumi,class; group; team; set,N3,n; n-suf; ctr,1397450,,もうひと組の観光客が到着した。,Another lot of tourists arrived.
c6607d94a5,組合,くみあい,kumiai,association; union,N3,n,1397620,,組合はデモに参加しましたか。,Did the union participate in the demonstration?
0a25321a53,組む,くむ,kumu,to put together,N3,v5m; vt; vi,1397590,,私は彼らが腕を組んで歩いているのを見た。,I saw them walking arm in arm.
39eebded13,位,くらい,kurai,grade; rank; about,N3,n,1155400,,５８１４を千の位に四捨五入すれば何になりますか。,What is 5814 rounded to the nearest thousand?
94d9c6d53a,暮らし,くらし,kurashi,living; livelihood; subsistence; circumstances,N3,n; n-suf,1514930,,もっと良い暮らしができますように。,May God show us a better life!
42d188d98e,クラシック,クラシック,kurashikku,classic(s),N3,adj-na,1044020,,クラシックはありません。,I don't have any classical music.
1d220e4cd9,暮らす,くらす,kurasu,to live; to get along,N3,v5s; vi,1514940,,１日１ドルでアメリカで暮らしていけると思いますか。,Do you think you can live on a dollar a day in America?
23556d634a,グラス,グラス,gurasu,glass; grass,N3,n,1046430,,グラスは粉々に割れてしまった。,The glass shattered into pieces.
53f7d1e6a9,グランド,グランド,gurando,gland; grand; (electrical) ground,N3,adj-f,1046840,,彼はイングランドに住んでいます。,He lives in England.
ad08892426,クリーム,クリーム,kuriimu,cream,N3,n,1044480,,彼女はデザート用にクリームを泡立てた。,She beat the cream for dessert.
c2750be66b,繰り返す,くりかえす,kurikaesu,to repeat; to do something over again,N3,v5s; vt; vi,1247030,,「いいえ」とイギリス人は繰り返しました。,"""No,"" repeated the Englishman."
cd86540645,クリスマス,クリスマス,kurisumasu,Christmas,N3,n,1044830,,いいクリスマスを過ごしましたか。,Did you have a nice Christmas?
711e829034,狂う,くるう,kuruu,to go mad; to get out of order,N3,v5u; vi,1237510,,あなたの時計、時間は狂いませんか。,Does your watch keep good time?
1d4ec7c2db,グループ,グループ,guruupu,group,N3,n,1047300,,先生は私たちを二つのグループに分けた。,Our teacher separated us into two groups.
823d4cdf65,苦しい,くるしい,kurushii,painful; difficult,N3,adj-i,1244320,,彼の家族はかなり生活が苦しい。,His family is rather badly off.
db6bc1eecf,苦しむ,くるしむ,kurushimu,to suffer; to groan; to be worried,N3,v5m; vi,1244350,,彼はどんなに苦しんだことだろう。,How he has suffered!
628ac894ab,暮れ,くれ,kure,year end; sunset; nightfall; end,N3,n; adv; adj-no; n-suf,1514950,,日の暮れるのが早くなってきたね。,"It's getting dark earlier, isn't it?"
08ca0a613f,苦労,くろう,kurou,troubles; hardships,N3,n; vs; vt; vi,1244680,,せっかくの苦労もあだになった。,All my pains went for nothing.
7aaf7b56d7,加える,くわえる,kuwaeru,to append; to sum up; to add (up),N3,v1; vt,1189960,,水を加えてペースト状になるまでかき回しなさい。,Add water and stir to a paste.
d6448fea52,詳しい,くわしい,kuwashii,knowing very well; detailed; full; accurate,N3,adj-i,1351730,,このあたりはお詳しいですか。,Are you familiar with this area?
bc1d83a773,加わる,くわわる,kuwawaru,to join in; to accede to; to increase; to gain in (influence),N3,v5r; vi,1189980,,あなたはどちらのグループに加わりたいですか。,Which group do you want to join?
52377d2422,訓,くん,kun,native Japanese reading of a Chinese character,N3,n,1956150,,漢字の読み方には、音と訓の2通りがあるの。,There are two ways to pronounce kanji: the Chinese-derived reading and the Japanese reading.
a3bb21b401,軍,ぐん,gun,army; force; troops,N3,n,1247660,,戦争は連合軍の勝利に終わった。,The war ended in victory for the Allied Powers.
34bee09fdb,軍隊,ぐんたい,guntai,army; troops,N3,n,1248710,,日本の軍隊は非常に強力だった。,Japan's army was very powerful.
0c1708064c,訓練,くんれん,kunren,practice; training,N3,n; vs; vt,1247470,,私たちは昨日防火訓練をした。,We had a fire drill yesterday.
3d9a6a01ea,計,けい,kei,plan,N3,n; n-suf,1252050,,一年の計は元旦にあり。,New Year's Day is the key to the year.
ecf1cc2a23,敬意,けいい,keii,respect; honour,N3,n,1250720,,親に対して敬意を表さなければいけない。,You should be respectful to your parents.
80d351fd10,経営,けいえい,keiei,management; administration,N3,n; vs; vt,1251130,,彼は町でスーパーを経営している。,He runs a supermarket in the town.
aa8c18adb8,景気,けいき,keiki,condition; state; business (condition),N3,n,1250830,,コンピューター業界は景気がいい。,The computer industry is enjoying a boom.
793da2875f,傾向,けいこう,keikou,tendency; trend; inclination,N3,n,1249470,,その傾向はアメリカ人に強いようですね。,That tendency is strong among Americans.
b326211b65,警告,けいこく,keikoku,warning; advice,N3,n; vs; vt,1252360,,彼は私の警告に全く注意を払わなかった。,He paid no attention to my warning.
fff0dc0674,計算,けいさん,keisan,calculation; reckoning,N3,n; vs; vt,1252140,,旅行の総費用を計算してくれますか。,Can you work out the total cost of the trip?
7aa085a782,刑事,けいじ,keiji,criminal case; (police) detective,N3,n,1249660,,その泥棒は刑事を見ると走って逃げた。,The thief ran away at the sight of a detective.
21a489e0c0,掲示,けいじ,keiji,notice; bulletin,N3,n; vs; vt,1250620,,掲示には「全席予約済み」とあった。,"""Fully booked"" was on the notice."
3191964869,芸術,げいじゅつ,geijutsu,(fine) art; the arts,N3,n,1253060,,歌舞伎は古くからの日本の芸術だ。,Kabuki is an old Japanese art.
077c9dde2c,契約,けいやく,keiyaku,contract; compact; agreement,N3,n; vs; vt,1250190,,契約はかなりいいかげんなものだった。,The contract was rather loose.
2c814ebdd8,経由,けいゆ,keiyu,go by the way; via,N3,n; vs; vi,1251670,,彼はホノルル経由で帰ってきた。,He came back by way of Honolulu.
970f95c9c4,ケース,ケース,keesu,case,N3,n,1047880,,,
b3310e5721,ゲーム,ゲーム,geemu,game,N3,n,1048400,,私達はいろいろなゲームをした。,We played many kinds of games.
1f3f0c4bb0,怪我,けが,kega,injury (to animate object); hurt,N3,n; vs; vt; vi,1200220,,ラグビーをしているとき、彼はけがをした。,"Playing rugby, he got injured."
083108d865,劇,げき,geki,drama; play,N3,n,1253310,,劇はちょうど定刻に始まった。,The play began exactly on time.
f002b6a695,劇場,げきじょう,gekijou,theatre; playhouse,N3,n,1253410,,さあ劇場に着いたぜ。,Here we are at the theater.
b76277df15,化粧,けしょう,keshou,make-up (cosmetic),N3,n; vs; vt; vi,1577040,,こってり化粧した顔は異様である。,A face with too much make up looks strange.
3480dbdcdb,けち,けち,kechi,stinginess; miser; miserliness,N3,n; adj-na,2234080,,,
e391d26404,結果,けっか,kekka,result; consequence,N3,n; vs; vt; vi,1254690,,私達は息を殺して実験の結果を待った。,We held our breath and waited for the result of the experiment.
09aaedaccc,欠陥,けっかん,kekkan,defect; fault; deficiency,N3,n,1253950,,このシステムには明らかな欠陥がある。,This system has obvious defects.
cb50e02845,結局,けっきょく,kekkyoku,after all; eventually,N3,adv,1254730,,ゆっくりと着実なのが結局勝つ。,Slow and steady wins the race.
2a8c569402,決心,けっしん,kesshin,determination; resolution,N3,n; vs; vt,1254340,,すぐ決心するようにしてください。,Try to make up your mind soon.
51d709a6eb,欠席,けっせき,kesseki,absence; non-attendance,N3,n; vs; vi,1254020,,欠席された友人たちのために、乾杯しましょう。,Let's drink to absent friends.
5e67da482d,決定,けってい,kettei,decision; determination,N3,n; vs; vt; vi,1254380,,われわれは最終的決定を行った。,We've made a final decision.
d17214b7e4,欠点,けってん,ketten,faults; defect; weakness,N3,n,1254050,,欠点があるけどやはり彼が好きです。,I love him despite his faults.
5884288fe1,月曜,げつよう,getsuyou,Monday,N3,n,1255880,,国会は来週月曜に開かれる。,The Diet will open next Monday.
f5923ebe0d,結論,けつろん,ketsuron,conclusion,N3,n; vs; vi,1255020,,二人は同じ結論に到達した。,The two came to the same conclusion.
16dd291b4d,煙,けむり,kemuri,smoke; fumes,N3,n,1177180,,エレベーターから煙の臭いがします。,I smell smoke in the elevator.
7430f801c4,券,けん,ken,ticket; coupon; bond; certificate,N3,n; n-suf,1256730,,この券は２週間有効です。,This ticket is good for two weeks.
1dc344813d,県,けん,ken,prefecture,N3,n; n-suf,1258810,,チューリップは、私たちの県の県花です。,Tulips are our prefecture's official flower.
c9366999ee,喧嘩,けんか,kenka,quarrel; (drunken) brawl; failure,N3,n; vs; vi,1257040,,ケンとけんかしたのか。,Did you have a fight with Ken?
1e3d7c44ae,見解,けんかい,kenkai,opinion; point of view,N3,n,1259390,,あなたの見解は私とは正反対です。,Your views are quite opposite to mine.
3fd0035449,限界,げんかい,genkai,limit; bound,N3,n; adj-no,1264650,,あらゆるものに限界がある。,There is a limit to everything.
128d1bd46f,現金,げんきん,genkin,cash; ready money; mercenary; self-interested,N3,n,1263550,,現金で払う必要はありません。,You don't have to pay in cash.
eef783663f,言語,げんご,gengo,language,N3,n,1264420,,ドイツ語はやさしい言語ではありません。,German is not an easy language.
099583ae2f,健康,けんこう,kenkou,health; sound; wholesome,N3,adj-na,1256170,,煙草をすうことは健康に悪い。,Smoking is bad for the health.
8fb4973f14,検査,けんさ,kensa,"inspection (e.g. customs, factory); examination",N3,n; vs; vt,1257890,,検査は全くおざなりなものだった。,The inspection was quite perfunctory.
3030916eee,現在,げんざい,genzai,present; up to now; nowadays; modern times; current,N3,n; adv; adj-no,1263650,,私は現在の地位に満足している。,I am content with my current position.
30088243fb,現実,げんじつ,genjitsu,reality,N3,n,1263710,,いい加減に現実をみつめろ。,Open your eyes to reality.
e4e5715dc0,現象,げんしょう,genshou,phenomenon,N3,n,1263750,,その現象は今の時代に特有のものだ。,The phenomenon is typical of our modern era.
c5881c078f,現状,げんじょう,genjou,present condition; existing state; status quo,N3,n; adj-no,1263770,,彼は現状を大いに嘆いた。,He deeply deplored the situation.
95f1defe2d,建設,けんせつ,kensetsu,construction; establishment,N3,n; vs; vt,1257420,,その金は体育館の建設に当てられた。,The money was appropriated for building the gymnasium.
d4d82c9ff4,現代,げんだい,gendai,nowadays; modern times; present-day,N3,n; adj-no,1263810,,私は現代の音楽はあまり好きではない事を認めます。,I must admit I don't like much contemporary music.
20d3ebafd0,建築,けんちく,kenchiku,construction; architecture,N3,n; vs; vt,1257500,,彼らは家の建築にとりかかった。,They set about building a house.
9eaa6e43ae,検討,けんとう,kentou,consideration; examination; investigation; study; scrutiny,N3,n; vs; vt,1258000,,私たちはその件を詳細に検討した。,We debated the matter at length.
a99283c8e3,見当,けんとう,kentou,be found; aim; estimate; guess; approx,N3,n,1259930,,それがどこにあるのか、およその見当はついている。,I have a rough idea where it is.
6a886bb014,現場,げんば,genba,actual spot; scene; scene of the crime,N3,n,1263760,,警察はまもなく現場に着くだろう。,The police will soon arrive on the scene.
5df242e3b0,憲法,けんぽう,kenpou,constitution,N3,n,1257590,,私は日本が憲法を守るのを望む。,I hope that Japan will abide by its Constitution.
ffb1d0e3d2,権利,けんり,kenri,right; privilege,N3,n,1258200,,あなたにはそこに行く権利がない。,You have no right to go there.
c5b127def2,語,ご,go,language; word,N3,n; n-suf; ctr,1270910,,メキシコではなに語を話すのですか。,What is the language spoken in Mexico?
a9c92c47c3,濃い,こい,koi,"thick (as of color, liquid); dense; strong",N3,adj-i,1469890,,血は水よりも濃し。,Blood is thicker than water.
d53bd6b878,恋,こい,koi,love; tender passion,N3,n,1558670,,それは片思いの恋だった。,It was a one-sided love affair.
8b106a5072,恋人,こいびと,koibito,lover; sweetheart,N3,n,1558920,,私は恋人を「ダーリン」と呼びます。,I call my sweetheart darling.
75cd952e9c,幸運,こううん,kouun,good luck; fortune,N3,n; adj-na,1592930,,私達は幸運に小躍りして喜んだ。,We exulted at our good fortune.
72529375f7,講演,こうえん,kouen,lecture; address,N3,n; vs; vt; vi,1282240,,彼は講演するためホールに行った。,He went to the hall to give an address.
aa8bd6f038,効果,こうか,kouka,effect; effectiveness; efficacy; result,N3,n; adj-no,1275130,,最も効果の高い頭痛薬はどれですか。,What's your strongest type of headache pill?
f77ef3c0e5,硬貨,こうか,kouka,coin,N3,n,1280530,,これらの硬貨はほとんど価値がない。,These coins are of little value.
8fa27fc74c,高価,こうか,kouka,high price,N3,adj-na; n,1283300,,そんな高価な本は買えないよ。,I can't buy a book this expensive.
83efbaf7bc,豪華,ごうか,gouka,wonderful; gorgeous; splendor; pomp; extravagance,N3,adj-na; n,1285520,,何と豪華な家々でしょう。,What splendid houses they are!
5075cd7c3a,合格,ごうかく,goukaku,success; passing (e.g. exam); eligibility,N3,n; vs; vi,1284600,,私の兄は試験に合格できなかった。,My brother failed to pass the examination.
5fd3da8fb5,交換,こうかん,koukan,exchange; interchange; reciprocity,N3,n; vs; vt,1271750,,あなたと席を交換しよう。,Let me exchange seats with you.
2418b0bd40,航空,こうくう,koukuu,aviation; flying,N3,n,1281270,,ユナイテッド航空のカウンターはどこですか。,Where's the counter for the United Airlines?
5099ac7aef,光景,こうけい,koukei,scene; spectacle,N3,n,1272950,,その光景を見てぎょっとした。,I was frightened at the sight.
87062c3230,合計,ごうけい,goukei,sum total; total amount,N3,n; vs; vt,1284740,,この数字の列を合計しなさい。,Add up this column of figures.
30498eff96,攻撃,こうげき,kougeki,attack; strike; offensive; criticism; censure,N3,n; vs; vt,1279170,,急所を除くすべての攻撃を認める。,I'm allowing all attacks except on vital organs.
af7b17d479,貢献,こうけん,kouken,contribution; services,N3,n; vs; vi,1282410,,彼の努力は会社の成長に貢献した。,His effort contributed to my company's growth.
a7c4dfbb71,広告,こうこく,koukoku,advertisement,N3,n; vs; vt,1278510,,その商品はテレビで広告された。,The goods were advertised on TV.
a32b605031,交際,こうさい,kousai,company; friendship; association; society; acquaintance,N3,n; vs; vi,1271990,,その男は妻と交際し始めた。,The man took up with his wife.
5de51daefa,後者,こうしゃ,kousha,the latter,N3,n,1269720,,このうち大事なのは後者の方です。,Of these it is the latter one that is important.
009cdbf36f,構成,こうせい,kousei,organization; composition,N3,n; vs; vt,1279730,,この会議は１２人で構成されている。,The meeting had 12 attendees.
903f33a220,高速,こうそく,kousoku,high speed; high gear,N3,adj-na; adj-no; n,1283700,,超高速がコンコルド機の特徴だ。,Great speed is a feature of the Concorde.
ef340011e3,行動,こうどう,koudou,action; conduct; behaviour; mobilization,N3,n; vs; vi; adj-no,1282100,,私がこの行動の責任はすべて取る。,I take full responsibility for the action.
a786043e89,強盗,ごうとう,goutou,robbery; burglary,N3,n,1236500,,父は強盗と取っ組み合いをした。,My father struggled with the robber.
9adc22cc25,工場,こうば,kouba,factory; plant; mill; workshop,N3,n,1578700,,私の父と兄はこの工場で働いている。,My father and my brother work in this factory.
40a60f6e48,幸福,こうふく,koufuku,happiness; blessedness,N3,n; adj-na,1278400,,金持ちが必ずしも幸福とは限らない。,The rich are not always happy.
41ad5f20ad,公平,こうへい,kouhei,fairness; impartial; justice,N3,n,1274640,,法が常に公平であるとは限らない。,The law is not always fair.
1224c14c05,候補,こうほ,kouho,candidacy,N3,n,1272730,,スミス氏は市長候補である。,Mr Smith is a candidate for mayor.
63a1944ca4,考慮,こうりょ,kouryo,consideration; taking into account,N3,n; vs; vt,1281170,,彼らに同行しようかと考慮中です。,I'm considering going with them.
5dbb5639ea,越える,こえる,koeru,to exceed; to cross over; to cross,N3,v1; vt,1593070,,彼女は３０歳を越えているようだ。,It seems she is more than thirty years old.
c1f6a386a7,コーチ,コーチ,koochi,coach,N3,n; vs; vt,1048910,,コーチが助言をしてくれた。,The coach gave me some advice.
9c3ddb98b7,コード,コード,koodo,code; cord; chord,N3,n,1049010,,,
cf7176ee78,氷,こおり,koori,ice; hail,N3,n,1488840,,氷みたいに冷たくしないでくれよ。,Don't be cold as ice.
76369c4c63,凍る,こおる,kooru,to freeze; to be frozen over; to congeal,N3,v5r; vi,1593100,,道が凍っているから気を付けなさい。,"The road is icy, so take care."
4f77e1d360,ゴール,ゴール,gooru,goal,N3,n; vs; vi,1054230,,,
6795b8e330,誤解,ごかい,gokai,misunderstanding,N3,n; vs; vt; vi,1271310,,あなたを誤解してしまってごめんなさい。,I'm sorry I misunderstood you.
76f3332f8f,語学,ごがく,gogaku,language study,N3,n,1271010,,これは私の語学の能力を有利に使える好機である。,This will be a good opportunity for me to use my language skills to my advantage.
f9c7285539,呼吸,こきゅう,kokyuu,breath; respiration,N3,n; vs; vt; vi,1266470,,英語の発音の呼吸がなかなか飲み込めない。,I still can't get the knack of English pronunciation.
bc21114bf3,故郷,こきょう,kokyou,home town; birthplace; old village; historic village,N3,n,2853884,,故郷の老いた両親のことを考えて見るべきだ。,You must think of your old parents at home.
28a5ee1cda,極,ごく,goku,quite; very,N3,adv,1240180,,今、ごく小さなペットが流行っている。,Tiny pets are in fashion now.
cd17a14f44,国語,こくご,kokugo,national language,N3,n,1286370,,彼は国語が好きだし得意だ。,"He likes Japanese, and he's good at it."
d2f232cacf,黒板,こくばん,kokuban,blackboard,N3,n,1288080,,黒板に書きますね。,I'll write it on the blackboard.
60b9a40caa,克服,こくふく,kokufuku,subjugation; conquest,N3,n; vs; vt,1285790,,彼は多くの困難を克服した。,He has overcome many obstacles.
1fa000031d,国民,こくみん,kokumin,national; people; citizen,N3,n,1287070,,国民は歓呼して彼を国王に迎えた。,The people acclaimed him King.
fe42a234e2,穀物,こくもつ,kokumotsu,grain; cereal; corn,N3,n; adj-no,1287280,,彼は穀物を商っている。,He deals in grain.
8d527d10b8,腰,こし,koshi,hip,N3,n,1288340,,,
908ad483d6,個人,こじん,kojin,individual; private person; personal; private,N3,n,1264770,,この部屋は個人専用です。,This room is for individual use.
1a796e4b69,越す,こす,kosu,to go over (e.g. with audience),N3,v5s; vt,1175300,,船は今夜赤道を越すだろう。,The ship will cross the equator tonight.
9ae2fdd72f,国家,こっか,kokka,state; country; nation,N3,n,1286170,,同じ事が国家についても当てはまる。,The same is true of the nation.
25d3414d84,国会,こっかい,kokkai,National Diet; parliament; congress,N3,n,1286240,,火曜日に国会が開かれる。,The Diet will meet on Tuesday.
1337b1b9ec,国境,こっきょう,kokkyou,national or state border,N3,n,1286320,,明日中には国境を越えます。,We'll be across the border by tomorrow.
b3edaebb52,骨折,こっせつ,kossetsu,bone fracture,N3,n; vs; vt,1288640,,右腕を骨折したようです。,I think my right arm is broken.
3c2e8a5848,小包,こづつみ,kozutsumi,parcel; package,N3,n,1593290,,この小包を船便で送ってください。,Please send this parcel by surface mail.
28bac43acc,異なる,ことなる,kotonaru,to differ; to vary; to disagree,N3,v5r; vi,1157510,,彼らの意見は私のとは異なっている。,Their opinions differ from mine.
5b0d9b6282,諺,ことわざ,kotowaza,proverb; maxim,N3,n,1264600,,このことわざが使われるのを聞いた事があります。,I have heard this proverb used.
6cd948ec5d,断る,ことわる,kotowaru,to refuse; to decline; to dismiss,N3,v5r; vt,1419570,,なぜ彼の申し出を断ったのですか。,Why did you turn down his offer?
1551075c08,粉,こな,kona,flour; meal; powder,N3,n,1504770,,この小麦は粉にされる。,This wheat is made into flour.
a513d2c3ad,好み,このみ,konomi,liking; taste; choice,N3,n; adj-no,1277500,,干物は私の好みに合わない。,Dried fish is not to my taste.
02122dbf6e,好む,このむ,konomu,to like; to prefer,N3,v5m; vt,1277520,,母は私たちが間食するのを好まない。,Mother frowns upon us eating between meals.
4aef785a50,コピー,コピー,kopii,a (photo)copy; blurb on a book jacket,N3,n,1050590,,このページをコピーして下さい。,Please copy this page.
a1093c8201,小麦,こむぎ,komugi,wheat,N3,n,1348630,,この小麦は粉にされる。,This wheat is made into flour.
050f3bbfac,小屋,こや,koya,hut; cabin; shed; (animal) pen,N3,n,1347830,,遠くに小屋が見えた。,I saw a cottage in the distance.
e731b88993,これら,これら,korera,these,N3,pn,1004830,これ等,これらのコメントから判断すると、この文は直した方がよさそうね。,"Judging from these comments, it would seem that this sentence should be corrected."
7fa019fe1b,頃,ころ,koro,time; about; toward; approximately (time),N3,n; adv; n-suf,1579080,,ここへは手紙は正午頃配達される。,Letters are delivered here about noon.
659d86e5e4,殺す,ころす,korosu,to kill,N3,v5s; vt,1299030,,おまえはオレを殺そうとしている。,You are trying to kill me.
9c146d3363,転ぶ,ころぶ,korobu,to fall down; to fall over,N3,v5b; vi,1582130,,転んで手首を痛めました。,I fell down and hurt my wrist.
37bb355b59,今回,こんかい,konkai,now; this time; lately,N3,n; adv,1289070,,今回はしくじれないぞ。,You cannot fail this time.
690e64a697,今後,こんご,kongo,from now on; hereafter,N3,n; adv,1289140,,今後気をつけなくてはなりません。,You must be careful from now on.
d9f933bfc3,混雑,こんざつ,konzatsu,confusion; congestion,N3,n; vs; vi,1290390,,その道は車で混雑している。,The roads are jammed with cars.
ced987ab59,こんなに,こんなに,konnani,so; like this; in this way,N3,adv,1004890,,どうして帰りがこんなに遅くなったの。,Why did you come home so late?
a873a6e522,困難,こんなん,konnan,difficulty; distress,N3,n; adj-na,1289620,,彼の言ってる事を理解するのは困難だ。,I found it difficult to understand what he was saying.
380bf1226c,今日,こんにち,konnichi,today; this day,N3,n; adv,1579110,,彼は宿題を今日終えねばならない。,He must finish his homework today.
5044be2999,コンピューター,コンピューター,konpyuutaa,computer,N3,n,1053350,,洋子はコンピューターを買えない。,Yoko is unable to buy a computer.
0896967865,婚約,こんやく,kon'yaku,engagement; betrothal,N3,n; vs; vi; adj-no,1289710,,とうとう私の姉は婚約した。,"Finally, my sister got engaged."
e7facf3a10,混乱,こんらん,konran,disorder; chaos; confusion; mayhem,N3,n; vs; vi,1290560,,国会は混乱のうちに散会した。,The Diet broke up in confusion.
b5d6202e3f,差,さ,sa,difference; variation,N3,n; n-suf,1291070,,彼の馬は３馬身の差で勝った。,His horse won by three lengths.
6a8da0f21f,サービス,サービス,saabisu,service; support system; goods or services without charge,N3,n; vs; vi,1055000,,あの店はサービスが良い。,That store gives good service.
9ff6bba172,際,さい,sai,on the occasion of; circumstances,N3,n,1296300,,火事の際は１１９番に電話してください。,"In the case of fire, dial 119."
67399eea20,最高,さいこう,saikou,highest; supreme; the most,N3,adj-no; adj-na; n,1293850,,彼は現存する最高の芸術家である。,He is the greatest living artist.
e06471a78e,財産,ざいさん,zaisan,property; fortune; assets,N3,n,1296820,,ミスで財産を失った。,My mistake cost me my fortune.
87d50bbaf1,最終,さいしゅう,saishuu,last; final; closing,N3,adj-no; n,1293940,,最終電車はいつ出ますか。,When does the last train leave?
40b4a7cb92,最中,さいちゅう,saichuu,in the middle of,N3,n,1579210,,彼はスピーチの最中に気を失った。,He fainted in the midst of his speech.
fe278816d4,最低,さいてい,saitei,least; lowest; worst,N3,adj-no; adj-na; n,1294220,,こんな最低の目にあったことはないわ！,This is the worst thing that has ever happened to me!
dc6aa5133f,才能,さいのう,sainou,talent; ability,N3,n,1294630,,君には音楽の才能がある。,You have a gift for music.
79e1b168ba,裁判,さいばん,saiban,trial; judgement,N3,n; vs; vt; adj-no,1296120,,裁判は公明正大であることが要求される。,Judgment requires impartiality.
1994007f1d,材料,ざいりょう,zairyou,ingredients; material,N3,n,1296670,,すぐれた材料で作られた家具は、売れ行きがよい。,Furniture made of good materials sells well.
83aba83042,幸い,さいわい,saiwai,happiness; blessedness,N3,n; adj-na,1278380,,あなたがここに居たのは幸いでした。,You were fortunate to be here.
2a04aa688d,サイン,サイン,sain,autograph; sign; sine,N3,n; vs; vt; vi,1056230,,,
e065923d1c,境,さかい,sakai,border; boundary; mental state,N3,n,1235950,,彼は生死の境をさ迷った。,He hovered between life and death.
2fe9fb3327,逆らう,さからう,sakarau,to go against; to oppose; to disobey; to defy,N3,v5u; vi,1226990,,彼は世の風潮に逆らう。,He is swimming against the tide.
b2fa7ff523,盛り,さかり,sakari,height (e.g. of summer); peak (e.g. of cherry blossom season); (in) season; full bloom,N3,n; n-suf,1379640,,彼は今男盛りだ。,He is now in the prime of manhood.
bca3bdc725,作業,さぎょう,sagyou,work; operation; manufacturing; fatigue duty,N3,n; vs; vi,1297540,,私がいない間も作業を続けなさい。,Carry on working while I'm away.
f6255aa5c5,昨,さく,saku,last (year); yesterday,N3,pref,1298200,,彼は昨シーズンで野球をやめました。,He stopped playing baseball last season.
26a429509f,作品,さくひん,sakuhin,work; opus; performance; production,N3,n,1297910,,これは母の作品の一つです。,It is something my mother made.
9eb3e2a34e,作物,さくもつ,sakumotsu,produce (e.g. agricultural); crops,N3,n,1297950,,日本の主要作物は米である。,The main crop of Japan is rice.
b66409ed87,桜,さくら,sakura,cherry blossom; cherry tree,N3,n,1593710,,私たちは春桜の花の下を通学した。,We went to school under the cherry blossoms in spring.
7650278af2,酒,さけ,sake,alcohol; sake,N3,n,1329010,,僕は酒も煙草もやらないんだ。,I neither drink nor smoke.
af53cba50b,叫ぶ,さけぶ,sakebu,to shout; to cry,N3,v5b; vi,1235910,,彼女は子供たちに静かにと叫んだ。,She yelled at the children to be quiet.
5f052e8594,避ける,さける,sakeru,to avoid (physical contact ); to ward off; to avert,N3,v1; vt,1583260,,あなたはいやな経験を避けるかもしれない。,You might avoid an unpleasant experience.
9923ca40cb,支える,ささえる,sasaeru,to be blocked; to choke; to be obstructed,N3,v1; vt,1310090,,なんとかそこで支えよ。入市を許すな。,Hold them there! Don't let them into the city!
30cf0aaae2,指す,さす,sasu,to point; to put up umbrella; to play,N3,v5s; vt,1309670,,＆という記号は、ａｎｄを指す。,The sign '&' stands for 'and'.
76a8947aac,座席,ざせき,zaseki,seat,N3,n,1291880,,鞄を座席の下に置いてください。,Stick the bag down under the seat.
5c39a99fa2,誘う,さそう,sasou,to invite; to ask; to tempt; to lure; to induce,N3,v5u; vt,1541900,,ウラウラとした日差しに誘われて、眠りに落ちた。,"The soft, gentle sunlight beckoned me to sleep."
0696f63fdf,札,さつ,satsu,banknote; bill; note; paper money,N3,n; n-suf,1298960,,１０００円札をくずしていただけませんか。,"Could you break a 1,000 yen note?"
f84a6eb064,作家,さっか,sakka,author; writer; novelist; artist,N3,n,1297510,,その作家は私たちによく知られています。,The writer is well known to us.
1fda1b853a,作曲,さっきょく,sakkyoku,composition; setting (of music),N3,n; vs; vt; vi,1297650,,この音楽はバッハによって作曲された。,This music was composed by Bach.
a7495ca386,ざっと,ざっと,zatto,roughly; in round numbers,N3,adv,1005390,,私はパンフレットにざっと目をとおした。,I glanced through the brochure.
e4e0df7a25,さっぱり,さっぱり,sappari,feeling refreshed; feeling relieved; neat; trimmed,N3,adv; adv-to; vs,1005210,,私はこの手のことにはさっぱりだ。,I'm a total stranger to things of this kind.
94c462cd78,さて,さて,sate,well; now; then,N3,conj; int,1585460,,,
66c155bf9f,砂漠,さばく,sabaku,desert,N3,n,1593800,,サハラは広大な砂漠です。,The Sahara is a vast desert.
e79255ce69,差別,さべつ,sabetsu,discrimination; distinction; differentiation,N3,n; vs; vt,1291410,,その週間は差別とは関係がなかった。,That week had nothing to do with discrimination.
a663b5a2f5,作法,さほう,sahou,manners; etiquette; propriety,N3,n,1297980,,彼らは君の悪い作法に腹をたてている。,They are angry at your ill manners.
9fc5f5ca7f,様々,さまざま,samazama,varied; various,N3,adj-na; n,1593830,,庭には様々な花が咲き乱れていた。,The garden was a riot of color.
cc270e7f06,覚ます,さます,samasu,to awaken,N3,v5s; vt,1206060,,その物音が私を眠りから覚まさせた。,The noise awoke me from my sleep.
9e9186ae73,覚める,さめる,sameru,to wake; to wake up,N3,v1; vi,1206070,,その音で彼女は眠りから覚めた。,The sound roused her from sleep.
ec257ddb78,左右,さゆう,sayuu,left and right; influence; control; domination,N3,n; vs; vt,1290810,,彼は怒って首を左右に振った。,He gave an angry shake of his head.
947efd8771,皿,さら,sara,plate; dish,N3,n,1299680,,彼女はテーブルの上に皿を置いた。,She set the tray down on the table.
e32542ef92,更に,さらに,sarani,furthermore; again; after all; more and more; moreover,N3,adv; conj,1279310,,彼らは更に３マイル遠くへ歩いた。,They walked three miles farther.
0a2e1c93de,猿,さる,saru,monkey,N3,n,1177390,,あれはさる年に因んだ猿の絵です。,That's a picture of a monkey associated with the Year of the Monkey.
8190d9ad28,去る,さる,saru,to leave; to go away,N3,v5r; vi,1231650,,古き良き時代は去って、二度ともどってこない。,"The good old days have gone, never to return."
813ca3b6fc,騒ぎ,さわぎ,sawagi,uproar; disturbance,N3,n; n-suf,1403020,,この騒ぎはどうしたの。,What is all this bother about?
ce2ba9fec2,参加,さんか,sanka,participation,N3,n; vs; vi,1302090,,あなたは競技に参加しましたか。,Did you take part in the game?
731e27d6bb,参考,さんこう,sankou,reference; consultation,N3,n,1302280,,参考のためにカタログをお送りください。,Please send me a catalogue for review.
575f9c66e6,賛成,さんせい,sansei,approval; agreement; support; favour,N3,n; vs; vi; adj-no,1304200,,私たちの計画に賛成してくれますか。,Are you agreeable to our plan?
f4b9298167,酸素,さんそ,sanso,oxygen,N3,n,1304350,,酸素が無ければ生きられない。,You can't live without oxygen.
9ba2a9c365,氏,し,shi,Mr; Mrs; Ms; Miss,N3,suf,2101130,,亡くなったスミス氏は医者でした。,The late Mr Smith was a doctor.
f263ebe6ea,詩,し,shi,poem; verse of poetry,N3,n,1929950,,この詩は誰が書いたのですか。,By whom was this poem written?
7e7306e3ec,幸せ,しあわせ,shiawase,happiness; good fortune; luck; blessing,N3,n; adj-na,1594060,,金持ちが幸せとは限らない。,The rich are not always happy.
7108cb5a35,ジーンズ,ジーンズ,jiinzu,jeans,N3,n,1064120,,私は日曜日はたいていジーンズをはいている。,I usually wear jeans on Sunday.
7da22b4d75,ジェット機,ジェットき,jettoki,jet aeroplane,N3,n,1064250,,彼女の息子はジェット機のパイロットです。,Her son is a jet pilot.
8b180f444a,直に,じかに,jikani,immediately; readily; directly,N3,adv,1430690,,あなたとじかに会ってじっくり話したいことがあるのです。,"I have something to talk over with you, face to face."
55b369ffb6,しかも,しかも,shikamo,moreover; furthermore; nevertheless; and yet,N3,conj,1506050,,それは作りやすいし、しかも安い。,It's easy to make and it's cheap.
9b941bc52f,叱る,しかる,shikaru,to scold,N3,v5r; vt,1319580,,ママに叱られますよ。,You'll catch it from Mummy.
69417b0273,式,しき,shiki,equation; formula; ceremony,N3,n,1319060,,彼は事故でその式に出席できなかった。,An accident prohibited his attending the ceremony.
29899828b1,時期,じき,jiki,time; season; period,N3,n; adv,1316040,,１年のこの時期は天候がよく変わる。,The weather changes very often at this time of year.
0894c700f3,直,じき,jiki,soon; in a moment; before long; shortly,N3,adj-na; adv; n,1581790,,彼女はじきよくなるだろう。,She will get well soon.
2453d64002,支給,しきゅう,shikyuu,payment; allowance,N3,n; vs; vt,1310130,,私たちは制服を支給された。,We were supplied with uniforms.
a39cf53f66,しきりに,しきりに,shikirini,frequently; repeatedly; incessantly; eagerly,N3,adv,1005480,頻りに,トムはしきりに新車を買いたがっている。,Tom is eager to buy a new car.
98d66e7abc,刺激,しげき,shigeki,stimulus; impetus; incentive,N3,n; vs; vt,1594190,,光が刺激となって花が咲く。,Light is the stimulus that causes a flower to open.
6711714ac5,資源,しげん,shigen,resources,N3,n,1312720,,海は各種の資源を与えてくれる。,The ocean affords various kinds of resources.
f8acb92221,事件,じけん,jiken,event; affair; incident,N3,n,1313830,,この事件に手を貸してください。,Give me a hand with this case.
d15a9f3445,時刻,じこく,jikoku,instant; time; moment,N3,n,1316220,,そろそろ寝る時刻だ。,It's almost time to go to bed.
dffd722c2c,自殺,じさつ,jisatsu,suicide,N3,n; vs; vi,1317770,,,
11ac991f58,事実,じじつ,jijitsu,fact; truth; reality,N3,n,1313960,,うわさは事実だとわかった。,The rumor turned out to be true.
dff67195c3,支出,ししゅつ,shishutsu,expenditure; expenses,N3,n; vs; vt,1310180,,支出は合計２０万円になった。,"The expenditure totaled 200,000 yen."
fbf3bca708,事情,じじょう,jijou,circumstances; consideration; conditions; situation; reasons,N3,n,1314010,,彼女はすべての事情を利用する。,She takes every circumstance into account.
25190a5f67,詩人,しじん,shijin,poet,N3,n,1312220,,彼女は大した詩人ではありません。,She isn't much of a poet.
bf4dea448b,自身,じしん,jishin,by oneself; personally,N3,n; n-suf,1318000,,ジェーン自身がこの手紙を書いた。,Jane wrote the letter herself.
0983432238,沈む,しずむ,shizumu,to sink; to feel depressed,N3,v5m; vi,1431670,,まるで、沈む船から逃げるネズミみたいね。,It's just like rats leaving a sinking ship.
6b381a57b1,自然,しぜん,shizen,nature; spontaneous,N3,n,1318090,,夫婦が愛し合うのは全く自然である。,It is quite natural the couple should love each other.
b7517a4f00,思想,しそう,shisou,thought; idea,N3,n,1309560,,彼には思想の理想がかけている。,His thoughts are empty of idea.
6a521aa0cd,舌,した,shita,tongue,N3,n,1387010,,コーヒーは舌が焼けるほど熱かった。,The coffee was so hot that I nearly burned my tongue.
a8dbeaa8a0,次第,しだい,shidai,order; precedence; circumstances; immediate(ly),N3,n,1316680,,空港に着き次第、電話します。,I'll phone you as soon as I get to the airport.
372efcc496,事態,じたい,jitai,situation; present state of affairs,N3,n,1595240,,事態はかなり切迫している。,The matter is really pressing.
658adc9590,従う,したがう,shitagau,to abide (by the rules); to obey; to follow; to accompany,N3,v5u; vi,1335210,,本能に従うと道を誤ることが多い。,Instinct is often a poor guide.
7d18731cba,したがって,したがって,shitagatte,therefore; consequently; in accordance with,N3,conj,1335230,従って,君は能力にしたがって上達する。,You will progress in proportion to your abilities.
65b4a1f58b,親しい,したしい,shitashii,intimate; close (e.g. friend),N3,adj-i,1365050,,犬は人間の最も親しい友達である。,Dogs are man's closest friends.
50e11fed01,質,しつ,shitsu,quality; nature (of person),N3,n,1320640,,お茶の質は下がりつつある。,The quality of tea is going down.
758bbc40fb,失業,しつぎょう,shitsugyou,unemployment,N3,n,1319860,,失業した後、彼は大変苦労した。,"After losing his job, he went through a very difficult time."
ae3fd65f95,実験,じっけん,jikken,experiment,N3,n; vs; vt,1320970,,彼は実験の失敗の理由を説明した。,He explained why the experiment failed.
1ad20880d6,実現,じつげん,jitsugen,implementation; materialization; realization,N3,n; vs; vt; vi,1321020,,あなたの夢がみんな実現されますように。,May all your dreams come true!
6bfc102fca,実行,じっこう,jikkou,practice; performance; execution (e.g. program); realization,N3,n; vs; vt,1321040,,私は彼の実行的能力を信頼している。,I trust his executive ability.
5782695fa6,実際,じっさい,jissai,practical; actual condition; status quo,N3,n; adj-no,1321110,,人間は実際自然のなすがままである。,Man is indeed at the mercy of nature.
34dbafcd1c,実施,じっし,jisshi,enforcement; enact; put into practice; carry out; operation,N3,n; vs; vt,1321140,,その計画は実施された。,The plan was put into operation.
622adb5718,じっと,じっと,jitto,fixedly; firmly; patiently; quietly,N3,adv; vs,1005870,,小さいおうちはお金で売れなかったのでじーとそこにとどまったままながめつづけていました。,"She couldn't be sold for gold or silver, so she just stayed there and watched."
96bd500096,実に,じつに,jitsuni,indeed; truly; surely,N3,adv,2820720,,今日は実によい天気だ。,It is truly a nice day today.
fffb310ed7,実は,じつは,jitsuwa,as a matter of fact; by the way,N3,exp; adv,1320830,,実はそれはただのうわさだったよ。,"Actually, it was just a rumour."
64d280f093,失望,しつぼう,shitsubou,disappointment; despair,N3,n; vs; vi,1320170,,私はその結果に失望した。,I was disappointed at the results.
1eb7a41a47,支店,してん,shiten,branch store (office),N3,n,1310230,,新しい支店が来月シカゴに開店する。,A new branch will be opened in Chicago next month.
7adcba85aa,指導,しどう,shidou,leadership; guidance; coaching,N3,n; vs; vt,1309950,,彼は次の世代を指導すべき人物だ。,He is the person to lead the next generation.
6765fe103a,自動,じどう,jidou,automatic; self-motion,N3,adj-no; n,1318340,,彼女は自動式の洗濯機をもっている。,She has an automatic washing machine.
63d9f749c6,品,しな,shina,thing; article; goods; dignity; article (goods); counter for meal courses,N3,n,1583470,,ここでお買い上げの品は無料で配達します。,Articles bought here will be delivered free of charge.
368d767ec1,支配,しはい,shihai,rule; control; direction,N3,n; vs; vt,1310270,,静けさが森を支配していた。,Silence reigned in the forest.
2bd8c47394,芝居,しばい,shibai,play; drama,N3,n,1321630,,どの芝居がいいですか。,Can you recommend a good play?
f687c4a424,しばしば,しばしば,shibashiba,often; again and again; frequently,N3,adv,1005580,屡,私はしばしば絶望感に襲われた。,I was often seized by despair.
9a8a4d8fa3,芝生,しばふ,shibafu,lawn,N3,n,1321650,,彼らは芝生の上に横になっていた。,They were lying on the grass.
cc69ac8fc3,支払,しはらい,shiharai,payment,N3,n,1594480,,彼は借金の支払いを要求した。,He demanded payment of the debt.
c91a6e26c5,支払う,しはらう,shiharau,to pay,N3,v5u; vt,1310300,,私はその本に３ドル支払った。,I paid 3 dollars for the book.
f91414aac2,死亡,しぼう,shibou,death; mortality,N3,n; vs; vi,1310950,,彼の死亡告知が新聞に出た。,An announcement of his death appeared in the newspapers.
519deff273,資本,しほん,shihon,funds; capital,N3,n,1312780,,彼らには次の工場を建設するだけの資本がある。,They have enough capital to build a second factory.
5e5a5dfee9,しまい,しまい,shimai,sisters,N3,n,1579490,姉妹,彼の姉妹は二人とも美人です。,Both his sisters are beautiful.
e0d7c68759,しまう,しまう,shimau,to finish; to close; to do something completely,N3,aux-v; v5u,1305380,,彼らは明日飛行機で行ってしまう。,They are going off by plane tomorrow.
3963aabbaa,しまった,しまった,shimatta,Damn it!,N3,int,1005600,,しまった！ウッカリして、携帯電話をお店に忘れてきちゃった。,Oh no! I wasn't paying attention and left my cell phone in the restaurant!
7ef7ecde78,自慢,じまん,jiman,pride; boast,N3,n; vs; vt; adj-no,1318680,,われわれは体力を自慢した。,We took pride in our strength.
99dc3e9d67,事務,じむ,jimu,business; office work,N3,n,1314270,,退職する前に彼は事務を渡した。,"Before he retired, he had handed over charge of his office."
bab0ffb17a,示す,しめす,shimesu,to denote; to show; to point out; to indicate,N3,v5s; vt,1317110,,その子は何の恐怖も示さなかった。,That boy showed no fear.
f797ab74cc,占める,しめる,shimeru,to comprise; to account for; to make up (of); to hold; to occupy,N3,v1; vt,1389460,,ギャンブルで味を占めるとなかなか止められない。,"Once you get the taste for gambling, it's hard to give it up."
b341907305,霜,しも,shimo,frost,N3,n,1402930,,今朝、地面は霜で覆われていた。,The ground was covered with frost this morning.
823b048f98,じゃあ,じゃあ,jaa,well; well then,N3,conj,1005900,,「安いですね。じゃあ10ヤードください」小娘が答えた。,"""That's cheap. I'll take ten yards,"" the girl answered."
0bd00cd76e,借金,しゃっきん,shakkin,debt; loan; liabilities,N3,n; vs; vt,1323940,,君は借金を払うべきだ。,You should pay your debts.
6b76d0e68b,しゃべる,しゃべる,shaberu,to talk; to chat; to chatter,N3,v5r; vt; vi,1427510,喋る,つい彼が病気だということをしゃべってしまった。,I've just let slip that he is sick.
ba60eb30d1,州,しゅう,shuu,"state (of the US, Australia, India, Germany, etc.); province (e.g. of Canada); county (e.g. of the UK); region (e.g. of Italy)",N3,n; n-suf,1331840,,南部の州へ冬期に旅行すると、今旅行するよりも料金が高くなります。,Traveling to the southern states during the winter will be costlier than it is now.
34502f33ca,週,しゅう,shuu,week,N3,n; n-suf,1333450,,それはその前の週に買ったものでした。,I had bought it the week before.
832f591208,銃,じゅう,juu,gun,N3,n,1337000,,警察は簡単に銃を使ってはいけない。,Police can't be trigger happy.
fe4cf66fc4,周囲,しゅうい,shuui,surroundings; circumference; environs,N3,n; adj-no,1331030,,この木は周囲３メートルある。,This tree measures three meters around.
2f1fe65bc6,収穫,しゅうかく,shuukaku,harvest; crop; ingathering,N3,n; vs; vt,1330510,,私たちはみな収穫の手伝いをした。,We all helped with the harvest.
86d6931c5b,週間,しゅうかん,shuukan,week; weekly,N3,n,1333500,,もう２週間たったら帰ります。,I will be back in another two weeks.
3a24c44422,宗教,しゅうきょう,shuukyou,religion,N3,n,1331400,,彼は日本の宗教に精通している。,He has a good knowledge of Japanese religion.
60a04003e4,重視,じゅうし,juushi,importance; stress; serious consideration,N3,n; vs; vt,1336260,,人生においてお金を重視する人もいる。,Some people place a lot more emphasis on the importance of money in life.
ec1934d7b5,就職,しゅうしょく,shuushoku,finding employment; inauguration,N3,n; vs; vi,1331670,,なぜ就職を断られたのか。,Why was I turned down for the job?
5d154c188d,ジュース,ジュース,juusu,juice; soft drink; deuce,N3,n,1065950,,私はニワトコジュースが好きだ。,I love elderberry juice.
8fc09cad9c,修正,しゅうせい,shuusei,amendment; correction; revision; modification,N3,n; vs; vt,1332130,,彼は自説を修正した。,He revised his opinion.
8e6b354697,渋滞,じゅうたい,juutai,congestion (e.g. traffic); delay; stagnation,N3,n; vs; vi,1335570,,渋滞で遅れました。,I was delayed by a traffic jam.
4ac6ac022d,重大,じゅうだい,juudai,serious; important; grave; weighty,N3,adj-na; n,1336500,,彼は重大な発見をした。,He made an important discovery.
b1905d8e82,住宅,じゅうたく,juutaku,resident; housing,N3,n,1334150,,どちらかといえば木造住宅に住みたい。,I'd rather live in a wooden house.
ff42db8965,集団,しゅうだん,shuudan,group; mass,N3,n,1333730,,君はいまやエリート集団の一員だ。,You are now among the elite.
f427f2ab2d,集中,しゅうちゅう,shuuchuu,concentration; focusing the mind,N3,n; vs; vt; vi,1333750,,彼の仕事の大半が都市部に集中している。,The bulk of his work is in the urban area.
a1ee5baecb,収入,しゅうにゅう,shuunyuu,income; receipts; revenue,N3,n,1330790,,収入以上の生活をするな。,Do not live above your income.
7c391cdd2b,住民,じゅうみん,juumin,citizens; inhabitants; residents; population,N3,n,1334210,,住民の半数以上はその計画に反対だ。,More than half the residents are opposed to the plan.
bc3d5a165c,重要,じゅうよう,juuyou,important; momentous; essential; principal; major,N3,adj-na,1336820,,その結び目を守るのは重要なことだ。,Maintaining that tie is important.
5c2888fc48,修理,しゅうり,shuuri,repairing; mending,N3,n; vs; vt,1332400,,その車は修理する価値がない。,The car isn't worth repairing.
0bbc9772e0,主義,しゅぎ,shugi,doctrine; rule; principle,N3,n,1325260,,それは私の主義に反する。,That runs against my principles.
1cc7aa8d65,宿泊,しゅくはく,shukuhaku,lodging,N3,n; vs; vi,1337300,,６人宿泊させて欲しい。,We need accommodation for six.
2272beabcd,手術,しゅじゅつ,shujutsu,surgical operation,N3,n; vs; vt,1327790,,手術をしなければなりません。,You have to have an operation.
4886c70b26,首相,しゅしょう,shushou,Prime Minister,N3,n,1329300,,首相の留守中は外務大臣が代理を務める。,The foreign minister will act for the Prime Minister in his absence.
ad063e9d9a,手段,しゅだん,shudan,means; way; measure,N3,n,1328110,,全ての手段が試みられたわけではない。,Every means has not been tried.
21f9e28b1c,主張,しゅちょう,shuchou,claim; request; insistence; assertion,N3,n; vs; vt,1325910,,私たちはその重要性を主張した。,We insisted on its importance.
a12afe6e3d,出身,しゅっしん,shusshin,graduate from; come from,N3,n,1339260,,私は東京出身です。,I'm from Tokyo.
7d156e99e7,出版,しゅっぱん,shuppan,publication,N3,n; vs; vt,1340030,,ついにその本を出版した。,We finally published the book.
070d8af6f7,首都,しゅと,shuto,capital city,N3,n,1329340,,東京は日本の首都です。,Tokyo is the capital of Japan.
d312849382,主婦,しゅふ,shufu,housewife; mistress,N3,n,1326160,,主婦は節約に努めるべきである。,A housewife should be economical.
689b83786e,主要,しゅよう,shuyou,chief; main; principal; major,N3,adj-na; n,1326320,,日本の主要作物は米である。,The main crop of Japan is rice.
fdef6c9ac9,需要,じゅよう,juyou,demand; request,N3,n,1330450,,これらの品物の需要は多いですか。,Is there much demand for these goods?
04ee2e546f,種類,しゅるい,shurui,variety; kind; type,N3,n,1328890,,動物園にはたくさんの種類の動物がいる。,There are many kinds of animals in the zoo.
46735bd09f,順,じゅん,jun,order; turn,N3,n; n-suf,1342220,,見出し語はアルファベット順に並んでいます。,The entry words are arranged alphabetically.
28dddd721c,瞬間,しゅんかん,shunkan,moment; second; instant,N3,n,1341210,,彼女その瞬間にカッとなったんだね。,She saw red at that moment.
0ec7f868c5,順調,じゅんちょう,junchou,favourable; doing well; O.K.; all right,N3,adj-na; n,1342380,,すべてが順調にいっている。,Everything is going very well.
d39e3de050,順番,じゅんばん,junban,turn (in line); order of things,N3,n,1342390,,私たちは彼の順番をわざと飛ばした。,We skipped his turn on purpose.
96bec84032,小,しょう,shou,smallness; small item,N3,n; n-pref,2083540,,大か、小か。,Large or small?
85d4d0e2b9,章,しょう,shou,chapter; section; medal,N3,n,1351270,,先生は私に一番長い章を割り当てた。,The teacher allotted the longest chapter to me.
d22b11ab41,賞,しょう,shou,prize; award,N3,n; n-suf,1351910,,期待されたとおり彼は賞を得た。,"As was expected, he won the prize."
21e28bfbca,使用,しよう,shiyou,use; application; employment; utilization,N3,n; vs; vt,1306200,,体育館は式のために使用されます。,The gym is used for the ceremony.
2897f44098,障害,しょうがい,shougai,obstacle; impediment (fault); damage,N3,n; vs; vt,1352060,,貧困は幸福への障害とはならない。,Poverty is not a bar to happiness.
d0cc9588b9,奨学金,しょうがくきん,shougakukin,scholarship,N3,n,1347530,,奨学金のおかげで彼女は留学した。,The scholarship enabled her to study abroad.
fb2679c1c0,乗客,じょうきゃく,joukyaku,passenger,N3,n,1580490,,乗客はどちらの側にも４人すわっていた。,The passengers sat four aside.
042e41d200,上京,じょうきょう,joukyou,proceeding to the capital (Tokyo),N3,n; vs; vi,1352980,,彼は商用で上京した。,He came up to Tokyo on business.
b465e5e854,状況,じょうきょう,joukyou,state of affairs; situation; circumstances,N3,n,1356700,,状況をお知らせください。,Please let me know the status.
3c936d0cf2,条件,じょうけん,jouken,conditions; terms,N3,n,1356510,,そちらの条件を受け入れましょう。,We will accept your conditions.
12c19005ea,正午,しょうご,shougo,noon; mid-day,N3,n; adv,1377080,,私たちは、普通正午に昼食を食べます。,We usually have lunch at noon.
59f54d8eb5,正直,しょうじき,shoujiki,honesty; integrity; frankness,N3,adj-na; n,1377590,,その事実は彼の正直さを証明している。,The fact proves his honesty.
2932bfdf1f,常識,じょうしき,joushiki,common sense,N3,n,1356000,,彼女には常識が欠けている。,She is lacking in common sense.
17c0d3a658,少女,しょうじょ,shoujo,daughter; young lady; virgin; maiden; little girl,N3,n,1580290,,あのかわいい少女は私の妹です。,That pretty girl is my sister.
86e70a4d27,少々,しょうしょう,shoushou,just a minute; small quantity,N3,adv; n,1594930,,ぼくは少々君に腹が立っているんだ。,I'm a little angry with you.
0336d92dcd,症状,しょうじょう,shoujou,symptoms; condition,N3,n,1351030,,よくこういう症状が起きますか。,Do you have this symptom often?
00598d28f9,生じる,しょうじる,shoujiru,to produce; to yield; to result from; to arise; to be generated,N3,v1; vi,1378650,,事故は不注意から生じる。,Accidents arise from carelessness.
ab8c8581e1,状態,じょうたい,joutai,condition; situation; circumstances; state,N3,n,1356730,,その古家はひどい状態であった。,The old house was in bad shape.
6b76d20f62,上達,じょうたつ,joutatsu,improvement; advance; progress,N3,n; vs; vi,1353850,,君の英語は上達している。,Your English is improving.
140a214a45,冗談,じょうだん,joudan,jest; joke,N3,n,1355540,,冗談はもうたくさんだ。,"No more of your jokes, please."
bc8296f44e,上等,じょうとう,joutou,superiority; first class; very good,N3,adj-no; adj-na; n,1354030,,どうしてこんな上等のぶどう酒を今まで取って置いたのか。,Why have you kept such an excellent wine back till now?
77d12d0c77,衝突,しょうとつ,shoutotsu,collision; conflict,N3,n; vs; vi,1351560,,日米の利害がこの点で衝突した。,Japanese and American interests clashed on this point.
b1baf28297,商人,しょうにん,shounin,trader; shopkeeper; merchant,N3,n,1580270,,彼には商人になった息子が２人いる。,He has two sons who became merchants.
30e8d35fdf,承認,しょうにん,shounin,recognition; acknowledgement; approval; consent; agreement,N3,n; vs; vt,1349520,,私はあなたの計画を承認できない。,I cannot approve your plan.
c8ba548f8f,少年,しょうねん,shounen,boys; juveniles,N3,n,1349170,,少年は木に自分の名前を刻んだ。,The boy carved his name on the tree.
6a34d83a67,商売,しょうばい,shoubai,trade; business; commerce; transaction; occupation,N3,n; vs; vi,1347200,,地元の店は観光客相手に順調な商売をしている。,Local shops do good business with tourists.
65319da4bb,消費,しょうひ,shouhi,consumption; expenditure,N3,n; vs; vt,1350290,,その車は多量の燃料を消費する。,The car consumes a lot of fuel.
76ca545a40,商品,しょうひん,shouhin,commodity; article of commerce; goods; stock; merchandise,N3,n,1347310,,私達は商品の不足を心配している。,We are concerned about the shortage of the commodities.
9d02c51185,消防,しょうぼう,shoubou,fire fighting; fire department,N3,n,1350340,,彼が言うには、消防の仕事というのは大忙しか全く暇かのいずれかだそうだ。,He says firefighting is a feast or famine job.
59d3bcdf1e,情報,じょうほう,jouhou,information; (military) intelligence,N3,n,1356370,,この情報は正しいか。,Is this information right?
9b7a976736,証明,しょうめい,shoumei,proof; verification,N3,n; vs; vt,1351680,,私が間違っていない事を証明しよう。,I'll show you that I am right.
e2dc364bee,女王,じょおう,joou,queen,N3,n,1345020,,女王は昨日テレビで国民に演説した。,The Queen made an address to the nation on television yesterday.
47dd731c9f,職,しょく,shoku,employment,N3,n; n-suf,1357480,,職探しはどうなったの？,How is your job hunting going?
8d570a517c,職業,しょくぎょう,shokugyou,occupation; business,N3,n,1357510,,婦人に開放されている職業は多い。,There are many careers open to women.
8c6202f62c,食卓,しょくたく,shokutaku,dining table,N3,n; adj-no,1358530,,彼女は食卓に料理を並べた。,She spread dishes on the table.
50463fe8e3,食品,しょくひん,shokuhin,commodity; foodstuff,N3,n,1358600,,この食品は有毒である。,This food is unhealthy.
2a6128bf81,植物,しょくぶつ,shokubutsu,plant; vegetation,N3,n,1357300,,植物や生き物は持っていませんね？,"You don't have any plants or animals, right?"
b5647f7089,食物,しょくもつ,shokumotsu,food; foodstuff,N3,n,1358620,,私はたくさんの食物を持って帰ろう。,I will bring back a lot of food.
009a4011b8,食欲,しょくよく,shokuyoku,appetite (for food),N3,n,1358660,,最近食欲がないんです。,Recently I have had no appetite.
c4b2e7a3a3,食料,しょくりょう,shokuryou,food,N3,n,1358670,,彼らはじゅうぶんな食料を手に入れられなかった。,They could not get enough food.
49b450eac3,食糧,しょくりょう,shokuryou,provisions; rations,N3,n,1358690,,食糧が不足している。,Food has been in short supply.
d83bc64e48,書斎,しょさい,shosai,study,N3,n,1344030,,このドアは書斎に通じている。,This door leads to the study.
0596cdc023,女子,じょし,joshi,woman; girl,N3,n,1345140,,このクラスには１５人の男子と２８人の女子がいる。,This class consists of 15 boys and 28 girls.
d64b87f0c2,助手,じょしゅ,joshu,helper; helpmeet; assistant; tutor,N3,n,1344650,,私は助手を探している。,I am looking for an assistant.
107fb6f26b,徐々に,じょじょに,jojoni,slowly; little by little; gradually; steadily; quietly,N3,adv,1595480,,単語は徐々に増えますので、こまめにチェックしてください。,"The words covered are steadily increasing, so check frequently."
cfd38a2853,署名,しょめい,shomei,signature,N3,n; vs; vi,1343640,,この手紙には署名がない。,This letter bears no signature.
88947a7f87,書物,しょもつ,shomotsu,books,N3,n,1344150,,私たちは、書物から楽しみを得ることができる。,We can derive pleasure from books.
1e1cd4e481,女優,じょゆう,joyuu,actress,N3,n,1345430,,その女優はせりふを台なしにした。,The actress murdered her lines.
0ba1f1b7ae,処理,しょり,shori,processing; dealing with; treatment; disposition; disposal,N3,n; vs; vt,1342510,,あなたはあの車をどう処理したのですか？,What did you do with that car?
2a534a4917,書類,しょるい,shorui,documents; official papers,N3,n,1344200,,この手紙を書類にしてもらいたい。,I want this letter registered.
aff4676eed,知らせ,しらせ,shirase,notice,N3,n,1420400,,その悪い知らせは残念ながら本当だ。,The bad news is unfortunately true.
55b77976ae,尻,しり,shiri,buttocks; bottom,N3,n,1358760,,彼は女の子の尻ばかり追いかけている。,He's always chasing girls.
365fe85edb,印,しるし,shirushi,mark; symbol; evidence,N3,n,1168060,,発音できない語に印をつけなさい。,Mark the words which you cannot pronounce.
7624d1daae,城,しろ,shiro,castle,N3,n,1355710,,その城は１６１０年に建てられた。,The castle dates back to 1610.
4ee42f5330,進学,しんがく,shingaku,going on to university,N3,n; vs; vi,1366010,,彼は大学院に進学しないだろう。,He won't go on to graduate school.
6366942bd5,神経,しんけい,shinkei,nerve; sensitivity,N3,n,1364520,,昨夜彼女は神経が高ぶっていた。,She was a bundle of nerves last night.
df0df5a923,真剣,しんけん,shinken,seriousness; earnestness,N3,adj-na,1363650,,ジョージは勉強に真剣でない。,George is not serious about his study.
1ad3b41d6f,信仰,しんこう,shinkou,(religious) faith; belief; creed,N3,n; vs; vt,1359150,,キリスト教を信仰していますか。,Do you believe in Christianity?
e9efe8313d,信号,しんごう,shingou,traffic lights; signal; semaphore,N3,n,1359240,,信号が青に変わったわよ。,The traffic light turned green.
ca92616db2,人工,じんこう,jinkou,artificial; manmade; human work; human skill; artificiality,N3,n; adj-no,1367380,,この庭の美しさは自然より人工のおかげだ。,This beautiful garden owes more to art than to nature.
bc6b84dcb4,深刻,しんこく,shinkoku,serious,N3,adj-na; n,1362730,,事態は非常に深刻である。,The situation is very serious.
3a6ac640fd,診察,しんさつ,shinsatsu,medical examination,N3,n; vs; vt,1365460,,医者は私ののどを診察した。,The doctor examined my throat.
6847277390,人種,じんしゅ,jinshu,race (of people),N3,n; adj-no,1368020,,世界にはいろいろな人種がいる。,There are many different races in the world.
c53be2d952,信じる,しんじる,shinjiru,to believe; to place trust in,N3,v1; vt,1359040,,きっと彼はあなたを信じると思いますよ。,I am sure of his trusting you.
3793fa82cf,人生,じんせい,jinsei,(human) life (i.e. conception to death),N3,n,1368370,,できるあいだに人生を楽しみなさい。,Enjoy your life while you are able to.
a8f91562fe,親戚,しんせき,shinseki,relative,N3,n,1365230,,クニ子は長井さんと親戚です。,Kuniko is related to Mr Nagai.
20f712fd71,新鮮,しんせん,shinsen,fresh,N3,adj-na,1362100,,どうやって新鮮な魚をえらぶのですか。,How can I pick out fresh fish?
a301b00431,心臓,しんぞう,shinzou,heart,N3,n,1360770,,心臓とポンプは似かよっている。,The human heart is analogous to a pump.
d271a61e9b,身体,しんたい,shintai,the body,N3,n,2830705,,身体を大事にしなければならない。,One must take good care of oneself.
1e0d006e02,慎重,しんちょう,shinchou,discretion; prudence,N3,adj-na; n,1361110,,裁判官には慎重さがなくてはならない。,Discretion is proper to judges.
ef1a073c8c,身長,しんちょう,shinchou,height (of body); stature,N3,n,1365770,,息子はもう私と同じ身長だ。,My son is now as tall as I am.
f805c3046f,審判,しんぱん,shinpan,refereeing; trial; judgement; umpire; referee,N3,n,1360410,,彼一人だけ余る、だから審判させよう。,He's an odd man; so we'll have him referee.
fbaf566aaa,人物,じんぶつ,jinbutsu,character; personality; person; man; personage; talented man,N3,n,1369070,,あの人はどんな人物か教えて下さい？,Tell me what that man is like.
e7e0343eb0,進歩,しんぽ,shinpo,progress; development,N3,n; vs; vi,1366190,,科学の進歩は止まることがない。,Advance in science is continuous.
5f3091a6cb,親友,しんゆう,shin'yuu,close friend; buddy,N3,n,1365410,,トムとフランクは親友だ。,Tom and Frank are good friends.
1978c546e2,信用,しんよう,shin'you,confidence; dependence; credit; faith,N3,n; vs; vt,1359620,,私はもう彼を信用しない。,I do not trust him any longer.
60594ade18,信頼,しんらい,shinrai,reliance; trust; confidence,N3,n; vs; vt,1359730,,確かに彼は信頼できます。,You can certainly rely on him.
27ccf826bb,心理,しんり,shinri,mentality,N3,n,1361000,,私は彼の心理が分からない。,I can't understand his psychology.
9b428ad249,人類,じんるい,jinrui,mankind; humanity,N3,n,1369530,,人類だけが火の使い方を知っている。,Only man knows how to use fire.
73db783ef8,巣,す,su,nest; rookery; breeding place; beehive; cobweb,N3,n,1400390,,鳥の巣が見られるかもしれない。,We may be able to see birds' nests.
4e53e93195,図,ず,zu,figure (e.g. Fig 1); drawing; picture; illustration,N3,n; n-suf,1370320,,図で説明しましょう。,Let me explain it with a diagram.
a89f303db8,水準,すいじゅん,suijun,water level; level; standard,N3,n,1371610,,君の仕事は期待している水準に達していない。,Your work comes short of the expected standard.
590eb476e5,推薦,すいせん,suisen,recommendation,N3,n; vs; vt; adj-no,1371170,,私達は彼を議長に推薦した。,We recommended him as chairman.
9a2b28ced4,スイッチ,スイッチ,suitchi,switch,N3,n,1067210,,この仕掛けはスイッチで動く。,This device is actuated by a switch.
51f103bc27,睡眠,すいみん,suimin,sleep,N3,n; adj-no,1372370,,睡眠は薬に勝る。,Sleep is better than medicine.
55c4301a2c,数字,すうじ,suuji,numeral; figure,N3,n,1373060,,小切手の金額は数字と文字の両方で書いて下さい。,Write the amount on the check in letters as well as figures.
22544f816e,スープ,スープ,suupu,(Western) soup,N3,n,1067040,,このスープは、しょっぱ過ぎて飲めないよ。,This soup is too salty to eat.
4f0c39291a,末,すえ,sue,the end of; powder,N3,n,1525250,,よく考えた末、私は家にいることに決めた。,"After some careful thought, I elected to stay at home."
b250983bb5,姿,すがた,sugata,figure; shape; appearance,N3,n,1307710,,和服姿の男性は東京ではもうあまり見かけない。,Men in kimonos are no longer a common sight in Tokyo.
0b36d0c00b,スキー,スキー,sukii,skiing,N3,n,1067770,,あなたは毎年何回スキーに行きますか。,How many times a year do you go skiing?
5a0d393100,救う,すくう,sukuu,to rescue from; to help out of,N3,v5u; vt,1229060,,その犬は少女の命を救った。,The dog saved the girl's life.
87985bf157,優れる,すぐれる,sugureru,to surpass; to outstrip; to excel,N3,v1; vi,1539080,,彼女は現代の最も優れた画家の一人である。,She is among the best artists of today.
69257fa105,スケート,スケート,sukeeto,skate(s); skating,N3,n; vs,1068770,,とても寒いからスケートが出来るよ。,It's cold enough to skate.
5569286656,少しも,すこしも,sukoshimo,anything of; not one bit,N3,adv,1348900,,コックさんは少しもかけていない。,The cook hasn't put any on it.
ea15f9f78a,過ごす,すごす,sugosu,to pass; to spend; to go through; to tide over,N3,v5s; vt,1196000,,いいクリスマスを過ごしましたか。,Did you have a nice Christmas?
ef97fe9600,筋,すじ,suji,muscle; string; line,N3,n,1241750,,私は去年、それを別の筋から聞いた。,I heard about it from another source last year.
5a0ee38ab2,勧める,すすめる,susumeru,to recommend; to advise; to encourage; to offer (wine),N3,v1; vt,1595680,,父は私にピアノを習うように勧めた。,My father encouraged me to study the piano.
0cc06624f2,進める,すすめる,susumeru,to advance; to promote; to hasten,N3,v1; vt,1365990,,その計画は進められている。,The project is underway.
7b89bdd9ec,スター,スター,sutaa,star,N3,n,1069210,,スターの野球選手はよくサインを求められる。,Star baseball players are often asked for autographs.
d6b975f68f,スタイル,スタイル,sutairu,style,N3,n,1069520,,ダンスはスタイルをよくするのにいい。,Dancing is good for the figure.
76b200a366,スタンド,スタンド,sutando,stand,N3,n,1069930,,次のスタンドまでどのくらいありますか。,How far is the next gas station?
e28c9da90d,頭痛,ずつう,zutsuu,headache,N3,n,1450890,,今日は少し頭痛がする。,I have a slight headache today.
2125719689,ずっと,ずっと,zutto,consecutively; throughout; a lot,N3,adv,1006380,,この時計はあれよりもずっと高価だ。,This clock is far more expensive than that.
87de9628a1,すてき,すてき,suteki,lovely; dreamy; beautiful; great,N3,adj-na,1397350,,彼らはすてきな家を持っている。,They have a nice house.
aa2fbac408,既に,すでに,sudeni,already; too late,N3,adv,1220310,,私はもう既に朝食を済ませました。,I've already eaten breakfast.
4c256eea03,すなわち,すなわち,sunawachi,that is; namely (i.e.),N3,conj,1404100,即ち,すなわち彼はそれをしたくないのだ。,"In other words, he doesn't want to do it."
92387d38a4,スピーチ,スピーチ,supiichi,speech,N3,n,1072260,,私たちは彼にスピーチを頼んだ。,We called on him for a speech.
1dbd5b263b,全て,すべて,subete,all; the whole; entirely; in general; wholly,N3,adv,1595730,,人間は全て平等である。,All men are equal.
e957aa6df9,済ませる,すませる,sumaseru,to be finished,N3,v1; vt,1295040,,私はまだ朝食を済ませていません。,I have not finished breakfast yet.
5ddec3e77f,鋭い,するどい,surudoi,pointed; sharp,N3,adj-i,1174890,,ここに鋭い痛みがあります。,I have a sharp pain here.
42d77d4da9,せい,せい,sei,cause; reason; fault,N3,n,1610040,,,
cde24ec2dd,性,せい,sei,sex; gender,N3,n,1375260,,習い性となる。,Habit is second nature.
735842741b,正,せい,sei,(logical) true; regular,N3,n; adj-no,1376590,,彼の言ったことは全て正しかった。,All what he said was right.
e7e5bb3758,背,せい,sei,height; stature,N3,n,1472650,,,
6f583de9e0,税,ぜい,zei,tax,N3,n; suf,2081570,,タバコにかけられている税は高い。,There is a heavy tax on tobacco.
9544a3940b,性格,せいかく,seikaku,character; personality,N3,n,1375290,,あいつもアバウトな性格だよな。,He's not a very meticulous guy.
0d56731678,正確,せいかく,seikaku,accurate; punctuality; exactness; authenticity; veracity,N3,adj-na; n,1376760,,この時計の時間は正確だ。,This watch keeps correct time.
8e592c506e,世紀,せいき,seiki,century; era,N3,n,1373990,,彼は１９世紀に生まれた。,He was born in the 19th century.
0196b60080,請求,せいきゅう,seikyuu,claim; demand; application; request,N3,n; vs; vt,1381320,,必要なだけのお金を私に請求してよい。,You may ask me any amount of money you need.
e9abf9d145,税金,ぜいきん,zeikin,tax; duty,N3,n,1382100,,新しい税金がワインにかせられた。,A new tax was imposed on wine.
ad0f14e0b8,清潔,せいけつ,seiketsu,clean,N3,adj-na; n,1378200,,彼女は彼の部屋を清潔にしている。,His room is kept clean by her.
2bbee375a5,制限,せいげん,seigen,restriction; restraint; limitation,N3,n; vs; vt,1374700,,制限スピードを超えるなよ。,Don't go beyond the speed limit.
99906bc37f,成功,せいこう,seikou,success; hit,N3,n; vs; vi,1375690,,成功。おめでとうございます。,Let me congratulate you on your success.
e3d5f33744,正式,せいしき,seishiki,due form; official; formality,N3,adj-na; adj-no; n,1377290,,彼は息子を正式の相続人と認めた。,He recognized his son as lawful heir.
61471e9d95,精神,せいしん,seishin,mind; soul; heart; spirit; intention,N3,n,1379950,,彼らの間に調和の精神が広がった。,A harmony prevailed among them.
c7d468b06d,成人,せいじん,seijin,adult,N3,n,1375740,,その映画は成人しかみられない。,Only adults may watch that film.
df6d75a59e,精々,せいぜい,seizei,at the most; at best; to the utmost; as much (far) as possible,N3,adv,1596050,,狭い部屋をせいぜい広く使った。,I made the best of my small room.
be926ffe0c,成績,せいせき,seiseki,results; record,N3,n,1375760,,学校の成績は普通でしたよ。,My school grades were average.
b79aa00dea,製造,せいぞう,seizou,manufacture; production,N3,n; vs; vt,1380690,,その工場は玩具を製造している。,The factory manufactures toys.
81009f3e01,贅沢,ぜいたく,zeitaku,luxury; extravagance,N3,n; adj-na,1573150,,彼女はぜいたくに暮らしている。,She lives in an expensive style.
ed4e8d935d,成長,せいちょう,seichou,growth; grow to adulthood,N3,n; vs; vi,1375790,,彼女は私達の期待通りに成長した。,She lived up to our expectations.
579b318330,制度,せいど,seido,system; institution; organization,N3,n,1374880,,公立学校制度はこわれかかっています。,The public school system is coming apart at the seams.
005faaf9cf,青年,せいねん,seinen,youth; young man,N3,n,1381750,,あの長髪の青年は粗野だ。,That long-haired youth is rude.
e0b3c0db0c,製品,せいひん,seihin,manufactured goods; finished goods,N3,n,1380760,,彼はガラス製品を注意して運んだ。,He carried the glassware with care.
e2a52daf95,政府,せいふ,seifu,government; administration,N3,n,1376070,,政府は倒された。,The government was overthrown.
87333c0d40,生物,せいぶつ,seibutsu,living thing; organism; creature; life,N3,n,1379430,,地球以外の天体に生物はいますか。,Is there life on other worlds?
766c710757,生命,せいめい,seimei,life; existence,N3,n,1379530,,生命はいつ誕生したのですか。,When did life come into being?
f5a8d92a63,整理,せいり,seiri,sorting; arrangement; adjustment; regulation,N3,n; vs; vt,1376250,,部屋の整理をしたほうがいいよ。,You should set your room in order.
8eae03ec6e,咳,せき,seki,cough,N3,n,1204300,,母親はトムの咳のことを心配している。,Tom's mother worries about his cough.
76b7811036,石炭,せきたん,sekitan,coal,N3,n,1382700,,石炭を石油の代わりに使いました。,They substituted coal for oil.
4c29ad3233,責任,せきにん,sekinin,duty; responsibility,N3,n,1383180,,けんかは両方に責任がある。,It takes two to make a quarrel.
0aedc1119d,石油,せきゆ,sekiyu,oil; petroleum; kerosene,N3,n,1382830,,彼らは石油を船に積み込んでいる。,They are loading oil into the ship.
61ddee48f6,世間,せけん,seken,world; society,N3,n,1373970,,彼は世間でいう音楽の真の愛好者だ。,He's what society calls a real lover of music.
79891aefd2,説,せつ,setsu,theory,N3,n; n-suf,1386370,,あなたがなんと言おうと、私はやはりその説が正しいと思う。,"For all you say, I still believe in the truth of the theory."
f755485505,積極的,せっきょくてき,sekkyokuteki,positive; active; proactive,N3,adj-na,1383030,,彼女は婦人解放運動で積極的に活躍した。,She took an active part in the women's lib movement.
e394e09d00,設計,せっけい,sekkei,plan; design,N3,n; vs; vt,1386020,,私の設計にしたがって、作ってもらいました。,I had it made after my own plan.
fe228bbe40,絶対,ぜったい,zettai,absolute; unconditional; absoluteness,N3,adj-no,1386840,,アーア、絶対うまくいくと思ったのになあ。,Oh man! I was sure this was going to work out.
65dfe9149d,セット,セット,setto,set,N3,n,1074600,,目覚ましを７時にセットしよう。,I'll set the alarm for seven o'clock.
140ef1e848,設備,せつび,setsubi,equipment; device; facilities; installation,N3,n; vs; vt,1386070,,諸設備の費用は払っていただきます。,You have to pay for utilities.
2848d83eb7,絶滅,ぜつめつ,zetsumetsu,destruction; extinction,N3,n; vs; vi,1386990,,絶滅は進化の一部である。,Extinction is part of evolution.
8c406cea71,節約,せつやく,setsuyaku,economising; saving,N3,n; vs; vt,1386350,,彼は節約によってひと財産作った。,By virtue of frugality he has made a fortune.
4008d80f82,責める,せめる,semeru,to condemn; to blame; to criticize,N3,v1; vt,1383160,,彼はうそをついたと彼女を責めた。,He accused her of having lied to him.
ff077d041a,善,ぜん,zen,good; goodness; right; virtue,N3,n,1394250,,競争それ自体は善でも悪でもない。,Competition is neither good nor evil in itself.
d2a6a01df9,全,ぜん,zen,all; whole; entire; complete; overall; pan,N3,pref,1394770,,全新聞がその事件を大きく取り上げた。,All the papers featured the case.
9af40a4fd4,全員,ぜんいん,zen'in,all members (unanimity); all hands; the whole crew,N3,n; adv,1394840,,委員は全員出席している。,The committee are all present.
5c723266c3,専攻,せんこう,senkou,major subject; special study,N3,n; vs; vt; adj-no,1389780,,私はフランス語を専攻するつもりです。,I am going to major in French.
cbe69abc51,全国,ぜんこく,zenkoku,country-wide; nation-wide; whole country; national,N3,n,1581180,,その報道は全国に行き渡った。,The news report spread all over the country.
0ab1c9e916,先日,せんじつ,senjitsu,the other day; a few days ago,N3,n; adv,1388300,,先日小学校のクラス会に出席した。,The other day I attended a class reunion of my elementary school.
ec83c27906,前者,ぜんしゃ,zensha,the former,N3,n,1393090,,前者より後者の方がいい。,The former is better than the latter.
72f846250a,選手,せんしゅ,senshu,player (in game); team,N3,n,1392250,,アキラは上手なテニス選手です。,Akira is a good tennis player.
c3426903e6,前進,ぜんしん,zenshin,advance; drive; progress,N3,n; vs; vi,1393350,,彼は前進も後退もすまいと決めた。,He decided neither to advance nor to retreat.
fee426e7d0,センター,センター,sentaa,a center,N3,n,1075040,,学生センターは話をするのに良いところだ。,The student center is a good place to strike up conversations.
c0d834ed70,全体,ぜんたい,zentai,whole; entirety; whatever (is the matter),N3,n; adj-no; adv,1395660,,私はその話の全体を知っている。,I know the whole of the story.
a17498ab62,選択,せんたく,sentaku,selection; choice,N3,n; vs; vt,1392290,,人生における難しさは選択である。,The difficulty in life is the choice.
3836c2c8bd,象,ぞう,zou,elephant,N3,n,1351830,,その象は動物園に連れてこられた。,The elephant was brought to the zoo.
f01cb21b79,騒音,そうおん,souon,noise,N3,n,1403060,,彼女は騒音にかまわず話しつづけた。,She carried on talking in spite of the loud noise.
5b8ad938b3,増加,ぞうか,zouka,increase; addition,N3,n; vs; vt; vi,1403160,,犯罪率は着実に増加している。,The crime rate is rising steadily.
cb48e3fc15,操作,そうさ,sousa,operation; management; processing,N3,n; vs; vt,1400050,,このコンピューターの操作は難しい。,Operating this computer is tricky.
8597a13b30,想像,そうぞう,souzou,imagination; guess,N3,n; vs; vt,1399610,,あなたには想像もつかない、でしょ？,"You can't imagine it, can you?"
e9efbc296d,相続,そうぞく,souzoku,succession; inheritance,N3,n; vs; vt,1401090,,ジョンは莫大な財産を相続した。,John inherited a large fortune.
6b23ed610d,装置,そうち,souchi,equipment; installation; apparatus,N3,n; vs; vt,1402360,,みんな、その装置にとても感心した。,Everyone was really impressed with that machine.
814b2c6fa4,相当,そうとう,soutou,suitable; fair; tolerable; proper,N3,adj-na; adj-no,1401240,,その場所は今は相当建て込んでいる。,The place is very much built up now.
30381aa09c,速度,そくど,sokudo,speed; velocity; rate,N3,n,1405050,,その男は一定の速度で車を運転した。,The man drove his car at a uniform speed.
fb8c3bd96c,底,そこ,soko,bottom; sole,N3,n,1436050,,靴の底がすり減ってしまった。,The soles of my shoes are worn.
f0070e59ed,そこで,そこで,sokode,so (conj); accordingly; now; then; thereupon,N3,conj,1406090,,二本の道はそこでクロスしている。,The two roads cross there.
98a2034477,組織,そしき,soshiki,organization; structure; construction; tissue; system,N3,n; vs; vt; vi,1397630,,彼女の事業は会社の組織になった。,Her business was incorporated.
1655402893,そして,そして,soshite,and,N3,conj,1006730,,そして世はこの方によって造られた。,And the world was made through him.
fb77f8ffbb,注ぐ,そそぐ,sosogu,to pour (into); to irrigate; to pay; to fill; to feed (e.g. a fire),N3,v5g; vt,1581730,,彼は友人を助けることに全力を注いだ。,He concentrated his energies on helping his friend.
e62a18d68e,育つ,そだつ,sodatsu,to raise (child); to be brought up; to grow (up),N3,v5t; vi,1160540,,子供は放っておいても育つものだ。,Children will grow even if you leave them alone.
1bc27bd981,そっくり,そっくり,sokkuri,all; altogether; entirely; be just like; the splitting image of,N3,adv,1006790,,あなたはお母さんにそっくりね。,You look just like your mother.
5cf06f835b,そっと,そっと,sotto,softly; gently; quietly; secretly,N3,adv,1006810,,彼女は子供をそっと寝かせた。,She laid the child down gently.
02ebf395f2,袖,そで,sode,sleeve,N3,n,1406000,,父は袖に長い裂け目を作った。,Father made a long tear in his sleeve.
0d7bfd0602,備える,そなえる,sonaeru,to furnish; to provide for; to equip; to install,N3,v1; vt,1244960,,このビルは非常階段を備えている。,The building is equipped with emergency stairs.
5315a22cf3,そのうち,そのうち,sonouchi,eventually; sooner or later; of the previously mentioned,N3,exp; adv,1006930,その内,そのうち一緒に仕事ができるといいなと思っています。,Hope we can work together soon.
4f496dbfd2,そのまま,そのまま,sonomama,without change; as it is (i.e. now),N3,adv; adj-no; n,1406030,其の儘,ドアをそのままにしておいてはいけません。,The door must not be left open.
20f327da61,ソファー,ソファー,sofaa,sofa; couch,N3,n,1075480,,少年はソファーに横になっていた。,The boy lay on the sofa.
8aabac557b,粗末,そまつ,somatsu,crude; rough; plain; humble,N3,adj-na; n,1397100,,道具を粗末に使うな。,Don't handle these tools roughly.
d8fb966498,それぞれ,それぞれ,sorezore,each; every; either; respectively; severally,N3,adv; n; adj-no,1596690,,人にはそれぞれ向き不向きがある。,Each man has his own field of work.
dd28831d22,それでも,それでも,soredemo,but (still); and yet; nevertheless; even so; notwithstanding,N3,conj,1406060,,それでも、そこに行ってみたい。,"Nevertheless, I want to go there."
d90edf318b,それと,それと,soreto,and then; in addition to that; also; even so,N3,conj,2396190,,それと俺がホモだとしたら、罪になるわけ？,"And if I were gay, would that be a crime?"
b13a18ea0f,それとも,それとも,soretomo,or; or else,N3,conj,1007010,,君のコップ？それとも妹のコップ？,Is this your glass or your sister's?
84e820e672,損,そん,son,loss; disadvantage,N3,n; adj-na; vs; vi,1406660,,高望みをするとかえって損をする。,You may go farther and fare worse.
d234fd8e97,損害,そんがい,songai,damage; injury; loss,N3,n; vs; vt,1406710,,その暴風雨は大損害をもたらした。,The storm brought heavy losses.
953ee41aed,尊敬,そんけい,sonkei,respect; esteem; reverence; honour,N3,n; vs; vt,1406400,,あなたはだれからも尊敬されている。,You're respected by everybody.
b1170de661,存在,そんざい,sonzai,existence; being,N3,n; vs; vi,1406150,,神は存在すると思いますか。,Do you believe that God exists?
9429f093fb,尊重,そんちょう,sonchou,respect; esteem; regard,N3,n; vs; vt,1406460,,私は君の判断を尊重する。,I defer to your judgement.
7adaa6336c,他,た,ta,other (esp. places and things),N3,adv; n; adj-no,1949190,,彼女は彼を他の誰かとまちがえた。,She mixed him up with someone else.
3fdcce9a17,田,た,ta,rice field,N3,n,1442730,,彼女は田んぼの方に進んだ。,She made for a rice field.
1935a3f544,対,たい,tai,versus; against; vs.; v.,N3,n,1409800,,試合は6対6で引き分けに終わった。,The match ended in a 6-6 draw.
20915b1f87,台,だい,dai,stand; rack; table; support,N3,n; n-suf,1412560,,この台の上に花瓶を置いてはいけません。,Please don't place a vase on this stand.
4bf6db45d0,大,だい,dai,large; big; great; huge,N3,pref; adj-na; n,2082450,,彼女はハーバード大に入学した。,She was accepted at Harvard.
6cb86b20fc,題,だい,dai,title; subject; theme; topic,N3,n,1415470,,「友情」という題で作文を書きなさい。,"Write an essay on ""Friendship""."
40dcc96658,体育,たいいく,taiiku,physical education; gymnastics; athletics,N3,n,1409200,,体育は必修科目ですか。,Is physical education a required course?
ca1f1bf9f2,体温,たいおん,taion,temperature (body),N3,n,1409250,,私の体温は今朝は３７度以下でした。,My temperature was below thirty-seven degrees this morning.
48385111dd,大会,たいかい,taikai,convention; tournament; mass meeting; rally,N3,n,1413180,,彼か私のどちらかが大会に出席しなければならない。,Either he or I have to attend the convention.
7eb56880eb,大気,たいき,taiki,atmosphere,N3,n,1413330,,大気の質は過去数年において悪化した。,Air quality has deteriorated these past few years.
caac295eb2,代金,だいきん,daikin,price; payment; cost; charge,N3,n,1411790,,本の代金を小切手で払ってもいいですか。,Can I pay for the book by check?
1e518ce28e,退屈,たいくつ,taikutsu,tedium; boredom,N3,adj-na; n,1596750,,カクテルパーティーは退屈なときもある。,Cocktail parties can be boring.
1c0621ee0d,滞在,たいざい,taizai,stay; sojourn,N3,n; vs; vi,1410930,,いまおじの家に滞在しています。,I'm now staying at my uncle's.
38bf87fc8a,大使,たいし,taishi,ambassador,N3,n; adj-no,1413880,,彼女の大望は大使になることです。,Her ambition is to become an ambassador.
9f6e77d1fe,大した,たいした,taishita,considerable; great; important; significant; a big deal,N3,adj-pn,1412960,,彼は大した人物にはなれないわね。,He'll never amount to much.
5171ce1b55,対象,たいしょう,taishou,"target; object (of worship, study, etc); subject (of taxation, etc)",N3,n; adj-no,1410120,,この本は子供を対象とした本です。,It's a book for children.
999ca0b1df,大臣,だいじん,daijin,cabinet minister,N3,n,1414160,,大臣は来週メキシコ訪問の予定です。,The minister is to visit Mexico next week.
486445bd56,対する,たいする,taisuru,to face; to confront; to oppose,N3,vs-s,1610160,,原子力事故に対して最大限の努力を尽くしております。,We are making all efforts possible to deal with the nuclear crisis.
59a9224bb4,大戦,たいせん,taisen,great war; great battle,N3,n,1414360,,あの家の繁栄は大戦中からのことだ。,The prosperity of the family dates from the Great War.
88273999d5,態度,たいど,taido,attitude; manner,N3,n,1410780,,彼女は落ち着いた態度に終始した。,She maintained a calm manner.
4713a549bc,大統領,だいとうりょう,daitouryou,president; chief executive,N3,n,1414650,,大統領は強硬路線をとった。,The President took a hard line.
52049336a2,大半,たいはん,taihan,majority; mostly; generally,N3,n; adj-no,1414790,,ここの学生は大半が真面目である。,The students are for the most part diligent.
20d012baaf,代表,だいひょう,daihyou,representative; representation; delegation; type; example; model,N3,n; vs; vt,1412170,,彼はクラスを代表して会場に出た。,He represented his class at the meeting.
637071aa35,大部分,だいぶぶん,daibubun,most part; greater part; majority,N3,n,1414850,,彼女は本に収入の大部分を費やす。,She spends most of her income on books.
e13f41237b,タイプライター,タイプライター,taipuraitaa,typewriter,N3,n,1075960,,私のタイプライターにさわらないで。,Keep your hands off my typewriter.
421097f58e,逮捕,たいほ,taiho,arrest; apprehension; capture,N3,n; vs; vt,1411470,,その男性はスパイとして逮捕された。,The man was arrested as a spy.
771ae04338,ダイヤ,ダイヤ,daiya,dyer; diagram; (railway) schedule; diamond,N3,n,2855660,,列車はダイヤどおりに動いている。,Trains are running on schedule.
a7bc912ad3,太陽,たいよう,taiyou,sun; solar,N3,n,1408370,,マリーゴールドは太陽とともに起きる。,The marigold rises with the sun.
010f5bf635,平ら,たいら,taira,flatness; level; smooth; calm; plain,N3,adj-na,1506930,,あの山の頂上は平らだ。,The top of that mountain is flat.
f5cb9d932e,代理,だいり,dairi,representation; agency; proxy; deputy; agent,N3,n; vs; vt; adj-no,1412400,,私が不在の時は彼が私の代理です。,He will be my deputy while I am away.
de0215662e,大陸,たいりく,tairiku,continent,N3,n; adj-no,1415150,,アフリカは大陸であるが、グリーンランドはそうではない。,Africa is a continent; Greenland is not.
20119e5c9b,倒す,たおす,taosu,to throw down; to beat; to bring down; to blow down,N3,v5s; vt,1445770,,シート横にあるノブを前に動かし、シートを倒します。,"Move the knob at the side of the seat forwards, collapse the seat."
4fbf3d9b7a,タオル,タオル,taoru,(hand) towel,N3,n,1076170,,タオルは全く役に立たなかった。,The towel wasn't useful at all.
a3c0999c5c,だが,だが,daga,but; however; (and) yet; nevertheless,N3,conj,2055530,,あなたに手紙を書くつもりだったのだが。,I meant to have written to you.
c1ec09619d,互い,たがい,tagai,mutual; reciprocal,N3,n; adj-no,1268770,,この二人の兄弟は互いに似ている。,These two brothers resemble each other.
3cffc75454,宝,たから,takara,treasure,N3,n,1516160,,富は一生の宝、知は万代の宝。,Wisdom is better than gold or silver.
bf35e6a2e6,宅,たく,taku,house; home; husband,N3,n; n-suf,1415750,,ワシントン市の友人宅に泊まります。,I'm staying at my friend's house in Washington City.
585f7c3b7f,だけど,だけど,dakedo,however,N3,conj,1007370,,ねえ、元気がないみたいだけど。,"My, you're looking green around the gills."
cb944daeac,確かめる,たしかめる,tashikameru,to ascertain,N3,v1; vt,1205780,,窓が閉まっているか確かめとけ。,See that the window is closed.
63e2832ca0,多少,たしょう,tashou,more or less; somewhat; a little; some,N3,adv; adj-no,1407810,,今朝は空気が多少冷たい。,The air feels somewhat cold this morning.
76cae35411,助ける,たすける,tasukeru,to help; to save; to rescue,N3,v1; vt,1344410,,私は老婦人が通りを渡るのを助けた。,I helped an old woman across the street.
3e80832e23,ただ,ただ,tada,free of charge; mere; sole; only; usual; common,N3,adj-no; n,1538900,,,
900eaa8fd0,戦い,たたかい,tatakai,battle; fight; struggle; conflict,N3,n,1596950,,戦いは人間の獣性をよびおこす。,War arouses the animal in man.
ff035a2a04,戦う,たたかう,tatakau,to fight; to battle; to combat,N3,v5u; vi,1596960,,おまえも決して戦う拳を忘れるな。,Never lose your fighting fists.
44d064efd7,叩く,たたく,tataku,to strike; to clap; to dust; to beat,N3,v5k; vt,1416170,,口答えしたら父は私を叩いた。,My father beat me answering him back.
60eed96a97,直ちに,ただちに,tadachini,at once; immediately; directly; in person,N3,adv,1430670,,君は直ちに医者に行く必要がある。,It is necessary for you to see a doctor at once.
700d08f6e3,立ち上がる,たちあがる,tachiagaru,to stand up,N3,v5r; vi,1551370,,突然若い女性が立ち上がった。,"Suddenly, a young woman stood up."
a10dbb12a8,立場,たちば,tachiba,standpoint; position; situation,N3,n,1551710,,お答えできる立場にありません。,I'm not in a position to answer.
2b046f0f90,経つ,たつ,tatsu,to pass; to lapse,N3,v5t; vi,1251100,,彼女がここへ来てから１年が経つ。,A year has passed since she came here.
356b9404ce,達する,たっする,tassuru,to reach; to get to,N3,vs-s; vt,1416230,,水は彼の腰の所まで達した。,The water came up to his waist.
01558111d1,だって,だって,datte,but; because; even; also; too,N3,prt,2643970,,子供にだってそんな事は分かるよ。,Even children can understand it.
05f3c84284,たっぷり,たっぷり,tappuri,full; in plenty; ample,N3,adv,1007240,,まだ時間はたっぷりある。,We still have plenty of time left.
f1ff353185,たとえ,たとえ,tatoe,simile; metaphor; allegory,N3,n,1597120,例え,たとえどんなことがあってもあきらめません。,"No matter what happens, I won't give up."
c8170be9cc,谷,たに,tani,valley,N3,n,1581590,,谷は彼の呼び声でこだました。,The valley echoed with his call.
b3c2007820,他人,たにん,tanin,another person; unrelated person; outsider; stranger,N3,n,1581400,,彼女はもっと他人の言うことを聞くべきだ。,She should listen more to other people.
0167b18f74,種,たね,tane,seed; material; cause; source,N3,n,1328820,,そんなことをすれば笑いものの種なるよ。,"If you do that, you're going to subject yourself to ridicule."
a7ca4ae607,束,たば,taba,handbreadth; bundle,N3,n; n-suf; ctr,1404450,,彼は古い手紙を束にした。,He bound old letters into a bundle.
4087e49c73,度,たび,tabi,"time (three times, each time, etc.); times",N3,n; n-suf; ctr,1445150,,彼は東京へ来るたび私を訪ねてきた。,He visited me every time he came up to Tokyo.
07757ea0b3,旅,たび,tabi,travel; trip; journey,N3,n,1553120,,旅はよりよい教育法の一つである。,Travel is one of the better forms of education.
192b09d71f,たびたび,たびたび,tabitabi,often; repeatedly; frequently,N3,adv,1597160,度々,私はたびたび彼から手紙をもらう。,I often get a letter from him.
5ac33a4880,玉,たま,tama,ball; sphere; coin,N3,n,1240530,,ニッケルは５セント玉です。,A nickel is a five-cent coin.
9cac7f9475,偶,たま,tama,occasional; rare; infrequent,N3,adj-no; adj-na; n,2068840,,友理子はたまの逢瀬を心行くまで楽しんでしまいました。,Yuriko thoroughly enjoyed her occasional secret meetings with her lover.
42fbc7ed06,弾,たま,tama,bullet; shot; shell,N3,n,1240530,,弾が彼の頬をかすめた。,The bullet grazed his cheek.
086ada9b06,たまたま,たまたま,tamatama,casually; unexpectedly; accidentally; by chance,N3,adv,1597180,,私達はたまたま同じ列車に乗った。,We happened to take the same train.
2b5e5351b0,たまらない,たまらない,tamaranai,intolerable; unbearable; unendurable,N3,exp; adj-i,1211340,堪らない,あのカメラが欲しくてたまらない。,I'm dying for that camera.
bce12bb5a5,黙る,だまる,damaru,to be silent,N3,v5r; vi,1534930,,もうこれ以上、黙ってられないわ。,I can no longer remain silent.
a913d4b1f6,試し,ためし,tameshi,trial; test,N3,n,1312250,,私は試しにその山に登ってみた。,I tried climbing the mountain.
9b1f1d7515,試す,ためす,tamesu,to attempt; to test,N3,v5s; vt,1312260,,もう一度試したが失敗しただけだった。,"I tried it again, only to fail."
a733c62080,便り,たより,tayori,news; tidings; information; correspondence; letter,N3,n; n-suf; vs; vt,1512410,,それ以来、彼からは何の便りもありません。,I have never heard from him since.
593919cd0f,頼る,たよる,tayoru,to rely on; to have recourse to; to depend on,N3,v5r; vi; vt,1597200,,あまり人に頼ってはいけない。,Don't rely too much on others.
7f7ef4abe8,誰か,だれか,dareka,someone; somebody,N3,pn,1416840,,「誰か車の中にいるのですか」「トムがいます」,"""Who is in the car?"" ""Tom is."""
a22c0d6a0e,段,だん,dan,step; stair; flight of steps; grade; rank; level,N3,n; ctr,1633690,,彼は階段を一度に三段ずつかけあがった。,He jumped up the steps three at a time.
938fc7e369,単位,たんい,tan'i,unit; denomination; credit (in school),N3,n,1417040,,この科目は何単位ですか。,How many credits is this course?
b91001d17a,単語,たんご,tango,word; vocabulary; (usually) single-character word,N3,n,1417330,,これらの単語を一つずつ覚えなさい。,"Learn these words, one by one."
16c16727fb,男子,だんし,danshi,youth; young man,N3,n,1420070,,このクラスは女子が男子より多いです。,There are more girls than boys in this class.
c98a6b2988,単純,たんじゅん,tanjun,simplicity,N3,adj-na; n,1417550,,彼の話は単純そのものだった。,His story was simplicity itself.
d09ecbe5b0,誕生,たんじょう,tanjou,birth,N3,n; vs; vi,1419080,,生命はいつ誕生したのですか。,When did life come into being?
59dd72cefc,ダンス,ダンス,dansu,dance,N3,n; vs; vi,1077250,,ダンスはスタイルをよくするのにいい。,Dancing is good for the figure.
ce509fd4c7,団体,だんたい,dantai,organization; association,N3,n,1419270,,彼女はこの団体の会員である。,She is a member of this organization.
e587e8c18a,担当,たんとう,tantou,(in) charge,N3,n; vs; vt,1418160,,担当の方はどなたですか。,Who is the person in charge?
c7e318382a,単なる,たんなる,tannaru,mere; simple; sheer,N3,adj-pn,1417020,,それは単なる偶然だと思う。,I think it is a mere coincidence.
28e78ea570,単に,たんに,tanni,simply; merely; only; solely,N3,adv,1417030,,彼は単に好奇心からそれをしただけだ。,He did it simply out of curiosity.
20bef3d13c,地,ち,chi,earth,N3,n; n-suf,1420730,,どっちが最終的な安息の地となるんだろう。,Which one will be our final resting place?
a4766630c6,地位,ちい,chii,(social) position; status,N3,n,1420780,,彼は会社で高い地位にあります。,He holds a high position at the company.
d74252cb1f,地域,ちいき,chiiki,area; region,N3,n,1420800,,この地域は雨が続くでしょう。,This area will continue to be rainy.
ed560b721e,チーズ,チーズ,chiizu,cheese,N3,n,1077330,,ジョージは朝にたくさんのチーズを食べた。,George had a lot of cheese for breakfast.
7864a376ed,チーム,チーム,chiimu,team,N3,n,1077360,,彼はチームでダントツの好選手だ。,He is by far the best player on the team.
4dc1084ef7,知恵,ちえ,chie,wisdom; wit; sagacity; sense; intelligence; advice,N3,n,1420530,,彼は知恵のある人だ。,He is a man of wisdom.
79d117da8a,地下,ちか,chika,basement; underground,N3,n; adj-no,1420840,,彼は地下活動の疑いをかけられた。,He was suspected of underground action.
c6bc56d6df,違い,ちがい,chigai,difference; discrepancy,N3,n,1158870,,私は１分違いで列車に乗り遅れた。,I missed the train by a minute.
ce7946728d,違いない,ちがいない,chigainai,(phrase) sure; no mistaking it; for certain,N3,exp; adj-i,1610740,,再婚した今、彼はもっと幸福に違いない。,He must be happier now after having remarried.
7d4f4be7f4,近頃,ちかごろ,chikagoro,lately; recently; nowadays,N3,adv; n; adj-no,1242300,,近ごろ彼女から便りがない。,I have not heard from her recently.
88fa4babd2,地球,ちきゅう,chikyuu,the earth,N3,n,1420970,,彼女は地球のあちこちを旅行した。,She has traveled all over the globe.
cdb26b7f16,地区,ちく,chiku,district; section; sector,N3,n,1421020,,あなたはこの地区をよく知っていますか。,Are you familiar with this area?
44dc289889,遅刻,ちこく,chikoku,lateness; late coming,N3,n; vs; vi,1422050,,遅刻するのではないかと心配した。,I was afraid I might be late.
f86edd9d41,知事,ちじ,chiji,prefectural governor,N3,n,1420580,,彼は知事と長年の付き合いです。,He is the governor's longtime companion.
ae8e7129b1,知識,ちしき,chishiki,knowledge; information,N3,n,1420590,,私のドイツ語の知識は貧弱です。,My knowledge of German is poor.
3f98b61203,父親,ちちおや,chichioya,father,N3,n,1497680,,その少年は父親に似ている。,The boy takes after his father.
e0d0db3ebf,知能,ちのう,chinou,intelligence; brains,N3,n,1420680,,イルカは非常に知能の高い動物です。,The dolphin is a very intelligent animal.
4aa59e0065,地平線,ちへいせん,chiheisen,horizon,N3,n,1421440,,月が地平線の上にあった。,The moon was above the horizon.
fbeac8c220,地方,ちほう,chihou,area; locality; district; region; the coast,N3,n,1421450,,彼は今年の夏、東北地方を旅行した。,He traveled through the Tohoku district this summer.
1255ad0e6f,茶,ちゃ,cha,tea,N3,n,1422570,,その猫の一方は黒で、もう一方は茶だ。,"One of the cats is black, the other is brown."
c28e06990a,チャンス,チャンス,chansu,chance; opportunity,N3,n,1078040,,お願いだ！俺にチャンスをくれ。,Come on! Give me a chance.
5c3831a496,ちゃんと,ちゃんと,chanto,perfectly; properly; exactly,N3,adv; vs,1007720,,この道具はちゃんと使えばとても役に立つ。,"If it is used properly, this tool will be a great help."
06b85de79a,中,ちゅう,chuu,inside; middle; among,N3,n,1620400,,１０人中３人はビデオを持っている。,Three out of ten persons have a video.
ee972bb89d,注,ちゅう,chuu,annotation; explanatory note,N3,n; vs; vt,1426520,,注はページの下欄についている。,The notes are at the bottom of the page.
0f75eb5711,中央,ちゅうおう,chuuou,centre; central; center; middle,N3,n; adj-no,1423430,,私たちはその部屋の中央に座った。,We sat in the center of the room.
510004b9a1,中学,ちゅうがく,chuugaku,middle school; junior high school,N3,n,1423640,,彼は中学時代小説ばかり読んでいた。,He did nothing but read novels in his junior high school days.
ebe5867327,中古,ちゅうこ,chuuko,used; second-hand; old,N3,adj-no,1424150,,その中古の冷蔵庫はひどい代物だった。,That used refrigerator was a real dog.
1c25234049,中止,ちゅうし,chuushi,suspension; stoppage; discontinuance; interruption,N3,n; vs; vt,1424410,,今日予定の会合は中止になりました。,Today's meeting has been canceled.
545580a613,駐車,ちゅうしゃ,chuusha,parking (e.g. car),N3,n; vs; vi,1426910,,彼にどこに駐車したのか聞いてください。,Ask him where he parked his car.
80c8c02c83,昼食,ちゅうしょく,chuushoku,lunch; midday meal,N3,n,1602330,,今日は昼食をとる時間がない。,I don't have enough time to eat lunch today.
47dad745df,中心,ちゅうしん,chuushin,center; core; heart; pivot; emphasis; balance,N3,n; adj-no,1424550,,その町の中心にすてきな公園がある。,There is a nice park in the center of the town.
2d7d2562d4,注目,ちゅうもく,chuumoku,notice; attention; observation,N3,n; vs; vt; vi,1426670,,ご注目下さい。,Please give me your attention.
842b23c9fd,注文,ちゅうもん,chuumon,order; request,N3,n; vs; vt,1426650,,あなたのためにデザートを注文した。,I've ordered you some dessert.
bcbf5309e2,長期,ちょうき,chouki,long time period,N3,adj-no; n,1429850,,長期にわたる病気のあとでジェーンはカウチ・ポテトになった。,"After being ill for a long time, Jane turned into a couch potato."
4dc252fa39,調査,ちょうさ,chousa,investigation; examination; inquiry; survey,N3,n; vs; vt,1429120,,その調査は進行中です。,The investigation is under way.
94696ff83d,調子,ちょうし,choushi,tune; tone; key,N3,n,1429170,,あなたの新しい車は調子よく動いていますか。,Is your new car behaving well?
d19e1e7cb4,頂上,ちょうじょう,choujou,top; summit; peak,N3,n; adj-no,1430220,,私達はついに頂上へたどり着いた。,"At last, we reached the summit."
3ce84453e7,ちょうだい,ちょうだい,choudai,please do for me (preceded by -te); reception; being given; get,N3,exp,1430230,,市民の皆様の御意見をちょうだいする予定です。,We plan to elicit opinions from the public.
2e1e017ee0,貯金,ちょきん,chokin,(bank) savings,N3,n; vs; vt,1427170,,彼女はお金をたくさん貯金している。,She put aside a lot of money.
d6e26a0b9f,直接,ちょくせつ,chokusetsu,direct; immediate; personal; firsthand,N3,adj-na; n; adj-no; adv,1431110,,彼女に直接言ったらどうですか。,Why don't you tell her directly?
5441f9df9d,著者,ちょしゃ,chosha,author; writer,N3,n,1427110,,この本の著者は誰ですか。,Who is the author of this book?
6e524d6fdc,塵,ちり,chiri,dust; dirt,N3,n,1369910,,１年が過ぎ、彼の死体は塵と化した。,A year had passed by and his body turned to dust.
2e1b2d5c37,遂に,ついに,tsuini,finally; at last,N3,adv,1372630,,彼はついにその仕事をやり遂げた。,He finally accomplished the work.
a1d4ed495c,通過,つうか,tsuuka,passage through; passing,N3,n; vs; vi,1433070,,通過する車に気をつけなさい。,Watch out for passing cars.
6082d893b1,通学,つうがく,tsuugaku,commuting to school,N3,n; vs; vi,1433090,,いつもバス通学です。,I usually go to school by bus.
048a8dade7,通行,つうこう,tsuukou,passage; passing,N3,n; vs; vi,1433180,,ここは大型車の通行は禁止されている。,There is no passage for big vehicles here.
855d156059,通じる,つうじる,tsuujiru,to run to; to lead to; to communicate; to understand,N3,v1; vi,1432880,,彼女は電話が通じるとすぐ話し始めた。,She started talking as soon as she got through.
f144cdb49c,通信,つうしん,tsuushin,correspondence; communication; news; signal,N3,n; vs; vt; vi,1433330,,彼は、無電で通信を送った。,He sent a message by wireless.
2ddd05a675,捕まる,つかまる,tsukamaru,to be caught; to be arrested,N3,v5r; vi,1514110,,ロープにしっかり捕まりなさい。,Hold on to the rope.
331fc42604,掴む,つかむ,tsukamu,to seize; to catch; to grasp,N3,v5m; vt,1433650,,だれかが私の腕をつかんだ。,Somebody caught me by the arm.
e6e567643f,疲れ,つかれ,tsukare,tiredness; fatigue,N3,n,1483730,,彼女はいくぶん疲れを感じていた。,She was feeling kind of tired.
7044f13335,付き合い,つきあい,tsukiai,association; socializing; fellowship,N3,n,1495640,,彼は知事と長年の付き合いです。,He is the governor's longtime companion.
9edfc06f0c,次々,つぎつぎ,tsugitsugi,in succession; one by one,N3,adv; adv-to; n,1597850,,彼らは次々と出発した。,They started one after another.
d5a89e32c4,就く,つく,tsuku,"to settle in (place); to take (seat, position); to study (under teacher)",N3,v5k; vi,1331530,,友人の好意で職に就くことができた。,I was able to get a job through the good offices of my friend.
af699ddbb2,付ける,つける,tsukeru,to attach; to join; to add; to append,N3,v1; vt,1495770,,彼女は昔、日記を付けていたが今はつけていない。,"She used to keep a diary, but she no longer does."
8d3ff79d95,土,つち,tsuchi,earth; soil,N3,n,1445270,,種の上に少し土をかぶせなさい。,Cover the seeds with a little earth.
a6ec708ec6,続き,つづき,tsuzuki,sequel; continuation,N3,n,1894690,,日照り続きでその池は干上がった。,The pond dried up in hot weather.
c327a33164,包み,つつみ,tsutsumi,bundle; package; parcel; bale,N3,n,1515340,,行商人は大きな包みを背負って運んだ。,The peddler carried a big bundle on his back.
b30b244443,勤め,つとめ,tsutome,service; duty; business; responsibility; task; Buddhist religious services,N3,n,1240810,,お勤めはどちらですか。,Who do you work for?
b30544a54e,務め,つとめ,tsutome,service; duty; Buddhist religious services,N3,n,1240810,,勉強するのは学生の務め。,It's a student's business to study.
e629f70aca,繋ぐ,つなぐ,tsunagu,to tie; to fasten; to connect; to transfer (phone call),N3,v5g; vt,1251900,,スミスさんにつないで下さい。,Please connect me with Mr Smith.
43f9074428,常に,つねに,tsuneni,always; constantly,N3,adv,1355970,,常に疲労感があります。,I always have a tired feeling.
778765a79e,角,つの,tsuno,horn,N3,n,1206120,,カタツムリがすっと角を出した。,The snail shot out its horns.
526a0047ad,翼,つばさ,tsubasa,wings,N3,n,1547530,,それは翼の全長が約４インチある。,It has a wingspan of about four inches.
9a7106c569,つまり,つまり,tsumari,in short; in brief; in other words,N3,adv,1610430,詰まり,つまり彼女は下手な踊り子だ。,"That is, she is a poor dancer."
fc43373a26,罪,つみ,tsumi,crime; fault; indiscretion,N3,n; adj-na; adj-no,1296680,,ビルはその罪を犯していなかった。,Bill did not commit the crime.
236e0b11a0,詰める,つめる,tsumeru,to pack; to shorten; to work out (details),N3,v1; vt,1226510,,この穴を何かで詰めなくては。,We've got to fill this hole with something.
d870dff504,積もる,つもる,tsumoru,to pile up,N3,v5r; vi,1382990,,雪が１．５メートル積もっていた。,The snow lay one and a half meters deep.
33f0992c39,梅雨,つゆ,tsuyu,rainy season; rain during the rainy season,N3,n,1582960,,天気予報によれば、まもなく梅雨に入るそうだ。,"According to the weather forecast, the rainy season will set in before long."
1213823fa2,辛い,つらい,tsurai,painful; heart-breaking,N3,adj-i,1365860,,一生で一番辛い経験といえるでしょう。,That might be the most painful experience in my life.
8d0f952e4c,釣,つり,tsuri,fishing; angling,N3,n,1434040,釣り,あなたは釣りに行きたがっている。,You are dying to go fishing.
7433983c57,連れ,つれ,tsure,companion; company,N3,n,1559260,,駅までお連れいたしましょう。,I'll show you to the station.
c2946190ea,で,で,de,outflow; coming (going) out; graduate (of),N3,n; n-suf,1896380,,彼女の母はケネディ家の出だった。,Her mother was a Kennedy.
56092bf6de,出会い,であい,deai,meeting; rendezvous; encounter,N3,n,1338400,,私たちの出会いはまったくの偶然でした。,Our meeting was quite accidental.
efa915fbef,出会う,であう,deau,to meet by chance; to come across; to happen to encounter,N3,v5u; vi,1598530,,きのう旧友の一人に出会った。,I saw an old friend of mine yesterday.
b8c0205de7,提案,ていあん,teian,proposal; proposition; suggestion,N3,n; vs; vt,1436320,,私の提案を承認していただけますか。,Could you approve my proposal?
dad6329f85,定期,ていき,teiki,fixed term,N3,n,1435490,,彼らは定期旅客船に乗り込んだ。,They went on board a liner.
964f36527f,抵抗,ていこう,teikou,electrical resistance; resistance; opposition,N3,n; vs; vi,1436260,,困難に対してあくまでも抵抗した。,He breasted it out against difficulties.
46cd2cf7a5,提出,ていしゅつ,teishutsu,presentation; submission; filing,N3,n; vs; vt,1436410,,要約を火曜日までに提出しなさい。,Please send in your summary by Tuesday.
dfb2d21193,程度,ていど,teido,degree; amount; grade; standard; of the order of (following a number),N3,n; adv; n-suf,1436540,,この程度のお金じゃ長くは持たないだろう。,This sum of money won't go far.
bad69dcdd2,停留所,ていりゅうじょ,teiryuujo,bus or tram stop,N3,n,1435080,,バスの停留所まで競争しよう。,I'll race you to the bus stop.
9a64047c66,デート,デート,deeto,date; go on a date,N3,n; vs; vi,1081430,,アンディはけっしてデートにおくれたことはない。,Andy is never late for a date.
371f1b3f39,敵,てき,teki,enemy; rival,N3,n,1582000,,彼は敵に不意打ちを食わせた。,He surprised his opponent.
f1250de70c,出来事,できごと,dekigoto,incident; affair; happening; event,N3,n,1340570,,このようのしてその出来事は起こった。,This is how the incident happened.
ca16268bbb,適する,てきする,tekisuru,to fit; to suit,N3,vs-s; vi,1437340,,その肉は全く食用に適さなかった。,None of the meat was fit to eat.
d2dbd78eca,適切,てきせつ,tekisetsu,pertinent; appropriate; adequate; relevance,N3,adj-na; n,1437430,,「行った」というのが適切な言葉だ。,"""Performed"" is the right word."
752d199c2e,適度,てきど,tekido,moderate,N3,adj-na; adj-no; n,1437440,,適度に運動すると体によいであろう。,Taking moderate exercise will do you good.
27c52f37c2,適用,てきよう,tekiyou,applying,N3,n; vs; vt,1437500,,この法律はすべての人に適用される。,This law applies to everybody.
df68a4c0c8,できれば,できれば,dekireba,if possible,N3,exp,2825960,,出来れば明日までに帰ります。,"I'll be back by tomorrow, if possible."
639bd22c8d,手品,てじな,tejina,sleight of hand; conjuring trick; magic; juggling,N3,n,1328310,,少年はたくさんの手品が使える。,The boy knows many magic tricks.
3dbdf1b28b,ですから,ですから,desukara,therefore,N3,conj,1008430,,いいえ、結構です。お腹が一杯ですから。,"No, thank you. I've had enough."
61bb6561cb,鉄,てつ,tetsu,iron,N3,n,1437780,,鉄は最も有用な金属です。,Iron is the most useful metal.
d7dd2c0312,哲学,てつがく,tetsugaku,philosophy,N3,n,1437610,,哲学研究は人文科学の１つだ。,The study of philosophy belongs to the humanities.
4b1cb88257,手伝い,てつだい,tetsudai,help; helper; assistant,N3,n,1328170,,台所でお母さんの手伝いをしていたの。,I helped my mother in the kitchen.
9ed2c14da0,徹底,てってい,tettei,thoroughness; completeness,N3,n; vs; vt; vi,1437670,,生産性はオートメーションの徹底によって向上する。,Production improves by becoming more automatic.
7eedda811b,鉄道,てつどう,tetsudou,railroad,N3,n,1437960,,新しい鉄道はまだ完成していない。,The new railway is not completed yet.
70e6480c13,徹夜,てつや,tetsuya,all night; all night vigil; sleepless night,N3,n; vs; vi; adj-no,1437700,,私はよく徹夜する。,I often stay up all night.
feff56f582,手間,てま,tema,time; labour,N3,n,1327410,,食べるのにどうしてそんなに手間がかかるのか。,Why do you take so long to eat?
b18b85729e,デモ,デモ,demo,(abbreviation) demo; demonstration,N3,n,1084000,,デモに参加しようと思う。,I'm going to join a demonstration.
206cb49bde,典型,てんけい,tenkei,type; pattern; archetypal,N3,n,1438080,,彼女はあらゆる婦徳の典型である。,She incarnates all womanly virtues.
f0031b987d,天候,てんこう,tenkou,weather,N3,n,1438970,,それはすべて天候に依存している。,It all depends on the weather.
626076af0e,電子,でんし,denshi,electron,N3,n,1443320,,電子タイプライターはありますか。,Do you have an electronic typewriter?
8f4da6b41b,テント,テント,tento,tent,N3,n,1081040,,私たちは暗くならないうちにテントを張った。,We set up our tents before dark.
29d4d2cb7d,伝統,でんとう,dentou,tradition; convention,N3,n,1442260,,古い伝統が消滅しつつある。,Old traditions are crumbling away.
d8f0837321,天然,てんねん,tennen,nature; spontaneity,N3,n; adj-no,1439580,,この車は天然ガスで動く。,This car runs on natural gas.
e4c028044a,問い,とい,toi,question; query,N3,n,1535930,,私はその問がたいへんやさしいことを発見した。,I found the question very easy.
6a86cad697,党,とう,tou,party (political),N3,n; n-suf,1445980,,彼女は根っからのコーヒー党です。,She's die-hard coffee drinker.
8e02fa0ef4,塔,とう,tou,tower; pagoda,N3,n; n-suf,1446740,,家からその塔が見える。,I see the tower from my house.
2bf06d30d9,答案,とうあん,touan,examination paper; examination script,N3,n,1449550,,時間です。答案を出して下さい。,Time is up. Hand in your papers.
ab3d3e2bd7,同一,どういつ,douitsu,identity; sameness; similarity,N3,adj-no; adj-na,1451900,,一連の犯罪は同一犯によるものだと考えられた。,The chain of crimes are thought to have been committed by the same man.
5750d76e14,どうか,どうか,douka,copper coin,N3,n,1454350,,どうか明朝６時に起こして下さい。,Please wake me up at six tomorrow morning.
0197af118e,当時,とうじ,touji,at that time; in those days,N3,n; adv,1449090,,彼女の名前は当時アグネスだった。,Her name was Agnes then.
271ffb6876,動詞,どうし,doushi,verb,N3,n,1451380,,この動詞の変化を言えますか。,Can you conjugate this verb?
4e4e228253,同時,どうじ,douji,simultaneous(ly); concurrent; same time; synchronous,N3,adj-f,1452500,,お菓子を持っていたり同時に食べたりはできない。,"You cannot have your cake and eat it, too."
b9f82a4617,どうしても,どうしても,doushitemo,by all means; at any cost; no matter what,N3,exp; adv,1466950,,彼はどうしても言葉が出なかった。,Words failed him.
c85827d209,到着,とうちゃく,touchaku,arrival,N3,n; vs; vi,1449870,,その列車は予定どおりに到着した。,The train arrived on schedule.
5c2b71ef11,道徳,どうとく,doutoku,morals,N3,n,1454240,,この学校は生徒達に高度な道徳水準を課する。,This school sets high moral standards for pupils.
17dc7366d9,投票,とうひょう,touhyou,voting; poll,N3,n; vs; vi,1447320,,２０歳になっていれば、投票できるのに。,"If I were twenty, I could vote."
b9d02a8165,同様,どうよう,douyou,identical; equal to; same (kind); like,N3,adj-no; adj-na; n; n-suf,1453550,,この車は新車同様だ。,This car is like new.
d2fd46f58a,同僚,どうりょう,douryou,coworker; colleague; associate,N3,n,1453580,,私の同僚は報告書を改ざんした。,My colleague doctored the report.
f6da4441b7,道路,どうろ,douro,road; highway,N3,n,1454290,,その崖は道路の上に突き出ている。,The cliff hangs over the road.
8d8001f8cf,通す,とおす,toosu,to let pass; to overlook; to continue,N3,v5s; vt,1432900,,彼はその訪問者を居間に通した。,He let the visitor into the living room.
6763e0f981,通り,とおり,toori,in accordance with ~; following ~; ~ Street; ~ Avenue,N3,n,1432920,,この煙突は通りが悪くなった。,This chimney has begun to draw badly.
c1ddd6b914,通り過ぎる,とおりすぎる,toorisugiru,to pass; to pass through,N3,v1; vi,1432980,,私はその暗い道を通り過ぎた。,I passed over the dark street.
bba3ad9899,都会,とかい,tokai,city,N3,n; adj-no,1444970,,あの人達は都会の生活にあこがれている。,They are longing for city life.
ff30b33097,時,とき,toki,time; hour; occasion; moment,N3,n,1315840,,１２才の時彼は声変わりした。,His voice broke when he was twelve.
a14ba106bc,解く,とく,toku,to unfasten,N3,v5k; vt,1198890,,彼は重責を解かれた。,He was relieved of his heavy responsibility.
9ed2e741fa,毒,どく,doku,poison; toxicant,N3,n,1455500,,この魚は毒がない。,This fish is free from poison.
f57860a6ca,得意,とくい,tokui,pride; triumph; prosperity,N3,n; adj-na; adj-no,1454510,,あなたは数学が得意ですか。,Are you good at mathematics?
d45a4669a3,読書,どくしょ,dokusho,reading,N3,n; vs; vi,1456420,,母はメガネなしでは読書できない。,My mother can't read without glasses.
41766d271a,独身,どくしん,dokushin,bachelorhood; single; unmarried; celibate,N3,adj-no; n,1455850,,彼は一生独身で過ごした。,He remained single all his life.
9424213f90,特徴,とくちょう,tokuchou,feature; characteristic,N3,n,1455170,,毛深いまゆ毛が彼の顔の特徴だった。,His bushy brows accented his face.
5bd987a58a,独特,どくとく,dokutoku,peculiarity; uniqueness; characteristic,N3,n; adj-no; adj-na,1456010,,ナチズムはドイツ独特のものでしたか。,Was Nazism peculiar to Germany?
0d9e1cfdac,独立,どくりつ,dokuritsu,independence (e.g. Ind. Day); self-support,N3,n; vs; vi,1456040,,彼女は両親から独立している。,She is independent of her parents.
13aa7b864c,解ける,とける,tokeru,to come untied; to come apart,N3,v1; vi,1198910,,彼も私もその数学の問題が解けた。,Both he and I were able to solve the math problem.
dce7ebe444,どこか,どこか,dokoka,somewhere; anywhere,N3,n; adv,1189000,,彼女はどこか他に買い物に行った。,She went shopping elsewhere.
4fa73fd5b1,ところが,ところが,tokoroga,however; while; even if,N3,conj,1008570,所が,ところが実はどうすることもできないのです。,"As it is, I can do nothing."
af617a11ed,ところで,ところで,tokorode,by the way; even if; no matter what,N3,prt; conj,1343110,所で,ぶつくさ言ったところでしょうがない。,Complaining won't change anything.
adddc0dcc8,登山,とざん,tozan,mountain-climbing,N3,n; vs; vi,1444780,,その靴は登山には向かないよ。,Those shoes won't do for climbing.
142b45f619,都市,とし,toshi,town; city; municipal; urban,N3,n; adj-no,1444990,,この都市の面積はどれくらいか。,What is the area of this city?
54e840405e,年月,としつき,toshitsuki,months and years,N3,n,1582870,,あれだけのコインを収集するのにどれだけの年月がかかりましたか。,How long did it take you to collect so many coins?
c660f5b541,図書,としょ,tosho,books,N3,n,1370410,,私のところの図書は自由にお使い下さい。,You're welcome to any book in my library.
2af3aed135,年寄,としより,toshiyori,old people; the aged,N3,n; adj-no,1598750,年寄り,お年寄りに優しくしてあげなさい。,Be kind to the old.
e599741fb6,閉じる,とじる,tojiru,"to close (e.g. book, eyes); to shut",N3,v1; vt; vi,1508550,,彼は目を閉じて彼女にキスをした。,"He kissed her, with his eyes closed."
5b36334b8a,途端,とたん,totan,"just (now, at the moment, etc.)",N3,n; adv,1610870,,これをきいたとたん、彼は真っ青になった。,"On hearing this, he turned pale."
30dc28fcf5,土地,とち,tochi,plot of land; lot; soil,N3,n,1445470,,この土地とこの家は私の物ですよ。,This house and this land are mine!
b0fe689407,突然,とつぜん,totsuzen,abruptly; suddenly; unexpectedly; all at once,N3,adj-no; adj-na; adv,1457040,,すべて突然起こった。,Everything happened all at once.
7ea8d83553,トップ,トップ,toppu,top,N3,n,1085030,,彼はもう少しの所でトップの部にはいるところだった。,He ranked close to the top.
37b92c0329,届く,とどく,todoku,to reach,N3,v5k; vi,1457200,,私あての手紙は届いていますか？,Have any letters arrived for me?
5f300646e4,とにかく,とにかく,tonikaku,anyhow; at any rate; anyway; somehow or other; generally speaking; in any case,N3,adv,1443990,,とにかく来てくださればうれしい。,"At any rate, I hope you can come."
d07f542720,飛ばす,とばす,tobasu,to skip over; to omit,N3,v5s; vt,1485230,,私たちはその鳥を飛ばした。,We let the bird fly.
b4d7ffd3f9,飛び出す,とびだす,tobidasu,to jump out; to rush out; to fly out,N3,v5s; vi,1485350,,猫が部屋から飛び出した。,A cat dashed out of the room.
4591eb1d00,留める,とめる,tomeru,to fasten; to turn off; to detain,N3,v1; vt,1310670,,木片は１本の留め木で留めてある。,The wooden pieces are fastened with a peg.
8b4138b415,友,とも,tomo,friend; companion; pal,N3,n,1539980,,まさかの時の友こそ真の友。,A friend in need is a friend indeed.
89564cdaf0,共に,ともに,tomoni,sharing with; participate in,N3,adv,1234260,,私と共に来てくれませんか。,Would you mind coming with me?
94cd75297e,土曜,どよう,doyou,Saturday,N3,n,1445580,,土曜に学校がありますか。,Do you go to school on Saturday?
7feb0c183f,虎,とら,tora,tiger,N3,n,1267610,,万一虎がおりから出てきたらどうしますか。,"If a tiger should come out of the cage, what would you do?"
87d53d42f3,ドライブ,ドライブ,doraibu,drive; trip by car; driving,N3,n,1088580,,ドライブするのはどうですか。,How about going for a drive?
42d999cbab,トラック,トラック,torakku,truck; (running) track,N3,n,1085760,,,
bcadb9720d,ドラマ,ドラマ,dorama,drama,N3,n,1088830,,ナポレオンの一生はすばらしいドラマだった。,Napoleon's life was a great drama.
e4e30dab43,トランプ,トランプ,toranpu,playing cards (lit: trump),N3,n,1086410,,トランプでごまかすのはよくないことだ。,It is wrong to cheat at cards.
142fcb9705,取り上げる,とりあげる,toriageru,to take up; to pick up; to disqualify; to confiscate; to deprive,N3,v1; vt,1326800,,全新聞がその事件を大きく取り上げた。,All the papers featured the case.
15f5aaa2cc,努力,どりょく,doryoku,great effort; exertion; endeavour; effort,N3,n; vs; vi,1445130,,彼はその問題を解こうと努力した。,He exerted himself to solve the problem.
e8e0e10e57,ドレス,ドレス,doresu,dress,N3,n,1089280,,あのドレスは彼女によく似合う。,That dress really becomes her.
58c5df73fd,取れる,とれる,toreru,to come off; to be taken off; to be removed,N3,v1; vi,1326990,,オリーブの実から油が取れます。,Oil is extracted from olives.
145a15c354,泥,どろ,doro,mud,N3,n,1436900,,母さんは彼の靴から泥を落とした。,Mother removed mud from his shoes.
6556dc10d1,トン,トン,ton,ton,N3,n,1457320,,,
43bc725de0,とんでもない,とんでもない,tondemonai,unexpected; offensive; What a thing to say!; No way!,N3,int,1008790,,彼女が歌手だなんてとんでもない。,She is anything but a singer.
2def0fe8be,どんな,どんな,donna,what; what kind of,N3,adj-pn,1009330,,私はどんな戦争にも反対だ。,I'm opposed to any type of war.
954f0401d2,どんなに,どんなに,donnani,how; how much,N3,adv,1009340,,君は私がどんなに心配しているかを知らない。,You don't know how worried I am.
a6e18afc55,トンネル,トンネル,tonneru,tunnel,N3,n,1087630,,汽車はトンネルを通り抜けた。,The train traversed a tunnel.
fcdc62db50,名,な,na,name; reputation,N3,n,1531330,,私はいつまでも彼の名を覚えている。,I still bear his name in mind.
15bfdc638d,内容,ないよう,naiyou,subject; contents; matter; substance; detail; import,N3,n,1459400,,仮の議事内容を送付しました。,Attached is the tentative agenda.
d811ee3160,なお,なお,nao,still; yet,N3,adv,1349300,尚,あとで起こったことはなお悪かった。,What followed was still worse.
cd33b27e9a,仲,なか,naka,relation; relationship,N3,n,1425710,,私は彼とは訪問し合う仲だ。,I am on visiting terms with him.
8a2b4c5ed1,流す,ながす,nagasu,"to drain; to float; to shed (blood, tears); to cruise (e.g. taxi)",N3,v5s; vt,1552120,,ナポレオンはセントヘレナ島へ流された。,Napoleon was exiled to St. Helena.
5564da9929,半ば,なかば,nakaba,middle; half; semi; halfway; partly,N3,n; n-suf,1478780,,彼女は４０代半ばで再婚した。,She married again in her mid-forties.
124f4d078f,仲間,なかま,nakama,company; fellow; colleague; associate,N3,n,1425790,,田中さんは父のつり仲間の一人だ。,Mr. Tanaka is one of my father's fishing companions.
c3a05b3d90,眺め,ながめ,nagame,scene; view; prospect; outlook,N3,n,1610960,,眺めのよい部屋をお願いします。,I'd like a room with a good view.
402b531dd3,眺める,ながめる,nagameru,to view; to gaze at,N3,v1; vt,1428830,,何時間も海を眺めた。,I gazed at the sea for hours.
a588d2a3e0,流れ,ながれ,nagare,stream; current,N3,n,1552130,,流れは池に注いでいる。,The stream falls into the pond.
b7b23bf678,流れる,ながれる,nagareru,to stream; to flow; to run (ink); to be washed away,N3,v1; vi,1552140,,セーヌ川はパリを流れている。,The Seine flows through Paris.
28631b73ea,無し,なし,nashi,without,N3,n; n-suf,1529560,,ようやくその男と貸し借り無しになった。,I am finally quits with the man.
de314c95de,なぜなら,なぜなら,nazenara,because,N3,conj,1009410,何故なら,なぜなら新聞記者だったからです。,Because I was a newspaper reporter.
10b368ca88,謎,なぞ,nazo,riddle; puzzle; enigma,N3,n,1459690,,このなぞの答えを考えつきますか。,Can you guess this riddle?
8b63615acb,納得,なっとく,nattoku,consent; assent; understanding,N3,n; vs; vt; vi,1470080,,「そっか」ウィリーはようやく納得した。,"""Well, OK,"" Willie finally agreed."
9d47958486,何,なに,nani,what,N3,pn,1577100,,今のアナウンスは何だったのですか。,What did the announcement just say?
08f3d1eb54,何か,なにか,nanika,something,N3,pn,1188270,,ここまでのところで何か落としていることはありませんか。,Have I missed anything so far?
5efa5daa2b,なにも,なにも,nanimo,nothing,N3,exp,1188490,何も,過ちのない者は何も作り出せない。,He who makes no mistakes makes nothing.
9ede43e44c,鍋,なべ,nabe,saucepan; pot,N3,n,1459720,,ここに手のないナベがある。,Here is a pan without handles.
04f80af544,生,なま,nama,draft (beer); raw; unprocessed,N3,n,1378450,,ゴムをすると確かに性感が落ちるので、出来れば生でしたいです。,"The sensitivity certainly drops if I use a condom, so if possible I'd like to do it bareback."
6e5fe06358,怠ける,なまける,namakeru,to be idle; to neglect,N3,v1; vi,1410660,,彼は勉強を怠けている。,He is lazy in his study.
cae492d243,波,なみ,nami,wave,N3,n,1470970,,船は波のなすがままになっている。,The ship is at the mercy of the waves.
037925a6d6,涙,なみだ,namida,tear,N3,n,1555930,,２粒の涙が彼女のほおを流れ落ちた。,Two tears fell down her cheeks.
7f56822dfc,悩む,なやむ,nayamu,to be worried; to be troubled,N3,v5m; vi,1469870,,悩んでも何の利益にもならない。,There is no profit in worrying.
0989459c37,縄,なわ,nawa,rope; hemp,N3,n,1459830,,彼は縄で木に縛り付けられた。,He was tied to the tree with a rope.
2d389db4db,何で,なんで,nande,Why?; What for?,N3,adv,1611020,,何で彼女はそんなことをしたのか。,What made her do so?
9ebc3edd19,何でも,なんでも,nandemo,by all means; everything,N3,exp,1611030,,この犬は何でもほとんど食べます。,This dog eats almost anything.
39dd361425,何とか,なんとか,nantoka,somehow; anyhow; one way or another,N3,adv; vs,1188420,,急げば何とか間に合うと思います。,I think we'll make it if we hurry.
395b9a867b,似合う,にあう,niau,to suit; to match; to become; to be like,N3,v5u; vi,1314680,,あのドレスは彼女によく似合う。,That dress really becomes her.
b01e686ddf,苦手,にがて,nigate,poor (at); weak (in); dislike (of),N3,adj-na; n,1244470,,私は数学は苦手だ。,I am out of my element in math.
d0ffc4ad62,握る,にぎる,nigiru,to grasp; to seize; to mould sushi,N3,v5r; vt,1152720,,彼らが眠っている間私がハンドルを握った。,I took the wheel while he slept.
b115c24eac,日,にち,nichi,sun; sunshine; day,N3,suf,2083100,,土日月の午前１０時半から午後４時まで開館。,"Open from 10:30am to 4pm on Sat, Sun, and Mon."
8906b928b2,日常,にちじょう,nichijou,ordinary; regular; everyday; usual,N3,adj-no; n; adv,1464180,,日常の運動はあなたのためになる。,Moderate exercise is good for you.
183905b21d,日曜,にちよう,nichiyou,Sunday,N3,n,1464880,,銀行は日曜にはやってません。,The bank isn't open on Sundays.
2128a2cade,日光,にっこう,nikkou,sunlight,N3,n,1464030,,この部屋はあまり日光が当たらない。,This room gets little sunshine.
fca12641c2,にっこり,にっこり,nikkori,smile sweetly; smile; grin,N3,adv; adv-to; vs,1632320,,彼女はにっこり笑ってそういった。,She said so with a smile.
5ae490b220,日中,にっちゅう,nitchuu,daytime; broad daylight,N3,n; adv,1464250,,彼の叔母が日中彼の犬の世話をしている。,His aunt takes care of his dog during the day.
831bd5addd,日本,にっぽん,nippon,Japan,N3,n,1582710,,日本は中国の東方にある。,Japan is to the east of China.
9fafb3a7a8,入場,にゅうじょう,nyuujou,entrance; admission; entering,N3,n; vs; vi,1466360,,この切符で２名入場できます。,This ticket admits two persons.
81d5a1e831,人気,にんき,ninki,popularity; public favor,N3,n; adj-no,1367010,,人気がでて彼女はうぬぼれた。,The popularity turned her head.
7f4e93c10e,人間,にんげん,ningen,human being; man; person,N3,n,1366770,,彼は人間としてよくできた人です。,He is a man of character.
d40e2575e0,抜く,ぬく,nuku,to extract; to omit; to surpass; to draw out; to unplug,N3,v5k; vt,1478190,,彼はついにクラスの他の者を抜いた。,He finally got ahead of the rest of class.
8af7987ba6,抜ける,ぬける,nukeru,to come out; to fall out; to be omitted,N3,v1; vi,1478200,,歯が１本抜けた。,One of my teeth came out.
04380e6c35,布,ぬの,nuno,cloth,N3,n,1496840,,この布は値段の割に品質が良い。,This cloth is good in quality for its price.
20b5089feb,ね,ね,ne,value; price; cost; worth; merit,N3,n,2836242,値,彼はその絵にたいへん高い値をつけた。,He put the painting at a very high price.
e7a5df28c0,根,ね,ne,root,N3,n,1290020,,彼らは皆、根は善良な男たちなのだ。,They are all good men at heart.
4d7cbebb57,願い,ねがい,negai,desire; wish; request,N3,n,1217900,,市長は私達の願いを聞き入れてくれた。,The mayor granted our request.
7846a5b95f,願う,ねがう,negau,to desire; to wish; to request,N3,v5u; vt,1217950,,彼は私の許しを願った。,He asked my pardon.
38191588bb,鼠,ねずみ,nezumi,mouse; rat; dark gray; slate color,N3,n,1397840,,猫がいなくなるとネズミたちが遊びだす。,"When the cat is away, the mice will play."
b27ee03550,熱帯,ねったい,nettai,tropics,N3,n,1467930,,あの島は熱帯性気候です。,That island has a tropical climate.
c03a75fe96,熱中,ねっちゅう,netchuu,nuts!; enthusiasm; zeal; mania,N3,n; vs; vi,1467950,,この頃は彼女はテニスに熱中している。,Nowadays she is lost in tennis.
317aef42d7,年間,ねんかん,nenkan,year,N3,n; adv,1468380,,私はここで１０年間働いている。,I've worked here for ten years.
182db962d0,年中,ねんじゅう,nenjuu,whole year; always; everyday,N3,n,1469000,,私は１年中テニスをします。,I play tennis all the year around.
df15c38d0a,年代,ねんだい,nendai,age; era; period; date,N3,n,1468950,,１９９０年代は湾岸戦争で始まった。,The 1990s began with the Gulf War.
3acd232764,年齢,ねんれい,nenrei,age; years,N3,n,1600240,,彼女は私と同じくらいの年齢です。,She is about my age.
413bbde60b,野,の,no,field,N3,n,1537250,,この野バラは甘い香りを放つ。,This wild rose gives off a sweet scent.
8ae84a079b,能,のう,nou,being skilled in; nicely; properly,N3,n,1470120,,能は伝統的な日本の芸術である。,Noh is a traditional Japanese art.
1e1423597b,農家,のうか,nouka,farmer; farm family,N3,n,1470620,,農家の子になりたいかね。,Would you like to be a farm boy?
e0e16ed29e,農業,のうぎょう,nougyou,agriculture,N3,n,1470660,,農業はその国の経済のもとである。,Agriculture is economy of the country.
01d17e5891,農民,のうみん,noumin,farmers; peasants,N3,n; adj-no,1470770,,私は貧しい農民に過ぎない。,I am nothing but a poor peasant.
2cc68f1162,能力,のうりょく,nouryoku,ability; faculty,N3,n,1470370,,彼はすぐれた能力をもっていた。,His talent was of a high order.
05717efa73,ノー,ノー,noo,no,N3,int,2080530,,うちの母はノーと言うに決まっている。,My mother is certain to say no.
34669ba2b8,軒,のき,noki,eaves,N3,n,1260330,,彼女は鳥かごを軒からつるした。,She hung the cage from the eaves.
a5cf314cf9,残す,のこす,nokosu,"to leave (behind, over); to bequeath; to save; to reserve",N3,v5s; vt,1600260,,私達は彼に少しケーキを残してあげた。,We left him some cake.
17409802d5,残り,のこり,nokori,remnant; residue; remaining; left-over,N3,n; adj-no,1304480,,私たちの内残りの者はあとに残ることになっている。,The rest of us are to stay behind.
31f735aed4,乗せる,のせる,noseru,to place on (something); to take on board; to give a ride,N3,v1; vt,1600270,,車に乗せてください。,Give me a lift in your car.
27fcc1be98,除く,のぞく,nozoku,to remove; to exclude; to except,N3,v5k; vt,1345640,,医者は彼の苦痛を除いてやった。,The doctor released him from his pain.
8d2c6575c2,望み,のぞみ,nozomi,wish; desire; (a) hope,N3,n,1519620,,あなたの望みが実現するといいですね。,I hope your wish will come true.
767cb5e2e6,望む,のぞむ,nozomu,to desire; to wish for; to see; to command (a view of),N3,v5m; vt,1519630,,全国民が平和を望んでいる。,The whole nation wants peace.
aeff3c4d96,後,のち,nochi,afterwards; since then; in the future,N3,n; adv; adj-no,1269330,,晴れ後曇りでした。,"It was sunny, then cloudy."
4850008747,ノック,ノック,nokku,knock; fungo (baseball),N3,n; vs; vt,1093920,,入る前にドアをノックして下さい。,Please knock on the door before you enter.
ad88f57a3e,伸ばす,のばす,nobasu,to lengthen; to stretch; to reach out; to grow (beard),N3,v5s; vt,1600290,,あつかましいその子は私のひざの上に両足を伸ばした。,The impudent child extended her legs across my lap.
d5c6b153f1,伸びる,のびる,nobiru,"to stretch; to extend; to make progress; to grow (beard, body height)",N3,v1; vi,1358870,,消費は心持ち伸びる程度でしょう。,Spending will grow only a touch faster.
703453c2a3,述べる,のべる,noberu,to state; to express; to mention,N3,v1; vt,1340820,,私は客に別れのあいさつを述べた。,I bade farewell to the guests.
9df259e377,昇る,のぼる,noboru,to arise; to ascend; to go up,N3,v5r; vi,1352570,,そのとき太陽がのぼるところだった。,The sun was coming up then.
2af9a4e3e2,のんびり,のんびり,nonbiri,carefree; at leisure,N3,adv; adv-to,1010050,,日曜日はのんびりしています。,We always take it easy on Sundays.
ca4cbf878d,場,ば,ba,place; field (physics),N3,n,1355790,,このネクタイはこのような場にふさわしくありません。,This tie is not suitable for a situation like this.
08f58c3770,はあ,はあ,haa,yes; indeed; well,N3,int,2069620,,・・・はぁ、どう状況を受け止めればいいのかしら。,"... Aaah, just how am I supposed to cope with this I wonder?"
2add5a6bbc,パーセント,パーセント,paasento,percent,N3,n,1100610,,現金払いには１０パーセント割引いたします。,We give a 10% discount for cash.
9a9e81c6ea,灰,はい,hai,ash,N3,n,1201860,,すべては燃えて灰となった。,Everything was burnt to ashes.
f59cd43bb0,バイオリン,バイオリン,baiorin,violin,N3,n,1097740,,彼女はバイオリンが大変上手です。,She plays the violin very well.
34eebaa289,ハイキング,ハイキング,haikingu,hiking,N3,n; vs; vt; vi,1095040,,ハイキングは中止にしたほうがいいわね。,We had better cancel the hike.
c4a32b9e77,配達,はいたつ,haitatsu,delivery; distribution,N3,n; vs; vt,1473140,,どれくらいで配達してもらえますか。,How soon can they be delivered?
f33e48aa94,パイプ,パイプ,paipu,pipe; tube; channels; official or otherwise,N3,n,1101120,,彼はパイプをくわえて話した。,He spoke with a pipe in his mouth.
66d7ecadb1,俳優,はいゆう,haiyuu,actor; actress; player; performer,N3,n,1471970,,彼は俳優になるべきだった。,He ought to have been an actor.
b937b60491,パイロット,パイロット,pairotto,pilot,N3,n,1101260,,私の夢はパイロットになることです。,My dream is to become a pilot.
2ebc49d99b,墓,はか,haka,grave; tomb,N3,n,1514840,,私は彼の墓を立ち去り難かった。,I hesitated to leave his grave.
9d6bea343d,馬鹿,ばか,baka,fool; idiot; trivial matter; folly,N3,n,1601260,,なんという馬鹿なことだろう。,What a piece of folly!
5b445da9d8,博士,はかせ,hakase,doctorate; PhD,N3,n; n-suf,1474620,,彼は心理学博士の学位を持っている。,He has a doctor's degree in psychology.
6b741662df,計る,はかる,hakaru,to measure; to weigh; to survey,N3,v5r; vt,1600650,,彼はマラソンで彼女のタイムを計った。,He timed her in the marathon race.
ee21222664,吐く,はく,haku,to breathe; to tell (lies); to vomit; to disgorge,N3,v5k; vt,2646460,,,
00612a587a,拍手,はくしゅ,hakushu,clapping hands; applause,N3,n; vs; vi,1474820,,その公演は万雷の拍手を受けた。,The performance was received with applause.
978071c13d,莫大,ばくだい,bakudai,enormous; vast,N3,adj-na,1476060,,ジョンは莫大な財産を相続した。,John inherited a large fortune.
30f0623cca,爆発,ばくはつ,bakuhatsu,explosion; detonation; eruption,N3,n; vs; vi,1475910,,そのニュースは彼の怒りを爆発させた。,The news caused him to explode with anger.
24194e1918,博物館,はくぶつかん,hakubutsukan,museum,N3,n,1474720,,あの博物館はくるに値する。,That museum is worth visiting.
049907be5e,激しい,はげしい,hageshii,violent; vehement; intense,N3,adj-i,1600720,,その２チームは激しく戦った。,The two teams fought very hard.
c4b4192429,はさみ,はさみ,hasami,scissors,N3,n,1573820,鋏,ジェイはその古いはさみを拾い上げた。,Jay picked up the old scissors.
b3726f128a,破産,はさん,hasan,(personal) bankruptcy,N3,n; vs; vi,1471330,,かけごとのために彼は破産した。,Gambling brought about his ruin.
65a7467d0d,端,はし,hashi,end (e.g. of street); edge; tip; margin; point,N3,n,1581610,,こっちの端を持っててくれる？,Will you please hold this edge?
74d028f694,始まり,はじまり,hajimari,origin; beginning,N3,n,1611200,,始まりがうまければ半ばうまくいったもおなじ。,Well begun is half done.
242a0bb0ea,パス,パス,pasu,path; pass (in games),N3,n,1101440,,,
54c6e05e14,外す,はずす,hazusu,to unfasten; to remove,N3,v5s; vt,1203270,,私は野球チームから外された。,I was dropped from the baseball team.
c795debc35,パスポート,パスポート,pasupooto,passport,N3,n,1101510,,パスポートを拝見できますか。,"May I see your passport, please?"
847b06de33,旗,はた,hata,flag,N3,n,1220240,,彼は旗を上下に動かした。,He moved the flags up and down.
05e4ce3a94,肌,はだ,hada,skin,N3,n,1476450,,中国の音楽はどうも僕の肌に合わない。,I don't have the feeling for Chinese music in my body.
e512ff0725,裸,はだか,hadaka,naked; nude,N3,n; adj-no,1547600,,子供たちは裸で泳いでいた。,The children were swimming in the altogether.
f4fd9f8f66,畑,はたけ,hatake,field,N3,n,1476520,,春になると畑をほりかえして種をまきます。,"When spring comes, they dig up the fields and plant seeds."
5d26933404,働き,はたらき,hataraki,work; labor,N3,n,1451040,,働きすぎると体によくないだろう。,Working to excess will do you harm.
7a68fa62f5,バッグ,バッグ,baggu,bag; bug,N3,n,1099100,,その男は彼女のバッグを奪った。,The man robbed her of her bag.
b9edd7963b,発見,はっけん,hakken,discovery; detection; finding,N3,n; vs; vt,1477310,,だれがそれを発見したのかと思う。,I wonder who discovered it.
7b2ac42cba,発行,はっこう,hakkou,issue (publications),N3,n; vs; vt,1477390,,この地方新聞は週に１回発行される。,This local newspaper is published once a week.
215a642747,発車,はっしゃ,hassha,departure of a vehicle,N3,n; vs; vi,1477500,,バスは五分後に発車します。,The bus leaves in five minutes.
b57a219b43,罰する,ばっする,bassuru,to punish; to penalize,N3,vs-s; vt,1478080,,どうしてあなたは彼らを罰しているのですか。,What are you punishing them for?
7bf9f0076e,発達,はったつ,hattatsu,development; growth,N3,n; vs; vi,1477680,,水泳は筋肉を発達させる。,Swimming develops our muscles.
1038a70c3e,ばったり,ばったり,battari,with a clash (thud); with a bang; plump; flop,N3,adv; adv-to,1632430,,道でばったり彼女に会いましてね。,I just ran into her on the street.
b5b2724a2f,発展,はってん,hatten,development; growth,N3,n; vs; vi,1477720,,私達の関係が発展することを希望しています。,I hope to see our relationship expand.
738eff46a4,発表,はっぴょう,happyou,announcement; publication,N3,n; vs; vt,1477840,,彼は思いきって意見を発表しない。,He dare not express his opinion.
d9d15cf734,発明,はつめい,hatsumei,invention,N3,n; vs; vt,1477910,,エジソンが電球を発明した。,Edison invented the light bulb.
cc409e931a,話し合う,はなしあう,hanashiau,to discuss; to talk together,N3,v5u; vt,1562310,,ここでその問題について話し合いましょう。,Let's discuss the matter here.
aa0b4f216c,放す,はなす,hanasu,to separate; to set free,N3,v5s; vt,1516460,,その犬はボールを放そうとしなかった。,The dog wouldn't let go of the ball.
156957f2ed,離す,はなす,hanasu,to part; divide; separate,N3,v5s; vt,1550830,,すみません。いま手が離せないんです。,"I'm sorry, I'm busy right now."
0024055e8e,離れる,はなれる,hanareru,to be separated from; to leave; to go away; to be a long way off,N3,v1; vi,1550840,,彼女に愛着があって離れられない。,I am attached to her.
a101c852f4,羽,はね,hane,feather; plume; down,N3,n,1171680,羽根,羽に深い傷を負った小鳥を見つけました。,I found a bird whose wing was severely damaged.
3fe84c43ef,幅,はば,haba,width; breadth,N3,n,1500880,,この川の幅が１マイルある。,This river is one mile across.
0caca661c5,母親,ははおや,hahaoya,mother,N3,n,1515120,,その女の子は彼女の母親と似ている。,The girl resembles her mother.
a38cde5655,省く,はぶく,habuku,to omit; to eliminate; to curtail; to economize,N3,v5k; vt,1351040,,細かい所は省いて構わない。,You may leave out the details.
f7a2ae495f,場面,ばめん,bamen,scene; setting (e.g. of novel),N3,n,1355910,,特にこの場面が好きですねえ。,I like this scene in particular.
3d1e878581,原,はら,hara,field; plain; prairie; tundra; moor; wilderness,N3,n,1261140,,私達がよく野球をして遊んだ原は今すっかり家が建て込んでしまった。,The field where we used to play ball is now all built up.
676b358d1e,腹,はら,hara,abdomen; belly; stomach,N3,n,1501110,,あの人は口と腹が反対だ。,He says one thing and means another.
3e3a15d22b,針,はり,hari,needle; hand (e.g. clock),N3,n,1366210,,変な魚が針にかかっている。,A strange fish is on the hook.
c5af695d0b,張る,はる,haru,to stick; to paste,N3,v5r; vt,1427900,,問題はどこにテントを張るかだった。,The problem was where to set up the tent.
cb012edb7f,バン,バン,ban,bun; van (caravan); VAN (value-added network),N3,n,1100090,,,
7018224dfa,番,ばん,ban,number (in a series),N3,n; n-suf,2022640,,私の自宅の電話番号は市外局番が２０１で１２３ー４５６７番です。,"My home phone number is, area code two-oh-one, one-two-three, four-five-six-seven."
01dda94e77,範囲,はんい,han'i,extent; scope; sphere; range,N3,n,1481890,,それらの範囲や形は不明確である。,Their scope and shape is unclear.
8bc52096d2,反抗,はんこう,hankou,opposition; resistance,N3,n; vs; vi,1480380,,彼らは王様の作った法律に反抗した。,They defied the laws of the king.
5c93fedd45,犯罪,はんざい,hanzai,crime,N3,n,1481590,,戦争は人類に対する犯罪だ。,War is a crime against humanity.
ba9c96795d,ハンサム,ハンサム,hansamu,handsome,N3,adj-na,1096560,,あのハンサムな男の子を見て。,Look at that good-looking boy.
3b88931b34,判断,はんだん,handan,judgement; decision,N3,n; vs; vt,1478620,,私は君の判断を尊重する。,I defer to your judgement.
bd0d639908,犯人,はんにん,hannin,offender; criminal,N3,n,1481630,,その犯人はまだつかまっていない。,The criminal is still at large.
f568334fa2,販売,はんばい,hanbai,sale; selling; marketing,N3,n; vs; vt,1481800,,その報告は販売に関しては思わしくない。,The report is not encouraging sales wise.
de6ed799d8,灯,ひ,hi,light,N3,n,1582290,,窓に灯がともっていた。,There was a light burning in the window.
240d8ef155,ビール,ビール,biiru,beer,N3,n,2796520,,このビールはアルコール分が５％だ。,This beer contains 5% alcohol.
b2dc319b19,被害,ひがい,higai,damage,N3,n,1484350,,台風は多大の被害を与えた。,The typhoon has done much harm.
34372f5e76,比較,ひかく,hikaku,comparison,N3,n; vs; vt,1483560,,あなたの答えとトムの答えと比較しなさい。,Compare your answer with Tom's.
c33ec335f7,轢く,ひく,hiku,to run somebody over (with vehicle); to knock someone down,N3,v5k; vt,1612920,,その犬は車にひかれた。,The dog was run over by a car.
f1f3f6775d,ピクニック,ピクニック,pikunikku,picnic,N3,n,1106530,,いっしょにピクニックに行きませんか。,Will you go on a picnic with me?
65f02872e4,悲劇,ひげき,higeki,tragedy,N3,n,1483280,,すべての悲劇は死で終わる。,All tragedies end with a death.
c62c71907b,飛行,ひこう,hikou,aviation,N3,n; vs; vi,1485450,,彼女は初めての飛行にたいへん神経質になっていた。,She was quite nervous about her first flight.
908a7a4f49,膝,ひざ,hiza,knee; lap,N3,n,1487320,,水は私のひざの高さだった。,The water came up to my knees.
b0073ea226,非常,ひじょう,hijou,emergency; extraordinary; unusual,N3,adj-na,1484920,,非常の場合は警察を呼びなさい。,Call the police in an emergency.
1b93a0f3b9,美人,びじん,bijin,beautiful person (woman),N3,n,1486530,,スミス夫人は美人で有名だった。,Mrs. Smith was a famous beauty.
44862c8e57,びっくり,びっくり,bikkuri,be surprised; be amazed; be frightened; astonishment,N3,vs; vi; adv,1226360,,彼はびっくりして彼女を見つめた。,He stared at her in astonishment.
91d73df989,日付,ひづけ,hizuke,date; dating,N3,n,1464340,,その手紙の日付はいつですか。,What's the date of the letter?
b52e17197f,必死,ひっし,hisshi,inevitable death; desperation; frantic; inevitable result,N3,n,1601890,,学生は当然必死に勉強するはずだ。,Students are supposed to study hard.
1bd65d97c5,ぴったり,ぴったり,pittari,exactly; neatly; sharp,N3,adv; adv-to; vs,1010900,,彼女は夫のそばにぴったり寄り添っていた。,She stood close to her husband.
b94c212dad,引っ張る,ひっぱる,hipparu,to pull; to draw; to stretch; to drag; to pull the ball (baseball),N3,v5r; vt,1601900,,この生地は引っ張るとすぐ伸びる。,This material stretches easily.
0422a82e00,否定,ひてい,hitei,negation; denial; repudiation,N3,n; vs; vt,1482990,,彼女はそこへ行くことを否定した。,She denied having been there.
16c5e91008,ビデオ,ビデオ,bideo,video,N3,n,1105360,,ビデオで映画を見ました。,I watched a movie on video.
df6f68109a,一言,ひとこと,hitokoto,single word,N3,n; vs; vt; vi,1575990,,一言で言えば、彼は馬鹿だと思います。,"In a word, I think he's a fool."
5ac7d3cf22,人込み,ひとごみ,hitogomi,crowd of people,N3,n,1367680,,私は人込みを割って前進した。,I made my way through the crowd.
71f52e4f3e,等しい,ひとしい,hitoshii,equal,N3,adj-i,1449330,,１ヤードは３フィートに等しい。,A yard is equal to three feet.
5cc54de84b,独り,ひとり,hitori,alone; unmarried,N3,n,1576150,,私は一人の弟がいます。,I have one brother.
f675c4ff49,一人一人,ひとりひとり,hitorihitori,one by one; each; one at a time,N3,adv; n,1612530,,メイドは客を一人一人大声でとりついた。,The maid announced each guest.
d7032c88c5,批判,ひはん,hihan,criticism; judgement; comment,N3,n; vs; vt,1483420,,彼の批判は非常に厳しかった。,His criticisms were very severe.
6997e916e3,批評,ひひょう,hihyou,criticism; review; commentary,N3,n; vs; vt,1483440,,先生は学生たちの作文を批評した。,The teacher criticized his students' compositions.
c3d0c7fa43,秘密,ひみつ,himitsu,secret; secrecy,N3,n; adj-na; adj-no,1484150,,私は彼女に取り入ってうまく秘密を聞き出した。,I charmed a secret out of her.
233a387b5d,微妙,びみょう,bimyou,delicate; subtle,N3,adj-na; n,1486170,,その２つの絵には微妙な違いがある。,There are subtle differences between the two pictures.
dee0d769c7,紐,ひも,himo,string; cord; pimp,N3,n,1487970,,ほら、靴の紐がほどけているよ。,"Look, your shoelaces have come undone."
ae29f467bd,表,ひょう,hyou,table (e.g. Tab 1); chart; list,N3,n; n-suf,1489350,,この表から食べたいものを選べます。,You may choose what to eat from this list.
d684a35bd1,費用,ひよう,hiyou,cost; expense,N3,n,1484620,,諸設備の費用は払っていただきます。,You have to pay for utilities.
38664919d1,秒,びょう,byou,second (60th min),N3,n,1490430,,私の時計は１日に５秒進みます。,My watch gains five seconds a day.
e53de06680,評価,ひょうか,hyouka,valuation; estimation; assessment; evaluation,N3,n; vs; vt,1490010,,母親は評価してもらえないことがよくある。,Mothers are often not appreciated.
4ad9f1ce23,表現,ひょうげん,hyougen,expression; presentation; representation (math),N3,n; vs; vt,1489510,,人は言葉によって考えを表現する。,We express our thoughts by means of words.
58e01c0b72,表情,ひょうじょう,hyoujou,facial expression,N3,n,1489700,,彼の頭がさっと怒りの表情に変わるのを見た。,I saw his face switch to anger.
614bded84d,平等,びょうどう,byoudou,equality (a); impartiality; evenness,N3,n; adj-na; adj-no,1507670,,法のもとではすべての人は平等だ。,All men are equal under the law.
32b3f86071,評判,ひょうばん,hyouban,fame; reputation; popularity; arrant,N3,n; adj-no,1490070,,スキャンダルで会社の評判が落ちた。,The scandal hurt the company's reputation.
82a95bb809,表面,ひょうめん,hyoumen,surface; outside; face; appearance,N3,n; adj-no,1489880,,突然の風で池の表面が波立った。,A sudden wind agitated the surface of the pond.
05550395ae,広がる,ひろがる,hirogaru,to spread (out); to extend; to stretch; to reach to; to get around,N3,v5r; vi,1602360,,うわさは四方八方に広がった。,The rumor spread far and wide.
1ea7451e69,瓶,びん,bin,bottle,N3,n,1491120,,使用する前に瓶を振ってください。,Shake the bottle before using.
526233614e,便,びん,bin,flight (e.g. airline flight); trip (e.g. train trip); sailing (e.g. ferry voyage); service,N3,n; n-suf,1512360,,東京行きは一日に何便ありますか。,How many flights to Tokyo do you offer a day?
18ce3e646d,ピン,ピン,pin,pin,N3,n,1107060,,,
41e221bc4d,不,ふ,fu,un; non; negative prefix,N3,pref,1922780,,,
b806544195,不安,ふあん,fuan,anxiety; uneasiness; insecurity; suspense,N3,n; adj-na,1491150,,その知らせで彼の不安が増した。,The news added to his anxiety.
360b70b61d,風景,ふうけい,fuukei,scenery,N3,n; adj-no,1499830,,とても美しい風景がいくつかありました。,I saw some very beautiful scenes.
3146d2f2ac,夫婦,ふうふ,fuufu,married couple; husband and wife,N3,n,1583640,,ご夫婦でお越しください。,Please come over with your wife.
0dbafbe052,笛,ふえ,fue,flute; pipe,N3,n,1437310,,ゲームの開始には笛が吹かれる。,A whistle is blown at the start of a game.
089623da2c,不可,ふか,fuka,wrong; bad; improper; unjustifiable; inadvisable,N3,adj-no; adj-na; n; n-suf,1491370,,それは可でもなく不可でもなしというところだ。,It is neither good nor bad.
e4b01b085c,武器,ぶき,buki,weapon; arms; ordinance,N3,n,1498460,,彼らはより強力な武器を作った。,They made more powerful arms.
620d3a74b1,服装,ふくそう,fukusou,garments,N3,n,1500970,,あなたは服装の趣味がいい。,You have good taste in clothes.
3dd04815d8,含む,ふくむ,fukumu,to hold in the mouth; to bear in mind,N3,v5m; vt,1216880,,英国本土はウェールズを含まない。,England proper does not include Wales.
b0b2986a8e,袋,ふくろ,fukuro,bag; sack,N3,n,1411070,,それを持ち運べる袋が欲しい。,I need a bag to carry it in.
85e259586a,不幸,ふこう,fukou,unhappiness; sorrow; misfortune; disaster; accident; death,N3,n; adj-na,1492350,,それで余計に彼は不幸になった。,That added to his unhappiness.
f898b4b8d2,節,ふし,fushi,tune; tone; knot; knob; point,N3,n,1386160,,彼には加古川の人を軽蔑しているふしがある。,He seems to hold people from Kakogawa in contempt.
b7bd2b9ad8,無事,ぶじ,buji,safety; peace; quietness,N3,n; adj-na,1530030,,彼が無事に戻るという望みはない。,There is no hope of his coming back safe.
692f5c5fae,不思議,ふしぎ,fushigi,mystery; curiosity,N3,adj-na; n,1492570,,この刀には不思議ないわれがある。,This sword has a strange history.
6ee6c57219,不自由,ふじゆう,fujiyuu,discomfort; disability; inconvenience; destitution,N3,n; adj-na; vs; vi,1492680,,彼らは何一つ不自由なものはなかった。,They lacked for nothing.
05eba33435,夫人,ふじん,fujin,wife; Mrs; madam,N3,n; n-suf,1496540,,ヤング夫人は、私が突然訪ねても気にしないでしょう。,Mrs. Young wouldn't mind my dropping in on her unexpectedly.
d60c9a1ed3,婦人,ふじん,fujin,woman; female,N3,n,1496670,,あなたに面会したいという婦人がいます。,There's a lady asking for you.
a221781150,不正,ふせい,fusei,injustice; unfairness,N3,n; adj-na; adj-no,1493370,,不正には抗議せざるをえない。,You must speak out against injustice.
a2dd9b9c3f,防ぐ,ふせぐ,fusegu,to defend (against); to protect; to prevent,N3,v5g; vt,1520190,,何としても戦争は防がねばならない。,We must prevent war at any cost.
070cf68b21,不足,ふそく,fusoku,insufficiency; shortage; deficiency; lack; dearth,N3,n; vs; vi; adj-na,1493700,,私達は商品の不足を心配している。,We are concerned about the shortage of the commodities.
2e83a59cd5,舞台,ぶたい,butai,stage (theatre),N3,n,1499150,,その物語の舞台は明治末期の日本である。,The setting of the story is Japan in the late Meiji period.
3303a98af1,双子,ふたご,futago,twins; a twin,N3,n,1398750,,その双子は全くよく似ている。,The twins are very much alike.
02a74abcd0,再び,ふたたび,futatabi,again; once more; a second time,N3,adv,1292300,,そのようなことが再び起こりうるだろうか。,Can such a thing happen again?
38272461d1,普段,ふだん,fudan,usually; habitually; ordinarily; always,N3,n; adv,1497180,,私は普段バスで通学しています。,I usually go to school by bus.
7f83598742,縁,ふち,fuchi,rim; brim; edge; brink,N3,n,1177500,,彼らは水瓶を縁まで一杯にした。,They filled the jug to the brim.
08fb4b13c1,打つ,ぶつ,butsu,to hit; to strike,N3,v5t; vt,1408815,,ぶたれて耳鳴りがした。,My ears were ringing from being beaten.
94b721726e,物価,ぶっか,bukka,prices of commodities; prices (in general),N3,n,1502430,,物価はまもなく下がるはずだ。,Prices ought to come down soon.
aee461222c,物質,ぶっしつ,busshitsu,material; substance,N3,n,1502560,,その物質は酸で処理しなければならない。,The substance must be treated with acid.
97ccdb5cad,物理,ぶつり,butsuri,physics,N3,n,1502790,,物理は私の好きな科目だ。,Physics is my favorite subject.
68dbed6140,筆,ふで,fude,writing brush,N3,n,1487770,,仕上げの筆を少し加える。,I add a few finishing touches.
347f2ce155,ふと,ふと,futo,suddenly; casually; accidentally; incidentally; unexpectedly; unintentionally,N3,adv,1493240,,,
144ace6a3f,船,ふね,fune,ship; boat; watercraft; shipping; vessel; steamship,N3,n,1602800,,彼らは船を岸に引き上げた。,They drew their boat on the beach.
8e9d8bfa84,部分,ぶぶん,bubun,portion; section; part,N3,n,1499490,,パズルのここの部分が仕上がらない。,I can't finish this part of the puzzle.
8f103ca6a0,不平,ふへい,fuhei,complaint; discontent; dissatisfaction,N3,n; adj-no; adj-na,1494790,,君はいつも不平を言っている。,You are always complaining.
3a612acbee,不満,ふまん,fuman,dissatisfaction; displeasure; discontent; complaints; unhappiness,N3,n; adj-na,1494970,,何がそんなに不満ですか。,What made you so dissatisfied?
3fecda87cd,プラス,プラス,purasu,plus,N3,n; vs; vt; conj; pref; suf,1115630,,こうしたら君のプラスになる。,"If you do that, it will help you."
e351a6f3de,プラン,プラン,puran,plan,N3,n,1115900,,このプランはみんなに満足がいくものです。,This plan is acceptable to all.
133caaa87a,不利,ふり,furi,disadvantage; handicap; unfavorable; drawback,N3,n; adj-na,1495220,,背が高くないことは不利ではない。,Not being tall isn't a disadvantage.
f63274b0b2,振る,ふる,furu,to wave; to shake; to swing; to sprinkle; to cast (actor); to allocate (work),N3,v5r; vt,1361330,,私は頭を数回振った。,I shook my head a few times.
29031b2ba5,震える,ふるえる,furueru,to shiver; to shake; to quake,N3,v1; vi,1366310,,少年は物音に震えた。,The boy quivered at the sound.
24fa33d1a4,ブレーキ,ブレーキ,bureeki,a brake,N3,n,1114640,,彼は急にブレーキに足をかけた。,He put his foot on the brake suddenly.
42ce4a629d,触れる,ふれる,fureru,"to touch; to be touched; to touch on a subject; to feel; to violate (law, copyright, etc.); to perceive",N3,v1; vi,1357990,,何かが足に触れるのを感じた。,I felt something touch my feet.
9cb4c24f0c,プロ,プロ,puro,professional,N3,n; adj-no,1117030,,あなたはプロだが私はアマチュアだ。,"You are a professional, but I am an amateur."
3c5ff54bea,分,ぶん,bun,dividing; part,N3,n; n-suf,1502860,,このビールはアルコール分が５％だ。,This beer contains 5% alcohol.
39b0ac16ca,文,ぶん,bun,sentence,N3,n,1505090,,文は武に勝る。,The pen is mightier than the sword.
a12218e8ea,雰囲気,ふんいき,fun'iki,atmosphere (e.g. musical); mood; ambience,N3,n,1505070,,このレストランの雰囲気が好き。,I like the atmosphere of this restaurant.
b393ad2814,分析,ぶんせき,bunseki,analysis,N3,n; vs; vt,1503870,,私はあなたの分析に全く賛成です。,I am quite in agreement with your analysis.
56e2434245,文明,ぶんめい,bunmei,civilization; culture,N3,n,1505650,,１９世紀は白人文明の時代だった。,The nineteenth century was the age of the white man's civilization.
e3be9063f5,分野,ぶんや,bun'ya,field; sphere; realm; division; branch,N3,n,1504330,,彼はこの分野では草分けだ。,He is a trailblazer in this field.
5083117601,塀,へい,hei,wall; fence,N3,n,1506870,,家の周りに塀が立っている。,A fence runs around the house.
5874850a67,平均,へいきん,heikin,equilibrium; balance; average; mean,N3,n; vs; vt,1583870,,今年の冬は気温が平均以上だ。,The temperature is above average this winter.
98a4d36edd,平和,へいわ,heiwa,peace; harmony,N3,n; adj-na,1508070,,ハトは平和のシンボルである。,The dove is a symbol of peace.
91695e543a,別に,べつに,betsuni,(not) particularly; nothing,N3,adv,1509480,,ソースを別にください。,I'd like the sauce on the side.
a054bbbb20,減らす,へらす,herasu,to abate; to decrease; to diminish; to shorten,N3,v5s; vt,1263110,,ジョギングでもして体重を減らすようにしなさい。,Try to lose weight by jogging.
b459e9db8c,減る,へる,heru,to decrease (in size or number); to diminish; to abate,N3,v5r; vi,1263120,へる,会員は５人に減った。,The number of members decreased to five.
44edce4345,ベルト,ベルト,beruto,Belt for western clothes,N3,n,1120070,,彼女は腰に革のベルトをしている。,She is wearing a leather belt around her waist.
eac8dadcd3,変化,へんか,henka,change; variation; alteration; mutation,N3,n; vs; vi,1510890,,この動詞の変化を言えますか。,Can you conjugate this verb?
525af6640e,ペンキ,ペンキ,penki,paint (nl: pek),N3,n,1121390,,アクリル性のペンキを使いなさい。,Use acrylic paint.
136adbc360,変更,へんこう,henkou,change; modification; alteration,N3,n; vs; vt,1511040,,その規則は絶対変更できない。,The rule is utterly inflexible.
b696809e2d,ベンチ,ベンチ,benchi,bench,N3,n,1120280,,私たちは公園のベンチに座った。,We sat on the bench in the park.
0e79e4a9e2,弁当,べんとう,bentou,box lunch,N3,n,1513060,,私たちは学校で早めに弁当を食べた。,We had an early lunch at school.
9dda296d47,方,ほう,hou,side,N3,n,1516930,,ジョンの方が二人のうちで背が高い。,John is the taller of the two.
e7344aa7e1,法,ほう,hou,Act (law: the X Act),N3,n; n-suf,1517150,,すべての人は法の前に平等です。,Everybody is equal before the law.
b780931140,棒,ぼう,bou,pole; rod; stick,N3,n,1519750,,この棒は先がとがっている。,This pole is sharp at the end.
d6ee5e0b7d,冒険,ぼうけん,bouken,risk; venture; adventure,N3,n; vs; vi,1519830,,何の冒険もしないなら、何も得られない。,"Nothing ventured, nothing gained."
fcbac4861d,方向,ほうこう,houkou,direction; course; way,N3,n,1516990,,チーズの棚はどちらの方向にありますか。,Which way is the cheese shelf?
88fc5e477e,報告,ほうこく,houkoku,report; information,N3,n; vs; vt,1515670,,彼の報告は本当には思えない。,His report does not sound true.
cd34099f98,宝石,ほうせき,houseki,gem; jewel,N3,n,1516220,,彼は宝石を盗んだといわれている。,He is alleged to have stolen the jewelry.
f5a2f8eace,豊富,ほうふ,houfu,abundance; wealth; plenty; bounty,N3,adj-na; n,1518180,,その国は石油が豊富である。,Oil is abundant in that country.
edba4848b0,方法,ほうほう,houhou,method; manner; way; means; technique,N3,n,1517090,,これが、私が英語を勉強した方法だ。,This is how I learned English.
9ae027f872,訪問,ほうもん,houmon,call; visit,N3,n; vs; vt; adj-no,1518120,,私はあなたを訪問するつもりだったができなかった。,I meant to have called on you.
98d2fa2ac3,吠える,ほえる,hoeru,to bark; to bay; to howl; to bellow; to roar; to cry,N3,v1; vi,1603420,,犬が郵便屋さんに吠えた。,The dog barked at the mailman.
00b4506e25,ボーイ,ボーイ,booi,boy,N3,n,1123230,,ボーイさん、コーヒー３つください。,"Waiter, three coffees, please."
b86c6df29f,ボート,ボート,booto,rowing boat,N3,n,1123440,,橋の上流に私はボートを見た。,I saw a boat above the bridge.
e11ef6d7e3,ホーム,ホーム,hoomu,platform; home,N3,n,1121740,,,
38dd5eb4a0,ボール,ボール,booru,ball; bowl,N3,n,1123550,,,
02dfedfddc,誇り,ほこり,hokori,pride,N3,n,1267740,,母は私を誇りに思うとよく言った。,Mother often said that she was proud of me.
e8c040a956,埃,ほこり,hokori,dust,N3,n,1565750,,彼女はほこりを払った。,She brushed away the dust.
33602d086e,保証,ほしょう,hoshou,guarantee; security; assurance; pledge; warranty,N3,n; vs; vt,1603500,,彼女の誠実さは私が保証します。,You have my word on her sincerity.
fc2460d6aa,保存,ほぞん,hozon,preservation; conservation; storage; maintenance,N3,n; vs; vt,1513940,,外付けのハードディスクに保存しといて。,Save it on the external hard drive.
2d670c3944,歩道,ほどう,hodou,footpath; walkway; sidewalk,N3,n,1514420,,歩道にお金が落ちていた。,I found a coin on the sidewalk.
b1358dbe27,仏,ほとけ,hotoke,Buddha; merciful person; Buddhist image; the dead,N3,n,1501760,,あの人は仏のような人だ。,He is a saint of a man.
bd7dce62ae,骨,ほね,hone,bone,N3,n,1288550,,骨の折れる仕事をしてくたくただ。,I'm worn out by the hard work.
2afa66abdb,炎,ほのお,honoo,flame,N3,n,1177070,,その少女は炎を見て悲鳴を上げた。,The girl screamed when she saw the flames.
867e9165fc,頬,ほほ,hoho,cheek (of face),N3,n,1584160,,涙が彼女の頬を伝って流れた。,Tears trickled down her cheeks.
fa769c0e9b,ほぼ,ほぼ,hobo,almost; roughly; approximately,N3,adv,1551940,,,
702cecd159,微笑む,ほほえむ,hohoemu,to smile,N3,v5m; vi,1486030,,私は赤ちゃんを見ると微笑まずにはいられない。,I cannot help smiling at babies.
1151601f8e,濠,ほり,hori,moat,N3,n,1522060,,,
3f544e7ada,本人,ほんにん,honnin,the person himself,N3,n,1522750,,あなた本人が彼女に話さなければならない。,You must talk to her in person.
3067b8986a,本物,ほんもの,honmono,genuine article,N3,n; adj-no,1523180,,これは本物のダイヤではないかもしれない。,This may not be a real diamond.
20410e72ff,ぼんやり,ぼんやり,bon'yari,absent-minded; block-head; dim; faint; vague,N3,adv; adv-to; vs,1011920,,遠くにぼんやりした明かりが見えた。,We saw a dim light in the distance.
8421f715e7,間,ま,ma,space; room; time; pause,N3,n,1215240,,鬼の居ぬ間に洗濯。,"When the cat is away, the mice will play."
440279fbf1,まあ,まあ,maa,(female) you might say,N3,adv,1012050,,彼はまあ５万円ばかり持っているね。,"He has, say, fifty thousand yen."
ea7888aea6,マーケット,マーケット,maaketto,market,N3,n,1126190,,マーケットが開いたとたんに火事がおきた。,Scarcely had the market opened when the fire broke out.
97ddf0dc45,マイク,マイク,maiku,mike,N3,n,1126590,,さっきなぜかマイクが入らなかった。,For some reason the microphone didn't work earlier.
6262822f7e,迷子,まいご,maigo,lost (stray) child,N3,n,1532750,,彼らはみんなで迷子を探した。,They all sought for the lost child.
da87fe49d1,任せる,まかせる,makaseru,to entrust to another; to leave to,N3,v1; vt,1467150,,最終決定は彼に任せた。,We left the final decision to him.
b08a90a19e,幕,まく,maku,curtain; bunting; act (in play),N3,n; ctr,1524750,,音楽会は国歌で幕となった。,The concert concluded with the national anthem.
190905e79b,負け,まけ,make,defeat; loss; losing (a game),N3,n,1497960,,どっちに転んでも君の負けだよ。,"Either way, you lose."
e008354e7b,孫,まご,mago,grandchild,N3,n,1406230,,彼は孫への愛におぼれている。,He dotes on his grandson.
524a699a99,まさか,まさか,masaka,by no means,N3,int,1363540,,まさか彼に会えるとは思わなかった。,He was the last person I expected to see.
379f6158b5,まさに,まさに,masani,correctly; surely,N3,adv,1376640,正に,あなたの電話が鳴ったときまさに出かけようとするところだった。,I was about to leave when you telephoned.
6a1d67f659,増す,ます,masu,to increase; to grow,N3,v5s; vi; vt,1403120,,その知らせで彼の不安が増した。,The news added to his anxiety.
b718c116a2,貧しい,まずしい,mazushii,poor; needy,N3,adj-i,1490740,,われわれは貧しい人あざ笑ってはいけない。,We must not laugh at the poor.
363e985c77,マスター,マスター,masutaa,"proprietor; manager; barowner; master (e.g. arts, science)",N3,n,1127970,,１、２年でマスターするのは難しい。,It is hard to master it in a year or two.
f1bbdd1149,ますます,ますます,masumasu,increasingly; more and more,N3,adv,1603950,益々,われわれは彼をますます尊敬した。,We respected him all the more.
f91eb72b15,街,まち,machi,town; street; road,N3,n,1603990,,町が一面すっぽり雪をかぶった。,Snow completely covered the town.
bcc0ebf62f,間違い,まちがい,machigai,mistake,N3,n,1215320,,この本は間違いだらけだ。,This book is full of mistakes.
3f423a01da,松,まつ,matsu,pine tree; highest (of a three-tier ranking system),N3,n,1349860,,彼の家の前には松の木が立っている。,A pine stands in front of his house.
ec9831dc0c,真っ赤,まっか,makka,deep red; flushed (of face),N3,adj-na; n,1363250,,そいつは真っ赤なうそだ。,That's a blessed lie.
2eb5b8f659,全く,まったく,mattaku,really; truly; entirely; completely,N3,adv; adj-no,1394800,,彼女は料理のことは全く知らない。,She is quite ignorant of cooking.
c53570cabd,祭,まつり,matsuri,festival; feast,N3,n,1604130,,その祭りはつまらないどころではありませんでした。,The festival was far from dull.
8208cbb873,学ぶ,まなぶ,manabu,to study (in depth); to learn; to take lessons in,N3,v5b; vt,1206530,,いくつになっても学ぶことはある。,One is never too old to learn.
59b359ba79,真似,まね,mane,mimicry; imitation; behavior; pretense,N3,n; vs; vt; vi,1363740,,この鳥は人の声を真似できるんだ。,This bird can imitate the human voice.
19edd800f0,招く,まねく,maneku,to invite,N3,v5k; vt,1349590,,私の誤りは彼の怒りを招いた。,My mistake incurred his anger.
3efa32e22e,ママ,ママ,mama,Mama,N3,n,1129240,,台所でママのお手伝いをしたの。,I helped Mommy in the kitchen.
4f949d1f9d,豆,まめ,mame,beans; peas,N3,n,1450030,,チョコレートはココアの豆から作られる。,Chocolate is made from cocoa beans.
b517bb8180,守る,まもる,mamoru,to protect; to obey; to guard; to abide (by the rules),N3,v5r; vt,1327120,,いったん約束したのであれば、守らなければならない。,"Once you have made a promise, you must keep it."
070c3ea238,丸,まる,maru,circle; full (month); perfection; purity; suffix for ship names,N3,suf,1216250,,今日から丸１日お願いします。,For a full day from today please.
b556900c26,まるで,まるで,marude,quite; entirely; completely,N3,adv,1216280,,彼女は私の計画にはまるで反対だ。,She has a strong objection to my plan.
c3d0f24680,回す,まわす,mawasu,to turn; to revolve,N3,v5s; vt,1199350,,トムさん，モーターを回してください。,"Please start up the motor, Tom."
59d7b934c6,回り,まわり,mawari,circumference; surroundings; circulation,N3,n,2800530,,私たちは先生の回りに集まった。,We grouped ourselves round our teacher.
abbd37156d,万一,まんいち,man'ichi,by some chance; by some possibility; if by any chance,N3,adv; adj-no,1525780,,万一彼がこちらへきたらすぐ知らせます。,"If by any chance he comes here, I'll let you know at once."
a4f0b205a3,満足,まんぞく,manzoku,satisfaction,N3,n; adj-na; vs; vt; vi,1526860,,彼は努めて雇い主を満足させようとした。,He was zealous in satisfying his employer.
ad70550f9b,実,み,mi,fruit; nut; seed; content; good result,N3,n,1320810,,木は果実のみの重さでたわんだ。,The tree bent down beneath their weight of fruit.
6ebe370c91,身,み,mi,body; main part; oneself; sword,N3,n,1365520,,重労働は彼の身にこたえはじめた。,The hard work began to tell on him.
604e1446f4,見送り,みおくり,miokuri,seeing one off; farewell; escort,N3,n,1259820,,私は空港へ母を見送りに行った。,I went to the airport to see my mother off.
8e820edd3b,味方,みかた,mikata,friend; ally; supporter,N3,n; adj-no,1527070,,彼は当然私の味方になると思った。,I took it for granted that he would stand by me.
ace0cb1202,見事,みごと,migoto,splendid; magnificent; beautiful; admirable,N3,adj-na; adv,1259620,,彼のスイングは実に見事だ。,He has a perfect swing.
62682a6308,ミス,ミス,misu,"miss (mistake, error, failure); Miss",N3,n; vs; vi; vt,1130650,,,
38321ff824,満ちる,みちる,michiru,to be full; to rise (tide); to mature; to expire,N3,v1; vi,1604540,,若者はたいてい活気に満ちている。,Young people are usually full of energy.
0d0c754a74,密,みつ,mitsu,dense; thick; crowded,N3,adj-na; n,2014380,,からだ全体が密に毛でおおわれている。,The entire body is densely covered with hair.
e086a9e024,認める,みとめる,mitomeru,to recognize; to appreciate; to approve; to admit; to notice,N3,v1; vt,1467530,,このお願いをお認めいただけましたら幸いです。,I would be grateful for your approval of this request.
89acdd2f72,見舞い,みまい,mimai,enquiry; expression of sympathy; expression of concern,N3,n,1604690,見舞,あなたが病気だと知っていたら、病院へ見舞いに行っただろう。,"If I had known about your illness, I would have visited you in the hospital."
8fb52e4502,土産,みやげ,miyage,present; souvenir,N3,n,1445360,,これは友人への土産です。,These are gifts for my friends.
c4956951f6,都,みやこ,miyako,capital,N3,n,1444950,,ロンドンはもはや霧の都ではない。,London is no longer a city of fog.
3b5d6e485c,妙,みょう,myou,strange; unusual,N3,adj-na; n,1528490,,彼は生徒を教える事に妙をえている。,He is skillful in teaching pupils.
1938fb6bcb,明後日,みょうごにち,myougonichi,day after tomorrow,N3,n; adv,1584640,,明後日雨が降れば、私は家にいます。,If it rains the day after tomorrow I'll be inside.
246fc4acb8,未来,みらい,mirai,"future (life, tense)",N3,n,1528060,,あなたの未来に乾杯！,To your future!
dcdfb791b5,魅力,みりょく,miryoku,charm; fascination; glamour,N3,n,1528150,,彼女の魅力はうまく表現できない。,Her charm is beyond description.
f3143300d0,ミルク,ミルク,miruku,milk,N3,n,1131990,,このコップをミルクで満たした。,I filled this glass with milk.
bd67aff522,無,む,mu,nothing; naught; nil; zero,N3,n,1956960,,無から有は生じない。,Nothing comes from nothing.
ea28b7880a,向かい,むかい,mukai,facing; opposite; across the street; other side,N3,n; adj-no,1604750,,その店は通りの向かいにあります。,The store is across the street.
934da0daf8,迎え,むかえ,mukae,meeting; person sent to pick up an arrival,N3,n,1253180,,そこにいて下さい。迎えに行きますから。,Stay put. I'll come and get you.
98c8318e58,向く,むく,muku,to face,N3,v5k; vt; vi,1277080,,ついそちらに足が向いてしまう。,I often feel like just going over there.
b8dac563a6,向ける,むける,mukeru,to turn towards; to point,N3,v1; vt,1277100,,今度の土曜日の朝、シカゴに向けて出発します。,I'm leaving for Chicago next Saturday morning.
e866d19dae,無視,むし,mushi,disregard; ignore,N3,n; vs; vt,1530020,,彼女は私の警告をすべて無視した。,She ignored all my warnings.
be007a1109,虫歯,むしば,mushiba,cavity; tooth decay; decayed tooth; caries,N3,n,1604850,,どうも虫歯のようです。,I think I have a decayed tooth.
060e802c68,寧ろ,むしろ,mushiro,rather; better; instead,N3,adv,1604870,,今日はむしろ外出したくない。,I would rather not go out today.
53d0381de5,結ぶ,むすぶ,musubu,to tie; to bind; to link,N3,v5b; vt,1254670,,彼らは都市を鉄道で結ぶことを計画中だ。,They are planning to connect the cities with a railroad.
a07884c182,無駄,むだ,muda,futility; uselessness,N3,n; adj-na,1530510,,私をあざむこうとしてもむだです。,It is no use trying to deceive me.
a6c8fd99d7,夢中,むちゅう,muchuu,daze; (in a) trance; ecstasy; delirium; engrossment,N3,n; adj-na,1529500,,私は、うれしくて夢中だった。,I was beside myself with joy.
eb85283cf4,胸,むね,mune,breast; chest,N3,n,1237820,,名前を呼ばれて胸がどきどきした。,My heart beat when I heard my name called.
bd59d43a89,無料,むりょう,muryou,free; no charge,N3,adj-no; n,1531040,,こちらのパンフレットは無料です。,This pamphlet is free of charge.
1357988d61,芽,め,me,sprout,N3,n,1197710,,やっとチューリップが芽を出した。,The tulips budded finally.
1be11a9bbe,明確,めいかく,meikaku,clear up; clarify; define,N3,adj-na,1532410,,この語を明確に定義できますか。,Can you clearly define this word?
7bd7d687fa,命じる,めいじる,meijiru,to order; to command; to appoint,N3,v1; vt,1531950,,キャプテンは静かにするように命じた。,The captain commanded silence.
37126e35d7,名人,めいじん,meijin,master; expert,N3,n,1531680,,彼女の夫は料理の名人なのだ。,Her husband is an excellent cook.
f523e4118d,命令,めいれい,meirei,order; command; decree; directive; (software) instruction,N3,n; vs; vt,1532160,,彼は私に起立するように命令した。,He ordered me to stand up.
c6c155ada8,迷惑,めいわく,meiwaku,trouble; bother; annoyance,N3,n; adj-na,1532800,,迷惑にならないようにしなさい。,Never make a nuisance of yourself.
ba21b41503,飯,めし,meshi,(slang) meals; food,N3,n,1482010,,とにかくメシ・・・といきたいところだが、その前に用を足すことにした。,"Anyhow, lunch ... is where I wanted to go but I decided to go to the toilet first."
24e21e954d,滅多に,めったに,mettani,rarely (with neg. verb); seldom,N3,adv,1612000,,今、私はめったに映画を見に行きません。,Now I seldom go to the movies.
c13f4ea321,メモ,メモ,memo,memorandum,N3,n; vs; vt,1133830,,私の電話番号をメモしましたか。,Did you note down my phone number?
9fbf209387,綿,めん,men,cotton; padding,N3,n,1533330,,この綿のシャツは洗濯がよく効く。,This cotton shirt washes well.
c40902d092,面,めん,men,face; mug; surface; facial features; mask; face guard; side or facet; corner; page,N3,n,1584695,,その男はトラの面をかぶっていた。,The man wore a mask of a tiger.
6b165e8a57,免許,めんきょ,menkyo,license; permit; licence; certificate,N3,n; vs; vt,1533130,,やっと免許が取れました。,I got a driver's license at last.
3c5dcce6bf,面倒,めんどう,mendou,trouble; difficulty; care; attention,N3,n; adj-na,1533550,,おじはいつも私たちの面倒をよくみてくれた。,My uncle always did well by us.
df62e316d7,メンバー,メンバー,menbaa,member,N3,n,1134370,,ボーリングに行くなら私をメンバーからはずしておいて。,Count me out if you go bowling.
7b4c98a742,申し込む,もうしこむ,moushikomu,to apply for; to make an application,N3,v5m; vt,1362890,,あなたはあの勤め口に申し込むべきだ。,You should apply for that post.
b687c34ed5,申し訳,もうしわけ,moushiwake,apology; excuse,N3,n; vs,1363050,,申しわけありませんが、その情報はお教えできません。,We are sorry to say that we cannot give you that information.
b83a39027b,毛布,もうふ,moufu,blanket,N3,n,1533950,,ケンは毛布を二つに畳んだ。,Ken folded the blanket in half.
b8f720cf6d,燃える,もえる,moeru,to burn,N3,v1; vi,1469570,,火がぼんぼん燃えている。,The fire is burning furiously.
0440a8bd4f,目的,もくてき,mokuteki,purpose; goal; aim; objective; intention,N3,n,1535560,,彼の目的はそのテストに合格することです。,His object is to pass the test.
5a93587f3a,目標,もくひょう,mokuhyou,mark; objective; target,N3,n,1535650,,売れ行きは目標に達しなかった。,Sales fell short of their goal.
2b9cc873fb,木曜,もくよう,mokuyou,Thursday,N3,n,1534880,,木曜の夜はビールが無料なのです。,Thursday night is free beer night.
2ec7e341be,文字,もじ,moji,letter (of alphabet); character,N3,n,1505390,,へー、キーボード見ないで文字打てるんだ。スゴイわねー。,Oh? You can type without looking at the keyboard. That's cool!
6aa4147162,もしも,もしも,moshimo,if,N3,adv,1612050,,もしもし、こちらはマイクです。,"Hello, this is Mike."
1210c0bf0b,持ち上げる,もちあげる,mochiageru,to raise; to lift up; to flatter,N3,v1; vt,1315610,,この石は重すぎて持ち上げられない。,This stone is too heavy to lift.
20bdc60bd0,用いる,もちいる,mochiiru,to use; to make use of,N3,v1; vt,1546210,,この語は今では用いられない。,That word has fallen out of use.
0f4b2590f6,基,もと,moto,basis,N3,n,1260670,,その事務員は過労がもとで死んだ。,The clerk died from overwork.
f5b7534060,元,もと,moto,origin; original; former,N3,n,1260670,,やってしまったことは元に戻らない。,What is done cannot be undone.
aa6e296421,素,もと,moto,origin; source; beginning,N3,n,1260670,,その事務員は過労がもとで死んだ。,The clerk died from overwork.
b1ba670b85,戻す,もどす,modosu,to restore; to put back; to return,N3,v5s; vt,1535850,,その本を棚に戻しておきなさい。,Put the book back on the shelf.
725adb9c35,基づく,もとづく,motozuku,to be grounded on; to be based on; to be due to; to originate from,N3,v5k; vi,1605270,,彼らの争いは誤解に基づくものだ。,The dispute between them is due to a misunderstanding.
bd2ba94516,求める,もとめる,motomeru,to seek; to request; to demand; to want; to wish for; to search for; to pursue (pleasure); to hunt (a job),N3,v1; vt,1229350,,彼は職を求めて東京へやって来た。,He came to Tokyo in search of employment.
ae498d63bc,者,もの,mono,person,N3,n,1322990,,じっくり彼に耳を貸す者はいない。,No one stops to listen to him.
013c3a92d2,物音,ものおと,monooto,sounds,N3,n,1502420,,少年は物音に震えた。,The boy quivered at the sound.
6b8002d0f8,物語,ものがたり,monogatari,tale; story; legend,N3,n,1502480,,これは、ある猫についての物語です。,This is a story about a cat.
e810d0494c,物事,ものごと,monogoto,things; everything,N3,n,1502550,,あるがままに物事を見るようにしなさい。,Try to see things as they are.
3cda3baabf,模様,もよう,moyou,pattern; figure; design,N3,n,1533720,,彼女はその皿の模様が気に入っている。,She likes the design on the plate.
0e7597cf73,文句,もんく,monku,phrase; complaint,N3,n,1505260,,そんなことは君が文句を言う理由にはならないよ。,That doesn't give you grounds for complaining.
eb2bf568d9,やがて,やがて,yagate,before long; soon; at length,N3,adv,1012730,,彼はやがてその事実をしるだろう。,He will learn the facts in the course of time.
396f83701d,役,やく,yaku,use; service; role; position,N3,n,1537970,,彼が重要な役を果たした。,He played an important part.
abfa120074,約,やく,yaku,approximately; about; some,N3,adv,1538100,,その値段は約５０ドルだった。,The price was in the neighbourhood of 50 dollars.
02424c2277,役割,やくわり,yakuwari,part; assigning (allotment of) parts; role; duties,N3,n,1538000,,現代社会での大学の役割は何ですか。,What is the role of the University in the modern society?
0e1d889990,家賃,やちん,yachin,rent,N3,n,1192270,,家賃は月いくらですか。,How much is the rent per month?
5f249ce2ae,厄介,やっかい,yakkai,trouble; burden; care; bother,N3,adj-na; n,1537820,,そんなことをするとやっかいなことを招くことになる。,To do so is asking for trouble.
35b2b01bf1,宿,やど,yado,inn; lodging,N3,n,1337190,,宿の主人は召使い達にがなりたてた。,The landlord barked at his servants.
b9a7186462,雇う,やとう,yatou,to employ; to hire,N3,v5u; vt,1605570,,あの店は８人の店員を雇っている。,That store employs eight clerks.
edba3a49e1,屋根,やね,yane,roof,N3,n,1182700,,彼は屋根の雪を取り除いた。,He cleared the roof of snow.
aa391c76da,破る,やぶる,yaburu,to tear; to violate; to defeat; to smash; to destroy,N3,v5r; vt,1471200,,約束を破らないでよ。,Don't go back on your promise.
22cc737e03,辞める,やめる,yameru,to retire,N3,v1; vt,1318950,,彼は首相を辞めざるを得なかった。,He was forced to resign as prime minister.
586d4c294b,やや,やや,yaya,a little; partially; somewhat; a short time; a while,N3,adv; adj-f,1570120,,,
ea7b6990d3,唯一,ゆいいつ,yuiitsu,only; sole; unique,N3,adj-no; n; adv,1538920,,初めの一歩が唯一の難関。,The first step is the hardest.
0f54df5fc1,言う,ゆう,yuu,to say,N3,v5u; vt,1587040,,この動物は日本語で何と言いますか。,What do you call this animal in Japanese?
1b04830825,勇気,ゆうき,yuuki,courage; bravery; valour; nerve; boldness,N3,n,1539740,,彼女に電話する勇気はありますか。,Dare you call her?
8f41bba826,有効,ゆうこう,yuukou,validity; availability; effectiveness,N3,adj-na; n,1541290,,その切符は一週間有効です。,The ticket is valid for a week.
9c2ecc46b9,優秀,ゆうしゅう,yuushuu,superiority; excellence,N3,adj-na; n,1539230,,彼女は作文が優秀だ。,She is excellent in composition.
03c4975c1c,優勝,ゆうしょう,yuushou,overall victory; championship,N3,n; vs; vi,1539280,,トムが優勝したんでしょう。,"Tom got first prize, didn't he?"
1192e07fed,友情,ゆうじょう,yuujou,friendship; fellowship,N3,n,1540130,,彼には友情というもののよさが理解できない。,He cannot appreciate friendship.
95203a9427,友人,ゆうじん,yuujin,friend,N3,n,1540150,,私の友人の１人が私に会いにきました。,A friend of mine came to see me.
568b987a90,有能,ゆうのう,yuunou,able; capable; efficient; skill,N3,adj-na; n,1541570,,彼女は有能で頼りになる助手だ。,She is an efficient and reliable assistant.
9a61747e5d,郵便,ゆうびん,yuubin,mail; postal service,N3,n,1605680,,強盗が郵便列車をめちゃくちゃにした。,Robbers wrecked the mail train.
3fa9f114f2,夕べ,ゆうべ,yuube,evening,N3,n,2863051,,,
271078ced6,ユーモア,ユーモア,yuumoa,humor,N3,n,1136850,,彼には素晴らしいユーモアのセンスがある。,He has a great sense of humour.
18a3f78106,有利,ゆうり,yuuri,advantageous; better; profitable; lucrative,N3,adj-na; n,1605720,,品物が少ないときには売り手が有利だ。,"When goods are scarce, sellers have the advantage."
5489cdb398,床,ゆか,yuka,floor,N3,n,1349380,,床の上に何がありますか。,Is there anything on the floor?
999ee69ee6,愉快,ゆかい,yukai,pleasant; happy,N3,adj-na; n,1538560,,あなたは昨日愉快に過ごしましたか。,Did you enjoy yourself yesterday?
33f792ec39,譲る,ゆずる,yuzuru,to turn over; to assign; to hand over,N3,v5r; vt,1357030,,私はこの点については一歩も譲れません。,I will not give an inch on this point.
952c7983d6,豊か,ゆたか,yutaka,abundant; wealthy; plentiful; rich,N3,adj-na; suf,1518130,,若いころに心を豊かにすべきだ。,You should enrich your mind when young.
ccd27b3d04,ゆっくり,ゆっくり,yukkuri,slowly; at ease,N3,adv; adv-to; vs,1013050,,ゆっくりしてお茶でも飲んでいきませんか。,Won't you stay for tea?
50842f69c2,許す,ゆるす,yurusu,to permit; to allow; to approve,N3,v5s; vt,1232870,,ＤＮＡのサンプルを貯える事は許されるべきではない。,It shouldn't be permitted to store samples of DNA.
b434efd06b,夜明け,よあけ,yoake,dawn; daybreak,N3,n,1537150,,私は、突然夜明け前に起こされた。,I was woken up suddenly at dawn.
ae7eaba50f,よい,よい,yoi,good; nice; pleasant; ok,N3,adj-i,1605820,良い; 好い,私にはよい友達が数人いる。,I have several good friends.
72fe9b634b,酔う,よう,you,to get drunk; to become intoxicated,N3,v5u; vi,1372650,,まるで酔っているようだ。,She looks as if she were drunk.
bcab821414,様,よう,you,way; manner; kind,N3,n-suf; n,1605840,,彼はそれについて知っている様だ。,It seems that he knows about it.
120086e720,容易,ようい,youi,easy; simple; plain,N3,adj-na; n,1545350,,ココの知能指数を調べるのは容易ではない。,Testing Koko's IQ is not easy.
e96372be15,陽気,ようき,youki,season; weather; cheerfulness,N3,n,1546990,,ナンシーはとても陽気でかわいらしい性格だ。,Nancy has a very lively and sweet temperament.
7b812f29c4,要求,ようきゅう,youkyuu,request; demand; requisition,N3,n; vs; vt,1546680,,要求されたものは全て送りました。,Everything that was asked for has now been sent.
6693cfdf82,用心,ようじん,youjin,care; precaution; guarding; caution,N3,n; vs; vt; vi,1546310,,火には、用心しなさい。,Be on your guard against fire.
571736e080,様子,ようす,yousu,aspect; state; appearance,N3,n,1545820,,彼はどうしたら良いのかわからない様子だった。,He looked uncertain what to do.
0910eee377,要するに,ようするに,yousuruni,in a word; after all; the point is ..; in short ..,N3,exp; adv,1546620,,彼女は要するにおしゃべりなんだ。,"She is, in brief, a chatterbox."
b6f29d6b8e,要素,ようそ,youso,element,N3,n,1546800,,教育は重大な要素である。,Education is a critical element.
654dd204be,要点,ようてん,youten,gist; main point,N3,n,1546820,,彼はその要点を理解させようとした。,He tried to make his point.
72afed9688,曜日,ようび,youbi,day of the week,N3,n,1545770,,フランス語を習い始めてもう３年なんだけど、未だに曜日すら覚えてないんだよね。,"I've been learning French for three years, and I still haven't even memorized the days of the week."
bb4b5f7ee0,ヨーロッパ,ヨーロッパ,yooroppa,Europe,N3,n,1137570,,彼女は先月ヨーロッパへ旅行した。,She made a trip to Europe last month.
8c36af4c9f,予期,よき,yoki,expectation; assume will happen; forecast,N3,n; vs; vt,1542920,,ここでお目に掛かれるとは全然予期しませんでした。,I little expected to see you here.
dfec3a3604,横切る,よこぎる,yokogiru,to cross (e.g. arms); to traverse,N3,v5r; vt,1180860,,私は彼女が通りを横切るのを見た。,I saw her crossing the street.
d7dea8a506,予算,よさん,yosan,estimate; budget,N3,n; vs,1543000,,委員会は予算を承認した。,The committee approved the budget.
9054323c74,止す,よす,yosu,to cease; to abolish; to resign; to give up,N3,v5s; vt,1310600,,そんな難しい質問はよしてくれよ。,Don't ask me such a hard question.
908b44a04b,予測,よそく,yosoku,prediction; estimation,N3,n; vs; vt,1543200,,何が起こるか予測できない。,We cannot predict what will happen.
82611a8f51,ヨット,ヨット,yotto,yacht,N3,n,1137620,,そのヨットはブイを回って航行した。,The yacht sailed round a buoy.
19a41952db,夜中,よなか,yonaka,midnight; dead of night,N3,n; adv,1536930,,私は夜中に３度目が覚めた。,I awoke three times in the night.
6f514b9fe7,世の中,よのなか,yononaka,society; the world; the times,N3,exp; n,1373850,,世の中全体がおかしくなっているんだよ。,The whole world is off its rocker.
718ef13639,余分,よぶん,yobun,extra; excess; surplus,N3,adj-na; n,1544520,,私たちは余分に１０ドル必要だ。,We'll need an extra ten dollars.
6315da87bc,予報,よほう,yohou,forecast; prediction,N3,n; vs; vt,1543630,,今夜の予報は雨である。,Rain is forecast for this evening.
7e01f30eaa,予防,よぼう,yobou,prevention; precaution; protection against,N3,n; vs; vt,1543660,,治療よりも予防。,Prevention is better than cure.
aa98da380d,読み,よみ,yomi,reading,N3,n,1456130,,この厚い本は１週間では読み終えられない。,I cannot finish reading this thick book in a week.
905e143f7a,嫁,よめ,yome,bride; daughter-in-law,N3,n,1191680,,どんな男にもそれ相当の嫁のきてがあるもの。,Every Jack must have his Jill.
8bdbbb4bf4,余裕,よゆう,yoyuu,surplus; composure; margin; room; time; allowance; scope; rope,N3,n,1544590,,車を持つ余裕はないな。,I cannot afford to keep a car.
a3e1ac6ec4,よると,よると,yoruto,according to,N3,v5r; vi,1168660,,新聞によると昨夜大火事があった。,"According to the newspaper, there was a big fire last night."
63d195fd9d,喜び,よろこび,yorokobi,(a) joy; (a) delight; rapture; pleasure; gratification; rejoicing; congratulations; felicitations,N3,n,1606140,,読書の喜びほど大きな喜びはない。,No pleasure is greater than that of reading.
ceb20bf4f8,よろしく,よろしく,yoroshiku,well; properly; suitably; best regards; please remember me,N3,exp; adv,1224890,宜しく,ご家族の皆さんによろしく。,Give my love to your family.
379b767ed6,来,らい,rai,for (10 days); next (year),N3,pref,1547710,,来年末までで、ここで働き始めてどれくらいの期間になりますか。,How long will you have been working here by the end of next year?
0294bdc5ab,ライター,ライター,raitaa,lighter; rider; writer,N3,n,1137880,,,
733b519a1e,楽,らく,raku,comfort; ease,N3,n; adj-na,1207230,,このソファーは３人が楽に座れる。,This sofa can seat three people easily.
f998ef10bc,ラケット,ラケット,raketto,paddle; racket,N3,n,1138710,,好きなラケットを選びなさい。,Choose your favorite racket.
d75a953f22,利益,りえき,rieki,"profits; gains; (political, economic) interest",N3,n,1549470,,利益になるような本を読みなさい。,Read books that are worthwhile.
400fee0ea3,理解,りかい,rikai,understanding; comprehension,N3,n; vs; vt,1549910,,わたしはあなたの言うことが理解できる。,I can understand what you are saying.
b0fe98d49c,陸,りく,riku,six (used in legal documents),N3,n,1550980,,強風が陸の方へ吹き始めた。,A strong wind began to set in.
f392d9e1f8,利口,りこう,rikou,clever; shrewd; bright; sharp; wise; intelligent,N3,adj-na; n,1549550,,しかし、トニーは利口な少年ではありませんでした。,But Tony was not a clever boy.
5c0444713b,離婚,りこん,rikon,divorce,N3,n; vs; vi,1550880,,私は離婚に同意するつもりだ。,I will consent to the divorce.
ed6d068863,理想,りそう,risou,ideal,N3,n; adj-no,1550020,,サミーはジョンにとって理想の歌手だった。,"To John, Sammy was an ideal singer."
50c0503d3d,率,りつ,ritsu,rate; ratio; proportion; percentage,N3,n; n-suf,1551200,,日本の実質ＧＮＰ成長率は５％だった。,Japan's inflation-adjusted GNP growth rate was 5%.
22aaf6b202,留学,りゅうがく,ryuugaku,studying abroad,N3,n; vs; vi,1552740,,私は自分の力で留学するつもりだ。,I will study abroad on my own.
52a1844352,流行,りゅうこう,ryuukou,fashionable; fad; in vogue; prevailing,N3,n; vs; vi; adj-no,1585110,,あの種の服が今流行だ。,That kind of dress is now in fashion.
8fb3130c49,量,りょう,ryou,quantity; amount; volume; portion (of food),N3,n; n-suf,1554640,,彼女はかなりの量の酒を飲んだ。,She has had quite a lot to drink.
38170a2835,両替,りょうがえ,ryougae,change; money exchange,N3,n; vs; vt,1553820,,これをドルに両替してください。,Please change this to dollars.
7890b85fc7,料金,りょうきん,ryoukin,fee; charge; fare,N3,n,1554280,,料金は会計係へ払って下さい。,Pay your dues to the treasurer.
9768eacb27,例,れい,rei,instance; example; case,N3,n,1585230,,彼女はこれまでに例のないほどの偉大な科学者だった。,She was as great a scientist as ever lived.
1dbd51644b,礼,れい,rei,expression of gratitude,N3,n,1557450,,彼女の親切な助言に対して彼は礼を述べた。,He thanked her for her kind help.
4caf52bf1b,礼儀,れいぎ,reigi,manners; courtesy; etiquette,N3,n,1557470,,そんなことをするのは礼儀の常識を欠いている。,That is beneath ordinary decency.
5bc774184b,冷静,れいせい,reisei,calm; composure; coolness; serenity,N3,n; adj-na,1557050,,君はもっと冷静に行動すべきだ。,You should act more calmly.
bf2843b87f,列,れつ,retsu,queue; line; row,N3,n,1558330,,この数字の列を合計しなさい。,Add up this column of figures.
d06ebb646b,列車,れっしゃ,ressha,train (ordinary),N3,n,1558370,,この列車は東京行きです。,This train is bound for Tokyo.
61c4f4686e,連想,れんそう,rensou,association (of ideas); suggestion,N3,n; vs; vt,1559600,,緑は草を連想させる。,Green is associated with grass.
67153e2a31,連続,れんぞく,renzoku,serial; consecutive; continuity; continuing,N3,n; vs; vt; vi,1559610,,賢人いわく、人生は失望の連続である。,Some wise man has said life consists of one disappointment after another.
0c914e9a90,老人,ろうじん,roujin,the aged; old person,N3,n,1561090,,あの老人は食べ物に難しい。,That old man is a fussy eater.
7e15214f9a,労働,ろうどう,roudou,manual labor; toil; work,N3,n; vs; vi,1606450,,彼は労働の給料を何ももらわなかった。,He wasn't given any reward for his service.
cd42c9314f,ロケット,ロケット,roketto,locket; rocket,N3,n,1147220,,,
6fcfd8b60b,論じる,ろんじる,ronjiru,to argue; to discuss; to debate,N3,v1; vt,1561620,,その問題を自由に論じた。,We discussed the problem freely.
3a7b01e5d4,論争,ろんそう,ronsou,controversy; dispute,N3,n; vs; vi,1561760,,彼は論争すべきことを投げ与えてくるだろう。,He will cast me a bone to pick.
60bb4e1af0,論文,ろんぶん,ronbun,thesis; essay; treatise; paper,N3,n,1561840,,彼はその問題について論文を書いた。,He wrote a paper on the subject.
3f77054caf,輪,わ,wa,ring; hoop; circle,N3,n,1555710,,お父さんは煙草の煙でたくさん輪を作れる。,Dad can blow many smoke rings.
06d663e37a,ワイン,ワイン,wain,wine,N3,n,1148850,,あのおいしいワインをなぜ飲まないんだい。,Why not try that delicious wine?
b1861d938a,わがまま,わがまま,wagamama,selfishness; egoism; wilfulness; disobedience; whim,N3,adj-na; n,1197020,我がまま,彼女は彼のわがままを許さなかった。,She didn't tolerate his selfishness.
31f9300fb0,別れ,わかれ,wakare,parting; separation; farewell,N3,n,1509490,,会うは別れの始め。,To meet is to part.
037c2ecb86,脇,わき,waki,side,N3,n,1562530,,彼がブリーフケースを脇に抱えてやってくるのが見えた。,I saw him coming with his briefcase under his arm.
1b8be0151e,分ける,わける,wakeru,to divide; to separate,N3,v1; vt,1503000,,ケーキをあなた方２人で分けなさい。,Divide the cake between you two.
b778777901,わざと,わざと,wazato,on purpose,N3,adv,1410760,,彼がわざとそうしたとも思えない。,It is not likely that he did it on purpose.
b87cfb16ef,僅か,わずか,wazuka,only; merely; a little; small quantity,N3,adj-na; adj-no,1240750,,夏休みまであとわずか一週間だ。,The summer vacation is only a week away.
e7eeb8eff1,話題,わだい,wadai,topic; subject,N3,n,1562400,,その話題は話し合う価値がある。,The topic is worth discussing.
40312166c1,笑い,わらい,warai,laugh; laughter; smile,N3,n,1351280,,ぎこちない笑いをした店員が答えた。,The smirking male clerk replied.
733619e0ef,割る,わる,waru,to divide; to cut; to break; to halve,N3,v5r; vt,1208000,,マイケルは皿を割ってしまった。,Michael broke the dishes.
b440e7ed66,悪口,わるくち,warukuchi,abuse; insult; slander; evil speaking,N3,n,1575730,,,
3fc07b1856,我々,われわれ,wareware,we,N3,pn,1607050,,しかし我々は彼なしで続行した。,But we carried on without him.
ef9bb7868b,湾,わん,wan,bay; gulf; inlet,N3,n; n-suf,1562800,,川は山から下って湾に注いでいる。,The river descends from the mountains to the bay below.
