id,word,reading,romaji,meanings,level,pos,jmdict_id,other_forms,example_ja,example_en
1cf257772e,嗚呼,ああ,aa,Ah!; Oh!; Alas!,N1,int,1565440,,ああ、もしかして名前を呼ばれるのが恥ずかしいって？,"Ah, could it be you're embarrassed to be called by your first name?"
f9d361f995,相,あい,ai,together; mutually; fellow,N1,pref,1400800,,彼の思想は時勢と相いれなかった。,His ideas were out of harmony with the times.
49167c4c88,愛想,あいそ,aiso,civility; courtesy; compliments; sociability; graces,N1,n,1575660,,彼女はとても愛想のよい隣人だ。,She is a most gracious neighbor.
5e01def051,愛憎,あいぞう,aizou,love and hate; likes and dislikes,N1,n,1575670,,フロイトは、親子間の愛憎関係をエディプス・コンプレックスとして展開しました。,Freud developed the love-hate relationship between parents and child as the Oedipus complex.
6f6edac49d,相対,あいたい,aitai,confrontation; facing; between ourselves; no third party; tete-a-tete,N1,n,1401100,,このため、会談の席の配置では米国と相対して座る場所を求めた。,So they sought a place such that the conference seating would have them facing the Americans.
3a407bbc0b,間柄,あいだがら,aidagara,relation(ship),N1,n,1215660,,君と彼とはどういう間柄なのだ。,What's your relation with him?
f7da525529,合間,あいま,aima,interval,N1,n,1284670,,勉強の合間に私はテレビをみた。,I watched television during a break in my studies.
69bb692c2b,敢えて,あえて,aete,dare (to do); challenge (to do),N1,adv,1212850,,あえて彼の意見を支持した。,I dared to support his opinion.
568d94afad,仰ぐ,あおぐ,aogu,to look up (to); to respect; to depend on; to ask for; to seek; to revere; to drink; to take,N1,v5g; vt,1238780,,日本は原綿の供給を海外に仰ぐ。,Japan depends on overseas countries for the supply of raw cotton.
8645802338,亜科,あか,aka,suborder; subfamily,N1,n,1149680,,,
3b72fad905,垢,あか,aka,dirt; filth,N1,n,1277420,,いつもあかだらけで、食事も満足に与えられていない様子でした。,He was always filthy and looked like he wasn't given enough food.
ddb83d9881,証,あかし,akashi,proof; evidence,N1,n,1351580,,しかし、あなた方は私たちの証を受け入れません。,But still you people do not accept our testimony.
6836124c3c,赤字,あかじ,akaji,deficit; go in the red,N1,n,1383440,,彼はどうにか赤字を出さずにすんだ。,He managed to make both ends meet.
b82e2ceca8,明かす,あかす,akasu,to pass; spend; to reveal; to divulge,N1,v5s; vt,1532220,,彼は寝ずに一夜を明かした。,He sat up all night.
ff854ec90e,赤らむ,あからむ,akaramu,to become red; to redden; to blush,N1,v5m; vi,1383280,,青白い彼の顔が興奮で赤らんだ。,His pale face showed a flush of excitement.
b20eb26e92,上がり,あがり,agari,"slope; advance income; crop yield; ascent; rise; advance; death; spinning; completion; stop; finish; after (rain, illness, etc.)",N1,n,1352190,,道はなだらかな上がりになっていた。,The road climbed gradually.
61c572fca7,空き間,あきま,akima,vacancy; room for rent or lease,N1,n,1676080,,,
7e9e492582,諦め,あきらめ,akirame,resignation; acceptance; consolation,N1,n,1436720,,サムはあきらめのいいほうだろう？,"Sam is a philosopher, isn't he?"
0812660ad4,悪,あく,aku,evil; wickedness,N1,n,1151230,,彼は人種差別を悪だと決めつけた。,He condemned racial discrimination as evil.
1acc5eb731,アクセル,アクセル,akuseru,accelerator,N1,n,1015290,,,
c91ead7388,あくどい,あくどい,akudoi,gaudy; showy; excessive; vicious,N1,adj-i,1000260,,かなりあくどい事をしてきたそうだな。,I hear you've done some pretty extreme stuff.
03b0ef5987,悪日,あくび,akubi,unlucky day,N1,n,1575770,,,
1977f3c94f,明くる,あくる,akuru,next; following,N1,adj-pn,1532250,,僕は明くる朝パリへ立つことになっていた。,I was leaving for Paris the next morning.
a91e6b714f,顎,あご,ago,chin,N1,n,1207560,,私は彼のあごに１発食らわしてやった。,I landed him a blow on the chin.
d290395bb6,憧れ,あこがれ,akogare,yearning; longing; aspiration,N1,n; adj-no,1453800,,同時通訳が彼女の憧れだ。,Her dream is to become a simultaneous interpreter.
b5fbd85675,麻,あさ,asa,flax; linen; hemp,N1,n,1524290,,,
13e5e36fd0,字,あざ,aza,section of village,N1,n; suf,1315120,,,
f06b8ec290,朝寝坊,あさねぼう,asanebou,oversleeping; late riser,N1,n; vs; vi,1428410,,朝寝坊が癖になった。,I took to sleeping late in the morning.
88828cefce,浅ましい,あさましい,asamashii,wretched; miserable; shameful; mean; despicable; abject,N1,adj-i,1390810,,,
5f330190c2,欺く,あざむく,azamuku,to deceive,N1,v5k; vt,1225420,,彼は他人を欺くようなことはしない。,He is above deceiving others.
a7d4d501a5,鮮やか,あざやか,azayaka,vivid; clear; brilliant,N1,adj-na,1392500,,月は鮮やかに輝いていた。,The moon was shining brightly.
9f51d0da76,あざ笑う,あざわらう,azawarau,to sneer at; to ridicule,N1,v5u; vt,1565610,,われわれは貧しい人あざ笑ってはいけない。,We must not laugh at the poor.
940a36553f,味わい,あじわい,ajiwai,flavour; meaning; significance,N1,n; adj-no,1527000,,この酒には独特の味わいがある。,This liquor has a taste all of its own.
d0379ff55e,東,あずま,azuma,east; Eastern Japan,N1,n,1447430,,,
4905fc6f13,焦る,あせる,aseru,to be in a hurry; to be impatient,N1,v5r; vi,1350780,,彼は遅れを取り戻そうと焦っている。,He's desperately trying to make up for the delay.
2b7ed7f48e,値,あたい,atai,value; price; cost; worth; merit,N1,n,1581630,,君この車に高い値を付けすぎだよ。,You are asking too much for this car.
92da7d5ed8,値する,あたいする,ataisuru,to be worth; to deserve; to merit,N1,vs-i; vi,1609040,,あの博物館はくるに値する。,That museum is worth visiting.
6859422547,私,あたし,atashi,I (fem),N1,pn,1311125,,彼女は私の子供の世話をしてくれる。,She takes care of my children.
e7ce133582,当たり,あたり,atari,hit; success; reaching the mark; per ...; vicinity; neighborhood,N1,n,1448780,,何回か当たりはあったが針にはかからなかった。,"I got several bites, but could not hook a fish."
91564706d0,悪化,あっか,akka,deterioration; growing worse; aggravation; degeneration; corruption,N1,n; vs; vi,1151470,,日が経つにつれて、天気は次第に悪化しつつあった。,The weather was getting worse and worse as the day went on.
f20f9cfea9,扱い,あつかい,atsukai,treatment; service,N1,n,1153430,,彼はピストルの扱いに注意を欠いた。,He was careless in handling his pistol.
74fba72b6f,呆気ない,あっけない,akkenai,"not enough; too quick (short, long, etc.)",N1,adj-i,1515600,,休暇はいつもあっけなく終わる。,The holidays always end all too soon.
06dc06725b,悪口,あっこう,akkou,abuse; insult; slander; evil speaking,N1,n; vs; vi,2862924,,,
bd0b0380dc,あっさり,あっさり,assari,easily; readily; quickly,N1,adv; adv-to; vs,1000360,,彼はあっさり罪を白状した。,He confessed his crime frankly.
eab33fad07,圧迫,あっぱく,appaku,pressure; coercion; oppression,N1,n; vs; vt,1153310,,その政府は国民を圧迫した。,The government oppressed the people.
08ef2a4717,アップ,アップ,appu,up,N1,n; n-suf; vs; vt; vi,1016610,,トムは勤務終了時間を超えて働くと、５割アップの時給をもらっていた。,Tom got time and a half when he worked beyond his usual quitting time.
11fdbf024e,誂える,あつらえる,atsuraeru,to give an order; to place an order,N1,v1; vt,1572680,,私はデパートでオーバーをあつらえた。,I ordered my overcoat from a department store.
cb8beba501,圧力,あつりょく,atsuryoku,stress; pressure,N1,n,1153340,,その計画は世論の圧力で中止になった。,The plan was given up under the pressure of public opinion.
3862e77007,宛,あて,ate,addressed to,N1,suf,1448820,,その手紙は私宛に来た。,The letter is for me.
23f01f9d4e,当て,あて,ate,object; aim; end; hopes; expectations,N1,n,1448820,,彼の約束は少しも当てにできない。,His promise cannot be counted on at all.
f0e6460115,当て字,あてじ,ateji,phonetic-equivalent character; substitute character,N1,n,1448890,,,
6a9a11e020,宛てる,あてる,ateru,to address,N1,v1; vt,1153480,,同一差出人から同一受取人に宛てて郵袋という、文字通り袋に印刷物を入れて郵送します。,"A mailbag from a single sender addressed to one recipient, as the name suggests, is for delivering a bag of printed matter."
d4431c8350,跡継ぎ,あとつぎ,atotsugi,heir; successor,N1,n,1383690,,,
20b715b301,後回し,あとまわし,atomawashi,putting off; postponing,N1,n,1269500,,その問題は後回しにしよう。,Let's leave that matter for later.
06f6d3304a,油絵,あぶらえ,aburae,oil painting,N1,n,1538630,,彼女は油絵を始めた。,She has taken to painting in oils.
2143d1e370,アプローチ,アプローチ,apuroochi,approach (in golf),N1,n; vs; vi,1018260,,うまいアプローチだね。,That's a good approach.
3d62f0758a,あべこべ,あべこべ,abekobe,contrary; opposite; inverse,N1,adj-no; adj-na; n,1000470,,あなたはシャツをあべこべに着ている。,You are wearing your shirt inside out.
5869bef4e6,甘える,あまえる,amaeru,to behave like a spoiled child; to fawn on,N1,v1; vi,1213440,,人の好意に甘えてはいけない。,Don't depend on others' kindness.
b8e8053584,雨具,あまぐ,amagu,rain gear,N1,n,1171940,,雨具をお持ちになりましたか。,Do you have rain gear with you?
b4f987e2d7,甘口,あまくち,amakuchi,sweet flavour; mildness; flattery; stupidity,N1,adj-na; adj-no; n,1213510,,そんな甘口には乗らないよ。,That sort of flattery will get you nowhere.
78ba852907,アマチュア,アマチュア,amachua,amateur,N1,n; adj-no,1018550,,私のおじはアマチュアのクリケット選手です。,My uncle is an amateur cricket player.
4570b0ab6b,天津,あまつ,amatsu,heavenly; imperial,N1,adj-f,1438200,,,
925a73e9ad,網,あみ,ami,net; network,N1,n,1534380,,網にかかったものは何でも魚だ。,All's fish that comes to the net.
7c9023df23,操る,あやつる,ayatsuru,to manipulate; to operate; to pull strings,N1,v5r; vt,1400010,,あの通訳は５か国語を自由に操る。,That interpreter is a master of five languages.
e5eb0f470b,危ぶむ,あやぶむ,ayabumu,to fear; to have misgivings; to be doubtful; to mistrust,N1,v5m; vt,1218410,,彼は死んでいるのではないかと危ぶまれている。,They fear that he may be dead.
5d74f8516a,あやふや,あやふや,ayafuya,uncertain; vague; ambiguous,N1,adj-na,1000510,,あやふやな手つきで一枚の紙を動かした。,She fumbled with a piece of paper.
6137659b2a,過ち,あやまち,ayamachi,fault; error; indiscretion,N1,n,1196010,,私は彼の過ちはたいしたことはないとみなしている。,I view his error as insignificant.
28a4658761,誤る,あやまる,ayamaru,to make a mistake,N1,v5r; vt,1271300,,戦争は誤った政策から起こった。,The war resulted from a mistaken policy.
e4007809a1,歩み,あゆみ,ayumi,walking,N1,n,1514330,,何て歩みののろいやつだろう。,How slow you are!
9de629082f,歩む,あゆむ,ayumu,to walk; to go on foot,N1,v5m; vi,1514360,,ビルはあの会社の社長になるまで成功への道を歩み続けた。,Bill climbed the ladder of success until he became the president of the company.
64eb41fae7,あら,あら,ara,oh; ah; saw-edged perch (Niphon spinosus),N1,int,1000520,,あら、アンジェラと呼んでください。,"Oh, please call me Angela."
d91254a19e,予め,あらかじめ,arakajime,beforehand; in advance; previously,N1,adv,1542860,,休暇の計画を予め立てている。,We are making advance plans for our holidays.
8a11bf912f,荒らす,あらす,arasu,to lay waste; to devastate; to damage; to invade; to break into,N1,v5s; vt,1281480,,彼らは私の果実園を荒らした。,They robbed my orchard.
632cd5989c,争い,あらそい,arasoi,dispute; strife; quarrel; dissension; conflict; rivalry; contest,N1,n,1400560,,金銭のことで彼と争いになった。,I had a quarrel with him over money.
a0c307e58b,改まる,あらたまる,aratamaru,to be renewed,N1,v5r; vi,1200730,,長年の習慣はなかなか改まらない。,Old habits die hard.
a3363e4ffe,荒っぽい,あらっぽい,arappoi,rough; rude,N1,adj-i,1281470,,ボクシングは必ずしも荒っぽいスポーツではない。,Boxing is not always a rough sport.
ce34129fb9,アラブ,アラブ,arabu,Arab,N1,n,1019060,,日本は石油をアラブ諸国に頼っている。,Japan relies on Arab countries for oil.
61a475aebb,あられ,あられ,arare,kind of cookie; cartoon character,N1,n,1574100,,突然敵の爆弾が雨あられと我々に降り注いだ。,"All of a sudden, the enemy bombs came down on us like rain."
92893bbd77,有様,ありさま,arisama,state; condition; circumstances; the way things are or should be; truth,N1,n,1541060,,それはさんたんたる有様だった。,That was a fearful scene.
085d431d0a,ありのまま,ありのまま,arinomama,the truth; fact; as it is; frankly,N1,adj-no; adv; n,1541000,有りのまま,ありのままの事実を伝えることは難しい。,It is difficult to tell the bare facts.
aca834a881,アルカリ,アルカリ,arukari,alkali,N1,n,1019210,,アルカリは酸を中和する。,Alkalis neutralize acids.
bb6e76c774,アルミ,アルミ,arumi,aluminum (Al); aluminium,N1,n,1019620,,アルミは金属です。,Aluminium is a metal.
c7318ae6de,アワー,アワー,awaa,hour,N1,n,1019840,,ラッシュアワーの交通渋滞にあった。,I was caught in the rush hour.
dbffd52c9b,合わす,あわす,awasu,to join together; to face; to unite; to be opposite; to combine; to connect; to add up; to mix; to match,N1,v5s; vt,1284460,,彼はその破片をくっつけ合わした。,He stuck the broken pieces together.
3044b84bf6,合わせ,あわせ,awase,joint together; opposite; facing,N1,n; n-suf; pref,1284470,,旅行代理店に問い合わせてみよう。,Let's ask a travel agent.
44c50f365c,アンケート,アンケート,ankeeto,questionnaire (fr: enquete); survey,N1,n,1019940,,当社はアンケート入力、アンケート集計のお手伝いをする少数精鋭のベンチャーです。,Our company is a small but elect venture business that assists in entry and totalling of questionnaires.
01babb71fd,アンコール,アンコール,ankooru,encore,N1,n; vs; vt; vi,1019950,,そのピアニストはアンコールに応えて２曲弾いた。,The pianist played two encores.
eda4f150bd,暗殺,あんさつ,ansatsu,assassination,N1,n; vs; vt,1154520,,捜査員らは暗殺計画を摘発しました。,Investigators uncovered an assassination plot.
3db9caca40,暗算,あんざん,anzan,mental arithmetic,N1,n; vs; vt,1154540,,彼は暗算をするほど頭が良くない。,He doesn't have enough brains to do sums in his head.
71a29a57d6,暗示,あんじ,anji,hint; suggestion,N1,n; vs; vt,1154550,,彼の言葉は何を暗示しているのか。,What do his words imply?
ba3f929e63,案じる,あんじる,anjiru,to be anxious; to ponder,N1,v1; vt,1154780,,母は私の将来を案じている。,Mother is anxious about my future.
cf51a81d5e,安静,あんせい,ansei,rest,N1,n; adj-na,1153910,,しばらく安静にしておきなさい。,Keep quiet in bed for a while.
c052d729c7,案の定,あんのじょう,annojou,sure enough; as usual,N1,adv,1154790,,案の定、彼は疑念を抱いていた。,"Sure enough, he entertained doubts."
73a0f22579,いい加減,いいかげん,iikagen,moderate; right; random; not thorough; vague; irresponsible; halfhearted,N1,adj-na,1277440,,この静かな生活にはいい加減飽きてしまった。,I'm about tired of this quiet life.
79e98bddbd,言い訳,いいわけ,iiwake,excuse; explanation,N1,n; vs; vt; vi,1587030,,彼は言い訳を考え出すのがうまい。,He is inventive of excuses.
299fd7ae70,イエス,イエス,iesu,Jesus; yes,N1,n,1021010,,,
4f85c70c6c,家出,いえで,iede,running away from home; leaving home,N1,n; vs; vi,1192030,,舞が家出を敢行する、直前のことだろう。,That was probably just before Mai took the drastic step of leaving home.
5d8eead4ba,生かす,いかす,ikasu,to revive; to resuscitate; to make use of,N1,v5s; vt,1587070,,心停止の患者を応急処置で生かした。,We used emergency measures to revive the cardiac arrest patient.
9215794cc3,雷,いかずち,ikazuchi,thunder,N1,n,2868304,,,
b2f39149f2,如何に,いかに,ikani,how?; in what way?; how much?; however; whatever,N1,adv,1466970,,何を話すかは、いかに話すかより重要である。,What you're talking about is more important than how you say it.
edb73d5cb3,如何にも,いかにも,ikanimo,indeed; really; phrase meaning agreement,N1,adv,1000660,,いかにもビルのやりそうなことだ。,That's Bill all over.
9b84f255df,怒り,いかり,ikari,anger; hatred,N1,n,1445670,,私の誤りは彼の怒りを招いた。,My mistake incurred his anger.
fedad22ef0,怒る,いかる,ikaru,to get angry; to be angry,N1,v5r; vi,2859682,,,
d19fa15a3f,粋,いき,iki,chic; style; purity; essence,N1,adj-na; n,1372410,,今日の格好はとっても粋ですね。,You're looking snappy today.
d88fd8db92,異議,いぎ,igi,objection; dissent; protest,N1,n,1157580,,だからといって異議があるわけではない。,Not that I have any objection.
a96bfe80af,域外,いきがい,ikigai,outside the area,N1,n; adj-no,1160500,,,
5ffd03b2a2,意気込む,いきごむ,ikigomu,to be enthusiastic about,N1,v5m; vi,1156450,,初めから意気込みすぎると、途中で息切れするぞ。,You have to pace yourself or you'll choke halfway through.
75012ef36e,経緯,いきさつ,ikisatsu,details; whole story; sequence of events; particulars; how it started; how things got this way,N1,n,2873066,,,
f555ee7e0d,行き違い,いきちがい,ikichigai,misunderstanding; estrangement; disagreement; crossing without meeting; going astray,N1,n,1578800,,私たちの手紙は行き違いになった。,Our letters crossed each other.
cb3d7cda2e,軍,いくさ,ikusa,war; battle; campaign; fight,N1,n,1587140,,腹が減っては戦ができぬ。,An army travels on its stomach.
d5373e6a45,戦,いくさ,ikusa,war; battle; campaign; fight,N1,n,1587140,,腹が減っては戦ができぬ。,An army travels on its stomach.
8dc66af6e2,育成,いくせい,ikusei,rearing; training; nurture; cultivation; promotion,N1,n; vs; vt,1587150,,ワインにはいろいろなタイプがあり、それによって育成の仕方もさまざまです。,There are various types of wines and the way they are matured varies accordingly.
ff3f63ebf1,幾多,いくた,ikuta,many; numerous,N1,adj-no; adv; n,1220040,,我々は幾多の困難を克服しなければならない。,We have to cope with hosts of difficulties.
8af48d87c5,活ける,いける,ikeru,to arrange (flowers),N1,v1; vt,1587190,,彼女は花を生けるのが好きです。,She likes to arrange flowers.
685e56a1d4,異見,いけん,iken,different opinion; objection,N1,n,1157640,,,
419813adc3,意向,いこう,ikou,intention; idea; inclination,N1,n,1587200,,彼の意向をもう一度確認すべきだ。,We should confirm his intentions once more.
2427a8f4e6,移行,いこう,ikou,switching over to,N1,n; vs; vt; vi,1158240,,英国は、１９７１年にその貨幣制度を１０進法に移行させた。,In 1971 the United Kingdom changed its currency to the decimal system.
c4a44d28ef,いざ,いざ,iza,now; come (now); well; crucial moment,N1,adv; int,1000750,,いざ投票という時、彼は棄権した。,"When it was time to vote, he abstained."
b92c5e2b63,意地,いじ,iji,disposition; spirit; willpower; obstinacy; backbone; appetite,N1,n; adj-no,1156720,,彼の意地の悪い発言で、講義が一層激しくなった。,His nasty comments fueled the argument.
ee7bcbddd5,碑,いしぶみ,ishibumi,stone monument bearing an inscription,N1,n,1702990,,禎子の友人達は、彼女と原爆でなくなったすべての子供達の慰霊碑を建てたいと思った。,Sadako's friends wanted to build a monument to her and all children who were killed by the atomic bomb.
1325504949,移住,いじゅう,ijuu,migration; immigration,N1,n; vs; vi,1158280,,彼らはアメリカに移住するつもりです。,They are going to emigrate to America.
dcdd5a11a3,衣装,いしょう,ishou,clothing; costume; outfit; garment; dress,N1,n,1158760,,ぬれた衣装が彼女の体にくっついていた。,Wet clothes clung to her body.
43933ded5e,弄る,いじる,ijiru,to touch; to tamper with,N1,v5r; vt,1560700,,書類は勝手にいじられた形跡があった。,The documents were tampered with.
2fd54fbe7c,異性,いせい,isei,the opposite sex,N1,n; adj-no,1157860,,私の彼氏、異性の友達が多いのよね。,My boyfriend has a lot of female friends.
0e38a2be42,遺跡,いせき,iseki,"historic ruins (remains, relics)",N1,n,1159380,,新しい遺跡で未発掘はいくつだったのですか。,How many new sites were uncovered?
17b0cd54d6,依然,いぜん,izen,still; as yet,N1,adj-t; adv-to; adv,1155650,,３人が依然行方不明です。,Three people are still missing.
bd89f26551,依存,いぞん,izon,dependence; dependent; reliance,N1,n; vs; vt; vi,1575870,,それはすべて天候に依存している。,It all depends on the weather.
65258065e5,委託,いたく,itaku,consign (goods (for sale) to a firm); entrust (person with something); commit,N1,n; vs; vt,1156160,,ベンは日記を弁護士が管理するよう委託した。,Ben committed his diary to the lawyer's care.
97698d32b7,頂,いただき,itadaki,(top of) head; summit; spire,N1,n,1430200,,今朝起きてみると、山の頂が雪におおわれていた。,I awoke this morning to find the summit of the mountain covered with snow.
a5e340a2e7,至って,いたって,itatte,very much; exceedingly; extremely,N1,adv,1311850,,私は至って健康で、風邪ひとつひきません。,I am quite healthy and have had no cold.
eb3966f9f5,痛む,いたむ,itamu,to hurt; to feel a pain; to be injured,N1,v5m; vi,1432710,,彼はいま歯が痛むのでよくかむことができない。,"He can't chew well, because he has a toothache now."
ce5fc44451,痛める,いためる,itameru,to hurt; to injure; to cause pain; to worry; to bother; to afflict; to be grieved over,N1,v1; vt,1432720,,転んで手首を痛めました。,I fell down and hurt my wrist.
57c6c0ff93,炒める,いためる,itameru,to stir-fry,N1,v1; vt,1568920,,ルーは、バターと小麦粉を炒めながら作ります。,Roux is made while cooking flour and butter together.
537ad36361,労る,いたわる,itawaru,to pity; to sympathize with; to console; to care for; to be kind to,N1,v5r; vt,1560240,,私は病気の姉をいたわった。,I took care of my sick sister.
2f38551629,一概に,いちがいに,ichigaini,unconditionally; as a rule,N1,adv,1161390,,そうですね。一概には言えませんね。,"Yes, well, that depends."
4f60e61ae2,一見,いちげん,ichigen,unfamiliar; never before met,N1,n,1727890,,あの店、一見さんでも入れるのかな。,I wonder if that restaurant accepts unfamiliar customers.
1d578a6738,一定,いちじょう,ichijou,fixed; settled; definite; uniform; regularized; defined; standardized; certain; prescribed,N1,adj-nari; n,2859332,,彼は自転車を一定の速度で走らせた。,He rode his bicycle at a uniform speed.
241f51574c,著しい,いちじるしい,ichijirushii,remarkable; considerable,N1,adj-i,1427070,,科学は著しく進歩した。,Science has made remarkable progress.
0b6a6ef3da,一同,いちどう,ichidou,all present; all concerned; all of us,N1,n; n-suf,1165340,,我々一同恐怖にさいなまれた。,We were all assailed with fears.
8e0babd804,一部,いちぶ,ichibu,one copy e.g. of a document; a part; partly; some,N1,n; adv,1166180,,太陽、月、星は宇宙の一部である。,"The sun, moon, and stars are all part of the universe."
a9862719ca,一部分,いちぶぶん,ichibubun,a part,N1,n,1166200,,その建物の一部分だけが地震で破壊された。,Only part of the building has been destroyed by the earthquake.
5a16851bd6,一別,いちべつ,ichibetsu,parting,N1,n; vs; vi,1166400,,,
9a43e5dbf7,一面,いちめん,ichimen,one side; one phase; front page; the other hand; the whole surface,N1,n,1166870,,地面は一面の雪に覆われていた。,The ground lay beneath a blanket of snow.
e183ec9f8c,一目,いちもく,ichimoku,a glance; a look; a glimpse,N1,n; vs; vt,2810460,,どこかおかしいと一目で私にはわかりました。,I could tell at a glance that something was wrong.
312c69ed58,一様,いちよう,ichiyou,uniformity; evenness; similarity; equality; impartiality,N1,adj-na; adj-no; n,1167130,,,
e190e9818a,一律,いちりつ,ichiritsu,evenness; uniformity; monotony; equality,N1,adj-no; adj-na; adv; n,1167250,,,
fe6273e5ef,一連,いちれん,ichiren,a series; a chain; a ream (of paper),N1,n; adj-no,1167450,,彼らは一連の音楽会を開催した。,They gave a series of concerts.
da18ebb396,一括,いっかつ,ikkatsu,all together; batch; one lump; one bundle; summing up,N1,n; vs; vt,1161470,,それらの議題は一括して取り上げられた。,Those agenda items were taken up en bloc for discussion.
5db17b4a79,一気,いっき,ikki,drink!(said repeatedly as a party cheer),N1,int,1161720,,今こそ一気に取引をまとめるときだ。,Now is the time to clinch the deal.
b46bd7a8fa,一挙に,いっきょに,ikkyoni,at a stroke; with a single swoop,N1,adv,1609220,,,
0bf76a38ae,一切,いっさい,issai,all; everything; without exception; the whole; entirely; absolutely,N1,adv,1164170,,彼は私に食べ物を一切くれなかった。,He didn't give me anything to eat.
e4d22132c5,一心,いっしん,isshin,one mind; wholeheartedness; the whole heart,N1,adv; n,1163580,,彼女は一心に祈っていた。,She was rapt in prayer.
2718829b22,いっそ,いっそ,isso,rather; sooner; might as well,N1,adv,2613280,,彼の兄の方はいっそう背が高い。,His brother is still taller.
7ffd6e68aa,一帯,いったい,ittai,a region; a zone; the whole place,N1,n,1164570,,雨があたり一帯に降っている。,The rain is raining all around.
ae82b5d72e,一敗,いっぱい,ippai,one defeat,N1,n; vs; vi,1165660,,これからの星勘定を考えると、一敗もしたくない！,When I think of our standing in the series from now I don't want us to lose even once!
17cdd2798b,一変,いっぺん,ippen,complete change; about-face,N1,n; vs; vt; vi,1166420,,夫妻は化学を近代科学へと一変させた。,The couple transformed chemistry into a modern science.
69063cb582,意図,いと,ito,intention; aim; design,N1,n; vs; vt,1156690,,意図していたものとかけ離れた結果となった。,It had an effect alien from the one intended.
deb93f291c,異動,いどう,idou,a change,N1,n; vs; vt; vi,1157970,,,
cdd1146fbf,営む,いとなむ,itonamu,to carry on (e.g. in ceremony); to run a business,N1,v5m; vt,1173420,,その島には漁業を営む人たちが住んでいた。,The island was inhabited by a fishing people.
334a8aa633,暇,いとま,itoma,free time; leisure; leave; spare time; farewell,N1,n,2858986,,,
71377eae9e,挑む,いどむ,idomu,to challenge; to contend for; to make love to,N1,v5m; vt,1428230,,魔王が神に野球で勝負を挑んだ。,The devil challenged God to a baseball game.
5d1ad6cf31,否,いな,ina,no; nay; yes; well,N1,int,2857381,,彼の答は「否」であった。,His answer was in the negative.
dab09239d8,稲光,いなびかり,inabikari,(flash of) lightning,N1,n,1167850,,そのジェット機は稲光より速かった。,Those jets were faster than lightning.
6c4936ba30,古,いにしえ,inishie,antiquity; ancient times,N1,n,1265040,,,
a85f0694be,祈り,いのり,inori,prayer; supplication,N1,n,1222760,,彼女はひざまずいて神に祈りをささげた。,She prayed to God on her knees.
e21dfd4766,鼾,いびき,ibiki,snoring,N1,n,1575480,,いびきとたばこの吸い過ぎは実際に関連がある。,Snoring and excessive smoking are indeed related.
f7f8a306a6,今更,いまさら,imasara,now; at this late hour,N1,adv,1289150,,今更後悔しても無駄だ。,It's no use regretting it now.
30935266bc,未だ,いまだ,imada,as yet; hitherto; not yet (neg),N1,adv,1527110,,その島にはまだ未開の種族がいる。,There are still some savage tribes on that island.
94fa2eb100,移民,いみん,imin,emigration; immigration; emigrant; immigrant,N1,n; vs; vi,1158440,,ドイツの首相は移民問題に悩まされています。,The German Chancellor is plagued by immigration problems.
2b1903712a,いやいや,いやいや,iyaiya,unwillingly; grudgingly; shaking head in refusal (to children),N1,n,1587620,嫌々; 厭々,その命令に嫌々従う兵もいた。,Some soldiers were reluctant to obey the commands.
4c6dd2408d,卑しい,いやしい,iyashii,greedy; vulgar; shabby; humble; base; mean; vile,N1,adj-i,1482660,,卑しいことは絶対にしない。,He is above all meanness.
cd9ffe0242,いやに,いやに,iyani,awfully; terribly,N1,adv,1000910,,彼は、今日はいやに礼儀正しい。,He is being very polite today.
f79e08fc6d,嫌らしい,いやらしい,iyarashii,detestable; disagreeable,N1,adj-i,1257270,厭らしい,彼女の厚化粧が嫌らしい。,Her thick makeup is disgusting.
6a8979ffef,意欲,いよく,iyoku,will; desire; ambition,N1,n,1587690,,その老人は生きる意欲をなくした。,The old man lost the will to live.
a672cac6f3,衣料,いりょう,iryou,clothing,N1,n,1158830,,衣料品がだぶついている。,We have an oversupply of clothing.
896058a507,威力,いりょく,iryoku,power; might; authority; influence,N1,n,1587770,,,
0d79c7283f,入る,いる,iru,to get in; to go in; to come in; to flow into; to set; to set in,N1,v5r; vi,1465580,,私が部屋に入ると彼らは拍手した。,"As I entered the room, they applauded."
16c8d1b9b7,衣類,いるい,irui,clothes; clothing; garments,N1,n,1613280,,男性用の衣類はゆったりしている。,Men's clothing is loose fitting.
3f5fcba58b,異論,いろん,iron,different opinion; objection,N1,n,1158150,,異論はないです。,There is no objection on my part.
579a1fd344,印,いん,in,seal; stamp; mark; print,N1,n,1168050,,,
7ac2b47d4c,員,いん,in,member,N1,n; n-suf,1168610,,彼はまったくの民主党員だ。,He is heart and soul a Democrat.
7a05683c04,印鑑,いんかん,inkan,stamp; seal,N1,n,1168120,,こちらに印鑑かサインをお願いします。,"Your seal or signature here, please."
9033ded88e,陰気,いんき,inki,gloom; melancholy,N1,adj-na; n,1170280,,その家は見かけがたいへん陰気だった。,The house looked very dismal.
f3190b2a08,隠居,いんきょ,inkyo,retirement; retired person,N1,n,1170690,,,
e68cf2059a,インターチェンジ,インターチェンジ,intaachenji,interchange,N1,n,1022840,,,
592706bc9c,インターナショナル,インターナショナル,intaanashonaru,international,N1,adj-na; n,1022850,,,
cdc5cc7f6c,インターフォン,インターフォン,intaafon,intercom,N1,n,1022990,,,
07bd9dcf33,インテリ,インテリ,interi,egghead; intelligentsia,N1,n,1023410,,あの本の読者たちは自分のことをインテリだと思っている。,The readers of that book think themselves sophisticated.
f3830b7aa8,インフォメーション,インフォメーション,infomeeshon,information,N1,n,1024190,,空港のインフォメーションカウンターで働いています。,I work at an airport information desk.
4cfeb38640,インフレ,インフレ,infure,inflation,N1,n,1024430,,インフレを考慮した数値です。,It's an inflation-adjusted figure.
1e2cd74d5d,卯,う,u,"fourth sign of Chinese zodiac (The Hare, 5am-7am, east, February)",N1,n,1576460,,,
104005ac4b,ウェートレス,ウェートレス,weetoresu,waitress,N1,n,1025690,,,
1f3b016d79,上下,うえした,ueshita,high and low; up and down; unloading and loading; praising and blaming,N1,n,1352700,,,
3b9ec31cf4,含嗽,うがい,ugai,gargle; rinse mouth,N1,n; vs; vi,2797680,,せきには塩水のうがいが効く。,Gargling with salt water helps stop coughing.
d46f3d3b77,受かる,うかる,ukaru,to pass (examination),N1,v5r; vi,1329580,,彼はかろうじて試験に受かった。,He barely passed the examination.
bae36d5c14,受け入れ,うけいれ,ukeire,receiving; acceptance,N1,n,1329660,,彼は彼らの受け入れ方接待のしかたが気にいらないのだ。,He is displeased with their way of reception.
4b78567357,受け入れる,うけいれる,ukeireru,to accept; to receive,N1,v1; vt,1329670,,このホテルは犬は受け入れない。,This hotel does not take dogs.
8932a42228,受け継ぐ,うけつぐ,uketsugu,to inherit; to succeed; to take over,N1,v5g; vt,1329600,,彼はその財産を受け継ぐ資格はない。,He has no claim to the property.
5b9fc8d12f,受け付ける,うけつける,uketsukeru,to be accepted; to receive (an application),N1,v1; vt,1329690,,後になってテストを提出しても、受け付けられません。,"If you turn in a test late, it will not be accepted."
ba309fb9db,受け止める,うけとめる,uketomeru,to catch; to stop the blow; to react to; to take,N1,v1; vt,1329630,,・・・はぁ、どう状況を受け止めればいいのかしら。,"... Aaah, just how am I supposed to cope with this I wonder?"
aab4b1a261,受身,うけみ,ukemi,passive; passive voice,N1,n; adj-no; adj-na,1329860,,どうしてそんなに受け身的なのか。仕返ししてはどうだ。,How can you be so passive? Why don't you retaliate?
d5bc2a73b1,動き,うごき,ugoki,movement; activity; trend; development; change,N1,n,1451180,,このロボットの動きはぎこちない。,The movements of this robot are awkward.
3ffc020bb5,氏,うじ,uji,family name,N1,n,1311010,,人は氏より育ち。,"Birth is much, breeding is more."
6659596f97,潮,うしお,ushio,tide,N1,n,2866951,,,
9c8fe060e5,渦,うず,uzu,swirl,N1,n,1172310,,,
88984a7ed8,埋まる,うずまる,uzumaru,to be buried; to be surrounded; to overflow; to be filled,N1,v5r; vi,1584340,,この区域に財宝が埋まっているという話だ。,It is said that treasure is buried in this area.
d24ffe73c2,嘘つき,うそつき,usotsuki,liar (sometimes said with not much seriousness); fibber,N1,n,1172460,,もし嘘なら、彼女はうそつきだ。,"If that's false, she's a liar."
4b812c0625,打ち合わせる,うちあわせる,uchiawaseru,to knock together; to arrange,N1,v1; vt,1588150,,その仕事をブラウン氏と打ち合わせた。,I arranged the business with Mr Brown.
9728523e51,打ち切る,うちきる,uchikiru,to stop; to abort; to discontinue; to close,N1,v5r; vt,1408720,,この交渉を打ち切りたい。,We want to break off this negotiation.
a55c5f8705,打ち消し,うちけし,uchikeshi,negation; denial; negative,N1,n,1588200,,彼はうわさを打ち消したわよ。,He denied the rumor.
90cae1be23,打ち込む,うちこむ,uchikomu,"to drive in (e.g. nail, stake); to devote oneself to; to shoot into; to smash; to throw into",N1,v5m; vt,1581440,,彼はその仕事に打ち込んだ。,He applied himself to the task.
9f4eec854b,団扇,うちわ,uchiwa,fan,N1,n,1419250,,ちなみに、この部屋には冷房設備なんて物は何も無い。あるのはうちわだけ。,"Incidentally, this room doesn't have anything like an air conditioner. All it has is a hand-held paper fan."
d1a7b5a2a1,内訳,うちわけ,uchiwake,the items; breakdown; classification,N1,n,1459360,,内訳はどのようにしましょう？,How would you like these items?
c0b855c1c3,写し,うつし,utsushi,copy; duplicate; facsimile; transcript,N1,n,1321790,,その写しは原本と合っている。,The copy agrees with the original.
80a13982d0,訴え,うったえ,uttae,lawsuit; complaint,N1,n,1397710,,この訴えを退けたくはない。,I do not want to reject this claim.
345c476ef0,鬱陶しい,うっとうしい,uttoushii,gloomy; depressing,N1,adj-i,1568430,,毎日うっとうしくていやですね。,Don't you just hate this weather?
de65bd7649,空ろ,うつろ,utsuro,blank; cavity; hollow; empty (space),N1,adj-na,1588340,,洞窟からうつろに反響する音を耳にした。,We heard somber hollow sounds from the cave.
1789430d86,器,うつわ,utsuwa,bowl; vessel; container,N1,n,1218880,,彼は将来国家の棟梁たるべき器だ。,He has the capacity to be a future leader of the nation.
0d9ba347d8,腕前,うでまえ,udemae,ability; skill; facility,N1,n,1562890,,私はそのゴルファーの腕前に驚いた。,I marveled at the golfer's skill.
21bbf8697c,雨天,うてん,uten,rainy weather,N1,n,1172100,,雨天の後には晴天が来る。,After rain comes fair weather.
e6b73af208,促す,うながす,unagasu,to urge; to press; to suggest; to demand; to stimulate; to quicken; to incite; to invite (attention to),N1,v5s; vt,1403760,,この曲は眠りを促してくれます。,This music helps me to fall asleep.
4bea3861ba,自惚れ,うぬぼれ,unubore,pretension; conceit; hubris,N1,n,1317730,,誰でも大なり小なり自惚れはある。,Everyone is more or less conceited.
eac9dd5c43,生まれつき,うまれつき,umaretsuki,by nature; by birth; native,N1,adv; adj-no; n,1378770,,この生まれつきのあざに悩んでいます。,I'm troubled by this birth-mark.
c887a99195,産む,うむ,umu,to give birth; to deliver; to produce,N1,v5m; vt,1588410,,年明けに子供が産まれる予定です♪,I'm expecting a baby in the new year!
a0a7a8da18,埋め込む,うめこむ,umekomu,to bury,N1,v5m; vt,1524520,,,
661870fff1,梅干,うめぼし,umeboshi,dried plum,N1,n,1473500,,この梅干し、塩辛いね。,This umeboshi tastes really salty.
f3f408a1e8,末,うら,ura,top end; tip,N1,n,1525230,,,
00b65e54a4,裏返し,うらがえし,uragaeshi,inside out; upside down,N1,n,1550620,,ここへ来る途中、風が強すぎて僕の傘は裏返しになってしまった。,"On my way here, the strong wind blew my umbrella inside out."
689a54b032,売り出し,うりだし,uridashi,(bargain) sale,N1,n,1588530,,あのデパートでは今週メンズスーツが売り出し中だ。,Men's suits are on sale this week at that department store.
94031b8804,売り出す,うりだす,uridasu,to put on sale; to market; to become popular,N1,v5s; vt,1473860,,クリスマスは新しいおもちゃを売り出すいい機会だ。,Christmas is a good time to market new toys.
268a5fd6dc,潤う,うるおう,uruou,to be moist; to be damp; to get wet; to profit by; to be watered; to receive benefits; to favor; to charm,N1,v5u; vi,1341790,,このクリーム試してみて、肌がめっちゃ潤うから。,Try this cream. It's so moisturizing.
cca92e4195,五月蝿い,うるさい,urusai,noisy; loud; fussy,N1,adj-i,1481920,,あの子はなんてうるさい子だろう。,What a nuisance that child is!
4014e54a17,浮気,うわき,uwaki,flighty; fickle; wanton; unfaithful,N1,n; adj-na; vs; vi,1497450,,彼は決して浮気をしなかった。,He was always faithful to his wife.
4436cfdbab,上手,うわて,uwate,upper part; upper stream; left side (of a stage); skillful (only in comparisons),N1,n,1580400,,,
3803d886c8,上回る,うわまわる,uwamawaru,to exceed,N1,v5r; vt,1352770,,所得税は控除額を上回るいかなる所得にもかかる。,An income tax is levied on any income that exceeds deductions.
57d17c9b5d,植わる,うわる,uwaru,to be planted,N1,v5r; vi,1357260,,とうとう子供たちは山の真中に、りんごの木が植わっている小さな果樹園を見つけました。,Finally the children saw a little orchard in the middle of the mountain with apple trees growing inside it.
df00842b13,運営,うんえい,un'ei,management; administration; operation,N1,n; vs; vt,1172690,,彼は病院の管理運営に責任がある。,He's in charge of administration at the hospital.
f326cdd448,うんざり,うんざり,unzari,tedious; boring; being fed up with,N1,adv; adv-to; vs,1001110,,あの子にはうんざりする。,The kid is a pain in the neck.
6d4666b784,運送,うんそう,unsou,shipping; marine transportation,N1,n; vs; vt,1588620,,,
2eba52219f,運賃,うんちん,unchin,freight rates; shipping expenses; fare,N1,n,1172820,,運賃は片道1ドルです。,The fare is one dollar each way.
326a77ddc9,云々,うんぬん,unnun,and so on; and so forth; comment,N1,exp,1588630,,,
7e99520775,運搬,うんぱん,unpan,transport; carriage,N1,n; vs; vt,1173010,,男性は一人で運搬トラックに荷物を詰め込んでいる。,The man is loading the moving truck on his own.
645451702d,運命,うんめい,unmei,fate,N1,n; adj-no,1173030,,私たちは二度と彼女に会えない運命だった。,We were never to see her again.
01f242436f,運輸,うんゆ,un'yu,transportation,N1,n,1173050,,,
1103db2949,運用,うんよう,un'you,making use of; application; investment; practical use,N1,n; vs; vt,1173090,,問題は、お金をどう運用すべきかだ。,The problem is how we should manage the money.
5da1033412,会,え,e,understanding,N1,n,1198160,,陸上競技会は大雨のため中止になった。,The track meet was called off on account of the heavy rain.
5fd6ea6d24,重,え,e,-fold; -ply,N1,suf; ctr,1335730,,壁が屋根全体の重さを支えていた。,The walls supported the entire weight of the roof.
a26814e88a,エアメール,エアメール,eameeru,air mail,N1,n,1027510,,彼女は手紙をエアメールで送った。,She sent the letter by airmail.
922da07980,えい,えい,ei,ray (fish),N1,n,1001130,,,
cebfa04858,英字,えいじ,eiji,English letter (character),N1,n,1174530,,,
189db824d3,映写,えいしゃ,eisha,projection,N1,n; vs; vt,1173780,,彼はその劇場で映写係をやっている。,He's the projectionist at the theater.
be5ed48bcd,衛生,えいせい,eisei,health; hygiene; sanitation; medical,N1,n,1174790,,彼は衛生監視員である。,He is a sanitary inspector.
b1ee34b937,映像,えいぞう,eizou,reflection; image,N1,n,1173800,,その映像はピントがあっていない。,The image is not in focus.
62924474c4,英雄,えいゆう,eiyuu,hero; great man,N1,n,1174680,,英雄も従者にはただの人。,No man is a hero to his valet.
19595bf6aa,液,えき,eki,liquid; fluid,N1,n; n-suf,1174970,,その液はいやな臭いを発した。,The liquor gave off a sickly odor.
ca47625fe8,役,えき,eki,war; campaign; battle,N1,n,1537960,,,
2cd66712b3,閲覧,えつらん,etsuran,inspection; reading,N1,n; vs; vt,1175380,,お前の好きなインターネット閲覧ソフトはなんだ。,What's your favorite web browser?
d8f1d8b772,獲物,えもの,emono,game; spoils; trophy,N1,n,1205760,,ワシは獲物めがけて急降下した。,The eagle dived at its prey.
13ff9735e2,襟,えり,eri,neck; collar; lapel; neckband,N1,n,1588750,,見知らぬ男が私の襟をつかんだ。,A strange man caught me by the collar.
6451784f21,エレガント,エレガント,ereganto,elegant,N1,adj-na,1030350,,なんてエレガントなヨットなんでしょう！,What an elegant yacht!
9214f9905f,園,えん,en,garden (esp. man-made),N1,n-suf,2854424,,彼らは私の果実園を荒らした。,They robbed my orchard.
f11ad5d8d2,縁,えん,en,chance; fate; destiny; relation; bonds; connection; karma,N1,n,1177490,,金の切れ目が縁の切れ目。,The end of money is the end of love.
281570f768,艶,えん,en,charming; fascinating; voluptuous,N1,adj-na; n,1615260,,,
f9aaf64bd0,塩,えん,en,salt,N1,n,2847901,,沸騰している湯に塩を入れなさい。,Put some salt into the boiling water.
c21a451e73,円滑,えんかつ,enkatsu,harmony; smoothness,N1,adj-na,1576570,,彼は、中国語をしっていたので、私たちは計画を円滑に実行できた。,His knowledge of Chinese enabled us to carry out our plan smoothly.
26a7133c2f,縁側,えんがわ,engawa,veranda; porch; balcony; open corridor,N1,n,1177630,,,
32f7aa5c9b,沿岸,えんがん,engan,coast; shore,N1,n,1176740,,トロール漁船は沿岸の魚をとりつくしました。,Fishing trawlers have fished out all the local waters.
93fe84e748,婉曲,えんきょく,enkyoku,euphemistic; circumlocution; roundabout; indirect; insinuating,N1,adj-na; n,1566060,,,
e5d4fba484,エンジニア,エンジニア,enjinia,engineer,N1,n,1030910,,どうしてビルはエンジニアになる決心をしたのか。,What made Bill decide to be an engineer?
d8d1560f90,演習,えんしゅう,enshuu,practice; exercises; manoeuvers,N1,n; vs; vt; vi,1176930,,,
62e5ed991c,演出,えんしゅつ,enshutsu,production (e.g. play); direction,N1,n; vs; vt,1176950,,その劇は彼によって演出された。,The play was produced by him.
df7f4310a6,演じる,えんじる,enjiru,to perform (a play); to play (a part); to act (a part); to commit (a blunder),N1,v1; vt,1176780,,学生たちは「ハムレット」を演じた。,The students performed Hamlet.
b7dd037f7c,演ずる,えんずる,enzuru,to perform; to play,N1,vz; vt,1176790,,彼はロミオを演ずるとプログラムに出ていた。,It says in the program that he's playing Romeo.
7429dae3d6,沿線,えんせん,ensen,along railway line,N1,n; adj-no,1176750,,入学式も終わりました。同じ沿線の大学です。,I've already had the entrance ceremony. It's a university alongside the same railway line.
da24646f6d,縁談,えんだん,endan,marriage proposal; engagement,N1,n,1177650,,やっと、姉の縁談がまとまりました。,My older sister's marriage has finally been arranged.
3bfb8d81d9,遠方,えんぽう,enpou,long way; distant place,N1,n,1178340,,遠方に城が見えた。,We saw a castle in the distance.
a24b6a05b0,円満,えんまん,enman,perfection; harmony; peace; smoothness; completeness; satisfaction; integrity,N1,adj-na; n,1176200,,争議は円満に解決した。,The dispute was settled peacefully.
ad00cfc278,尾,お,o,tail; ridge,N1,n,1485770,,雄のくじゃくは尾の羽毛が色彩豊かである。,The male peacock has colorful tail feathers.
4fe63ccd71,甥,おい,oi,nephew,N1,n,1179140,,私のおいは卵に対してアレルギー体質だ。,My nephew is allergic to eggs.
5cdc0b28ad,追い込む,おいこむ,oikomu,to herd; to corner; to drive,N1,v5m; vt,1432330,,僕は追い込まれると一番仕事をする。,I work best under pressure.
bbd3ff32ae,追い出す,おいだす,oidasu,to expel; to drive out,N1,v5s; vt,1432350,,台所からその猫を追い出してくれ。,Chase the cat out of the kitchen.
98c6945629,おいて,おいて,oite,at; in; on,N1,exp,1178920,於いて,ちょっとの時間、電話を切らないでおいて下さい。,"Hold on a moment, please."
df8f0c0717,老いる,おいる,oiru,to age; to grow old,N1,v1; vi,1560990,,かわいそうな事にその老いた女性はまたもバッグを盗まれた。,The poor old woman had her bag stolen again.
4c962a58bb,負う,おう,ou,to bear; to owe,N1,v5u; vt,1497930,,負うた子に教えられて浅瀬を渡る。,A child on your back may guide you across a ford.
263aeb9d53,応急,おうきゅう,oukyuu,emergency,N1,n; adj-no,1179880,,これらの建物は応急の修理が必要です。,These buildings need temporary repairs.
75b3f9459f,黄金,おうごん,ougon,gold,N1,n,1181860,,絵の中の少女は黄金ではなくて花のかんむりをかぶっています。,The girl in the picture is wearing a crown not of gold but of flowers.
571519d3bb,応募,おうぼ,oubo,subscription; application,N1,n; vs; vt; vi,1180030,,その学校で新しい教師を必要としていたので、彼はその職に応募した。,"When the school needed a new teacher, he applied for the position."
98909531bf,おおい,おおい,ooi,hey!,N1,int,2853873,,若い時、彼はおおいに有望だった。,"In his youth, he had shown great promise."
3351589df4,大方,おおかた,ookata,perhaps; almost all; majority,N1,n; adj-no,1415020,,彼の言っていることの大方に私は同感である。,I am in agreement with most of what he says.
4259b4ca3c,大柄,おおがら,oogara,large build; large pattern,N1,adj-na; n,1414980,,ある研究によれば、大柄な女性は双子を生む傾向がより強い。,"According to a study, big women are more prone to have twins."
f1f8fbc2f8,オーケー,オーケー,ookee,OK,N1,int; n; vs; vt; vi,1031600,,フルコースもあれば、サラダで軽いお食事もオーケー。,"You can eat a complete meal, or just go easy with our salad bar."
e8a535ddec,大げさ,おおげさ,oogesa,grandiose; exaggerated,N1,adj-na,1588890,,彼は何でも大げさに言う傾向がある。,He has a tendency toward exaggeration.
c117100746,大事,おおごと,oogoto,important; valuable; serious matter,N1,n,2833293,,,
d8aaab462e,大筋,おおすじ,oosuji,outline; summary,N1,n,1413490,,その計画に大すじで賛成していただけませんか。,Would you agree to the plan in principle?
7823eb7759,大空,おおぞら,oozora,heaven; firmament; the sky,N1,n,1413510,,私は世の中のどんなことをするよりも大空に飛びたい。,I want to fly more than anything else in the world.
5eec70dba4,オートマチック,オートマチック,ootomachikku,automatic,N1,adj-no; adj-na,1032100,,,
ca1fafcdb2,大幅,おおはば,oohaba,full width; large scale; drastic,N1,adj-na; n,1414870,,この政策で物価は大幅に値上がりした。,This policy resulted in a great rise in prices.
226ff96dc6,オープン,オープン,oopun,open,N1,adj-na,1032990,,新しいショッピングモールが街のはずれにオープンした。,A new shopping mall opened on the edge of town.
a5ee74734c,大水,おおみず,oomizu,flood,N1,n; adj-no,1414210,,橋は大水で洗い流された。,The bridge was washed away by the flood.
9c2a6f0131,公,おおやけ,ooyake,official; public; formal; open; governmental,N1,adj-no; n,1273170,,その老人は１０年前に公の生活から引退した。,The old man retired from public life ten years ago.
bd73b2faac,侵す,おかす,okasu,to invade; to raid; to trespass; to violate; to intrude on,N1,v5s; vt,1359800,,自然はあらゆる領域で侵されている。,Nature is under attack on all fronts.
f20fe91a98,犯す,おかす,okasu,to commit; to perpetrate; to violate; to rape,N1,v5s; vt,1481550,,ビルはその罪を犯していなかった。,Bill did not commit the crime.
e3025feafa,臆病,おくびょう,okubyou,cowardice; timidity,N1,adj-na; n,1182790,,彼がああ臆病だとは思わなかった。,I did not think he was so timid.
7d8114cc2a,遅らす,おくらす,okurasu,to retard; to delay,N1,v5s; vt,1422000,,,
37d3906e02,遅れ,おくれ,okure,delay; lag,N1,n,1422020,,私達は多少の遅れを考慮に入れなければいけません。,We must allow for some delays.
1ee8b93761,厳か,おごそか,ogosoka,austere; majestic; dignified; stately; awful; impressive,N1,adj-na; n,1262520,,彼は群衆に向かって厳かに語りかけた。,He addressed the crowd gravely.
59f87d1565,行い,おこない,okonai,deed; conduct; behavior; action; asceticism,N1,n,1589050,,そのような行ないはいかにもメグらしい。,Such behavior is just like Meg.
bc37b59298,おごる,おごる,ogoru,to be proud,N1,v5r; vi,2857913,驕る; 傲る,驕れる者は久しからず。,Pride goes before a fall.
1dd6d7ea55,長,おさ,osa,chief; head,N1,n,2647190,,,
019aed3e0a,治まる,おさまる,osamaru,"to be at peace; to clamp down; to lessen (storm, terror, anger)",N1,v5r; vi,1316820,,痛みはやがて治まってくるでしょう。,The pain will go away by and by.
6ebf36ca63,収まる,おさまる,osamaru,to be obtained; to end; to settle into; to fit into; to be settled; to be paid; to be delivered,N1,v5r; vi,1330490,,最後にはうまく収まるだろう。,It'll come right in the end.
ade60dd5fd,納まる,おさまる,osamaru,to be obtained; to end; to settle into; to fit into; to be settled; to be paid; to be delivered,N1,v5r; vi,1330490,,最後にはうまく収まるだろう。,It'll come right in the end.
20d2bde23d,お産,おさん,osan,(giving) birth,N1,n,1001960,,ケイちゃんはとても運がいいのよ。お産の時から、そうだったわ。,Kei's very lucky! He has been since his birth.
f9d8a00b70,教え,おしえ,oshie,teachings; precept; lesson; doctrine,N1,n,1236890,,聖書には、賢い教えがたくさん見付かります。,Much wisdom is to be found in the Bible.
9cc36de6c5,押し込む,おしこむ,oshikomu,to push into; to crowd into,N1,v5m; vi; vt,1180260,,ピストルを持った男が彼をせきたてて車に押し込んだ。,A man with a gun urged him into the car.
90fe50c793,惜しむ,おしむ,oshimu,to be frugal; to value; to regret,N1,v5m; vt,1382300,,彼の死は惜しんでも余りあるものだ。,We cannot grieve over his death too deeply.
d88fa19ab3,押し寄せる,おしよせる,oshiyoseru,to push aside; to advance on,N1,v1; vi,1180190,,ダムが切れて流域に大水が押し寄せた。,The dam gave way and sent a great flush of water down the valley.
871359b199,雄,おす,osu,male (animal),N1,n; adj-no,1589190,,雄のくじゃくは尾の羽毛が色彩豊かである。,The male peacock has colorful tail feathers.
eb0a6d9289,お世辞,おせじ,oseji,flattery; compliment,N1,n,1002250,,私達は彼女の料理にお世辞を言った。,We flattered her on her cooking.
744be0e917,襲う,おそう,osou,to attack,N1,v5u; vt,1333330,,小泉氏が総理大臣として森氏の後を襲った。,Mr Koizumi succeeded Mr Mori as prime minister.
000e220ab0,遅くとも,おそくとも,osokutomo,at the latest,N1,adv,1421990,,遅くとも午前０時までには家に帰る。,I'll be home by midnight at the latest.
a25819a086,恐れ,おそれ,osore,fear; horror,N1,n,1236660,,おまけに、事故の恐れがより大きい。,"Also, there is a greater risk of accidents."
c550db6672,恐れ入る,おそれいる,osoreiru,to be filled with awe; to feel small; to be amazed; to be surprised; to be disconcerted; to be sorry,N1,v5r; vi,1236680,,立て板に水の如きプレゼンテーション、おそれ入りました。,Your presentation was so smooth and fluent - what can I say?
774c34ef39,煽てる,おだてる,odateru,to stir up; to instigate; to flatter,N1,v1; vt,1391600,,まず彼をおだてておいたほうがいいですよ。,You had better try buttering him up first.
35038194bb,落ち込む,おちこむ,ochikomu,to fall into; to feel down (sad),N1,v5m; vi,1548570,,１年前に比べれば価格は大きく落ち込んでいる。,"Compared with the level of a year ago, the price is sharply lower."
62a36048d0,落ち着き,おちつき,ochitsuki,calm; composure,N1,n,1548590,,彼は心の落ち着きを失った。,His presence of mind deserted him.
db320989e5,落ち葉,おちば,ochiba,fallen leaves; leaf litter; defoliation; shedding leaves,N1,n,1585070,,落葉を取り除いて下さい。,Please get rid of the dead leaves.
027523e5bf,乙,おつ,otsu,strange; quaint; stylish; chic; spicy; queer; witty; tasty; romantic; 2nd in rank,N1,adj-na,1182940,,甲の損は乙の得。,One man's gain is another man's loss.
486129fbbe,お使い,おつかい,otsukai,errand,N1,n,1001980,,あの子はよくお使いをする。,The boy often runs errands.
e6ac4a700b,おっかない,おっかない,okkanai,frightening; huge,N1,adj-i,1001330,,それを飲むのはおっかないな。,I'm afraid to drink it.
84406af4b1,お手上げ,おてあげ,oteage,all over; given in; given up hope; bring to knees,N1,n,1002080,,この問題にはお手上げだ。,This problem baffles me.
3c74d17c1d,弟,おと,oto,younger brother,N1,n,2837087,,妹は３歳年下で弟は４歳年下です。,My sister is three years younger than I and my brother is four years younger.
af9c173d83,おどおど,おどおど,odoodo,coweringly; hesitantly,N1,adv; adv-to; vs,1001400,,その来たばかりの子はおどおどして口ごもった。,The new boy had a nervous stammer.
f235910220,脅す,おどす,odosu,to threaten; to menace,N1,v5s; vt,1238070,,彼はそれを公表すると脅した。,He threatened to make it public.
7fca1acfbd,訪れる,おとずれる,otozureru,to visit,N1,v1; vt,1518080,,あなたは何回京都を訪れましたか。,How often did you visit Kyoto?
5b32f6a19b,少女,おとめ,otome,daughter; young lady; virgin; maiden; little girl,N1,n,2855480,,あのかわいい少女は私の妹です。,That pretty girl is my sister.
cff7b322bd,お供,おとも,otomo,attendant; companion,N1,n; vs,1001810,,彼女は私のお供をするように言われた。,She was told to accompany me.
df698ae04e,衰える,おとろえる,otoroeru,to become weak; to decline; to wear; to abate; to decay; to wither; to waste away,N1,v1; vi,1372430,,私は体力が衰えた。,My physical power has decayed.
c572358a69,驚き,おどろき,odoroki,surprise; astonishment; wonder,N1,n,1238660,,彼が失敗したのは少しも驚きではない。,It is no wonder that he failed.
f0375aa40d,同い年,おないどし,onaidoshi,of the same age,N1,n; adj-no,1451740,,君と僕とは同い年だ。,You and I are the same age.
5eae712fd9,女子,おなご,onago,woman; girl,N1,n,2858064,,,
ca6828b5da,自ずから,おのずから,onozukara,naturally; as a matter of course,N1,adv,1317330,,油断なく注意さえしておれば好機はおのずからうまれる。,"Plenty of opportunities will present themselves, if only you are awake to them."
a7833aaa2c,怯える,おびえる,obieru,to become frightened; to have a nightmare,N1,v1; vi,1236630,,その音に赤ん坊はおびえた。,The noise frightened the baby.
8fa321af86,夥しい,おびただしい,obitadashii,abundantly; innumerably,N1,adj-i,1565840,,子供に少し愛情を注いで見給え、すると君におびただしい愛情が戻ってくる。,"Give a little love to a child, and you get a great deal back."
30262fec40,帯びる,おびる,obiru,to wear; to carry; to be entrusted; to have; to take on; to have a trace of; to be tinged with,N1,v1; vt,1410430,,その問題は新しい性格を帯び始めた。,The question began to assume a new character.
830a31a8d7,覚え,おぼえ,oboe,memory; sense; experience,N1,n,1206040,,どこかであなたにお会いした覚えがあります。,I remember seeing you somewhere.
8b18560ec9,おまけ,おまけ,omake,a discount; a prize; something additional; bonus; an extra; an exaggeration,N1,n,1694410,御負け,彼は若いし、おまけに、二枚目だ。,"He is young and, what is more, handsome."
2e70898eaa,お宮,おみや,omiya,Shinto shrine,N1,n,1001790,,以前この辺りに小さなお宮があった。,There used to be a small shrine around here.
4019600b45,おむつ,おむつ,omutsu,diaper; nappy,N1,n,1270830,お襁褓,ピーターは新しいオムツを必要としているのかもしれない。,Peter may need a new diaper.
e562d42eba,思い付き,おもいつき,omoitsuki,plan; idea; suggestion,N1,n,1309380,,それについて一つ思いつきを言ってもいいですか。,May I make a suggestion about it?
e6562f65be,面,おもて,omote,face,N1,n,1584680,,,
eae8d1488f,主なる,おもなる,omonaru,main; principal; important,N1,exp; adj-pn,1589400,重なる,,
061df73f89,趣,おもむき,omomuki,meaning; tenor; gist; effect; appearance; taste; grace; charm; refinement,N1,n,1328960,,趣を説明することはできない。,There is no accounting for tastes.
59b6e4bc77,赴く,おもむく,omomuku,to go; to proceed; to repair to; to become,N1,v5k; vi,1498190,,しばしば、彼女は自ら赴かねばならなかった。,"More often than not, she had to go in person."
c633f63d6a,重んじる,おもんじる,omonjiru,to respect; to honor; to esteem; to prize,N1,v1; vt,1335940,,たいていの女性は流行を重んじる。,Most women make much of fashion.
35b4517046,重んずる,おもんずる,omonzuru,to honor; to respect; to esteem; to prize,N1,vz; vt,1335950,,,
d87794e93f,及び,および,oyobi,and; as well as,N1,conj,1228140,,全ての商品及びレストランで割引が効くわけではありません。,The discount can't be used for all goods or at all restaurants.
120c0331ab,及ぶ,およぶ,oyobu,to reach; to come up to; to amount to; to befall; to happen to; to extend; to match; to equal,N1,v5b; vi,1228170,,彼は犯行に及んだと信じられていた。,He was believed to have committed the crime.
2b57f165a6,織,おり,ori,weave; weaving; woven item,N1,n,1929820,,目の細かい織りのカーペットが一般的には価値が高い。,Tightly-knit carpets are generally more valuable.
2d13e31758,檻,おり,ori,cage; pen; jail cell,N1,n,1568410,,その動物は檻から出ようともがいた。,The animal struggled to get out of the cage.
280c350aaf,オリエンテーション,オリエンテーション,orienteeshon,orientation,N1,n,1035550,,新入生向けのオリエンテーションを行う。,We will have a period of orientation for freshmen.
64ad3d3360,折り返す,おりかえす,orikaesu,to turn up; to fold back,N1,v5s; vt,1385900,,,
e7af77b5ad,織物,おりもの,orimono,textile; fabric,N1,n,1357450,,あの店には織物類が置いてありますか。,Does that store keep textile goods?
dd75448626,織る,おる,oru,to weave,N1,v5r; vt,1357420,,彼女はずっとナプキンを織り続けた。,She folded napkins all the way.
1d05a03cd3,俺,おれ,ore,I (ego) (boastful first-person pronoun),N1,pn,1576870,,おまえはオレを殺そうとしている。,You are trying to kill me.
cfae27ab7c,オレンジ,オレンジ,orenji,an orange,N1,n; adj-no,1035860,,あなたはリンゴが好きですか、それともオレンジが好きですか。,Do you like apples or oranges?
68865480c1,愚か,おろか,oroka,foolish; stupid,N1,adj-na,1245100,,そんな愚かなことを言うな。,Do not say such foolish things.
679dc60eb0,疎か,おろそか,orosoka,neglect; negligence; carelessness,N1,adj-na,1396630,,学業をおろそかにするなんて、君はばかだ。,It is silly of you to neglect your studies.
612aa8aa8b,オンライン,オンライン,onrain,on-line,N1,n,1036080,,オンラインでお話しした方がよろしければそうします。,"If you need to go off-line, that is fine."
75df9efb1e,温和,おんわ,onwa,gentle; mild; moderate,N1,adj-na; n,1589620,,その国は気候が温和だ。,That country has a mild climate.
bacad0baf0,科,か,ka,department; section,N1,n; n-suf,1192680,,１ドルの罰金を科せられた。,I was fined a dollar.
b9efa4c556,カーペット,カーペット,kaapetto,carpet,N1,n,1036580,,このカーペットは実にお買い得だった。,This carpet was a real bargain.
a77c8b1d1f,下位,かい,kai,low rank; subordinate; lower order (e.g. byte),N1,n; adj-no,1184480,,彼は組んだ下位候補者が悪かったので落選しました。,He was dropped because of his running mate.
e8f22989ca,階,かい,kai,-floor (counter); stories,N1,ctr,1203020,,それはもう一つ下の階ですよ。,That's one level down.
42cf1a5950,街,がい,gai,~street; ~quarters,N1,n-suf,1204570,,ここは東京のビジネス街だ。,This is a business section of Tokyo.
a6f8ab22ac,改悪,かいあく,kaiaku,deterioration; changing for the worse,N1,n; vs; vt,1200760,,,
230db12bf5,海運,かいうん,kaiun,maritime; marine transportation,N1,n,1201230,,海運会社に勤めています。,I work for a shipping company.
ac684e96b8,外貨,がいか,gaika,imported goods; foreign money,N1,n,1203410,,どこで外貨の交換をすることができますか。,Where can I get my money exchanged?
b20fd69e1c,改革,かいかく,kaikaku,reform; reformation; innovation,N1,n; vs; vt,1200780,,「冬の時代」が大学改革の起爆剤となってくれればと思う。,"So-called ""winter time"" is expected to enhance the college reform."
a260f0ef0d,貝殻,かいがら,kaigara,shell,N1,n,1203130,,トムは美しい貝がらを浜辺でひろった。,Tom picked up some pretty shells on the beach.
ade644e17c,外観,がいかん,gaikan,appearance; exterior; facade,N1,n,1203460,,問題は、その本質よりもむしろ外観である。,The question is not so much what it is as how it looks.
40f53466d6,階級,かいきゅう,kaikyuu,class; rank; grade,N1,n,1203040,,彼は２年前に、大佐の階級に昇進した。,He was raised to the rank of colonel two years ago.
0abb370e7c,海峡,かいきょう,kaikyou,channel,N1,n,1201320,,その海峡に長い橋を建設中です。,They are building a long bridge across the channel.
3576b5bfed,会見,かいけん,kaiken,interview; audience,N1,n; vs; vi,1198500,,我が党の党首は他の党首達と会見し、その問題について話をした。,The leader of our party met with the other leaders and talked about the problem.
aa2c1d27ef,介護,かいご,kaigo,nursing,N1,n; vs; vt,1198060,,来年から日本では介護保険制度が始まるね。,"The new national elder-care insurance system starts next year, right?"
4bc51f4a57,開催,かいさい,kaisai,holding a meeting; open an exhibition,N1,n; vs; vt,1202710,,彼らは一連の音楽会を開催した。,They gave a series of concerts.
76371e791a,回収,かいしゅう,kaishuu,collection; recovery,N1,n; vs; vt,1199470,,いよいよ賭け金を回収するときがきました。,It's time to call in our chips.
0e51793639,改修,かいしゅう,kaishuu,repair; improvement,N1,n; vs; vt,1200880,,バグ改修、終わりました。,The bug has been fixed.
6fc1606473,怪獣,かいじゅう,kaijuu,monster,N1,n,1200280,,信じてもらえないだろうけど、茂みの中から怪獣が現れたんだよ。,"Believe it or not, a monster emerged from the bush."
a236f969f0,解除,かいじょ,kaijo,cancellation; rescinding; release; calling off,N1,n; vs; vt,1199030,,貿易障壁は戦争終結後解除されました。,Trade barriers were lifted after the war ended.
be24bd3e1e,外相,がいしょう,gaishou,Foreign Minister,N1,n,1203940,,外相は、戦争は避けられないと言った。,The Foreign Minister said that war was inevitable.
6cbf79a71a,害する,がいする,gaisuru,to injure; to damage; to harm; to kill; to hinder,N1,vs-s; vt,1609490,,その気候で健康を害した。,The climate affected his health.
754e93952d,概説,がいせつ,gaisetsu,general statement; outline,N1,n; vs; vt,1204470,,まず新しいサイトの概説をしようと思う。,"First, I'm going to do an outline of my new website."
eabf3cc94c,回送,かいそう,kaisou,forwarding,N1,n; vs; vt,1199610,,,
06f4ced5f8,階層,かいそう,kaisou,class; level; stratum; hierarchy,N1,n,1203080,,階層問題に対する、消費社会論の著である。,It is a literary work confronting the class problem of a consumer society.
347ac832b6,開拓,かいたく,kaitaku,reclamation (of wasteland); cultivation; pioneer,N1,n; vs; vt,1202830,,新たな入植者達がその広大な荒野を開拓した。,The newcomers cultivated the immense wilderness.
e871aeff74,会談,かいだん,kaidan,conversation; conference; discussion; interview,N1,n; vs; vi,1198760,,会談は２日間続いた。,The talks continued for two days.
cd8e0693bd,改定,かいてい,kaitei,reform,N1,n; vs; vt,1201040,,,
e1ffadc5ac,改訂,かいてい,kaitei,revision,N1,n; vs; vt; adj-no,1201060,,時刻表が改訂された。,The timetable has been revised.
71bcfaf693,ガイド,ガイド,gaido,tour guide,N1,n; vs; vt,1039900,,ガイドが私たちをホテルまで案内してくれた。,The guide led us to the hotel.
46b12b1acf,街道,かいどう,kaidou,highway,N1,n,1204650,,街道沿いのドライブインで昼食をとった。,We had lunch at a roadside restaurant.
438bbd01da,街頭,がいとう,gaitou,in the street,N1,n,1204640,,警察は街頭デモを阻止しようとした。,The police tried to stop the street demonstration.
a08c270ca6,該当,がいとう,gaitou,corresponding; answering to; coming under,N1,n; vs; vi,1204700,,この条件に該当する人は誰もいない。,There is nobody who fulfils these conditions.
32e318a947,ガイドブック,ガイドブック,gaidobukku,guidebook,N1,n,1039920,,ガイドブックを過信しちゃいけない。,Don't rely too much on your guidebook.
5c1c884ffe,介入,かいにゅう,kainyuu,intervention,N1,n; vs; vi,1198110,,彼女のプライバシーに介入するな。,Don't intrude on her privacy.
2430b22515,概念,がいねん,gainen,general idea; concept; notion,N1,n,1204480,,彼の福祉の概念はかなり観念的だ。,His notion of welfare is pretty abstract.
de9ee73238,開発,かいはつ,kaihatsu,development; exploitation,N1,n; vs; vt,1202880,,エンドユーザーの視野にたった商品開発が必須。,Our new product development efforts must be done from the end user's viewpoint.
3192ac8ca0,海抜,かいばつ,kaibatsu,height above sea level,N1,n,1201700,,"エヴェレスト山は海抜29,002フィートです。","Mt. Everest is 29,002 feet above sea level."
1fa591f378,介抱,かいほう,kaihou,nursing; looking after,N1,n; vs; vt,1198130,,他人任せはダメ。ライフセーバーではないが、俺自身が介抱してあげないと。,I can't leave this to others. I'm no lifesaver but if I don't help her myself....
3673e85a58,解剖,かいぼう,kaibou,dissection; autopsy,N1,n; vs; vt,1199270,,死体解剖の結果、絞殺と判明しました。,The postmortem showed that she had been strangled.
46e584a03b,外来,がいらい,gairai,imported; outpatient clinic,N1,n; adj-no,1204240,,君は外来思想に偏見を抱いているようだ。,You seem to be prejudiced against ideas that come from foreign countries.
a5f7798d72,回覧,かいらん,kairan,circulation,N1,n; vs; vt,1199800,,彼はその手紙を全員に回覧した。,He circulated the letter among the members.
dd35b714da,概略,がいりゃく,gairyaku,outline; summary; gist; in brief,N1,n; adv,1204510,,彼に計画の概略を述べてもらおう。,Ask him to sketch out his plan.
7527fce287,海流,かいりゅう,kairyuu,ocean current,N1,n,1201820,,海流に変化が起きたのだろうか。,Has a change in ocean currents occurred?
534de6d5d3,改良,かいりょう,kairyou,improvement; reform,N1,n; vs; vt,1201140,,コンピューターはたえず改良されている。,Computers are constantly being improved.
ecd9ff4900,回路,かいろ,kairo,circuit (electric),N1,n,1199830,,保護回路を飛ばしてしまおう。,Let's bypass the protection circuit.
4385ccd897,海路,かいろ,kairo,sea route,N1,n; adv,1201830,,陸路を運ぶのは大変ですが、海路で運ぶのは簡単です。,"It's very difficult to transport them overland, but simple to do so by sea."
c41eb29491,顧みる,かえりみる,kaerimiru,to look back; to turn around; to review,N1,v1; vt,1267870,,彼女は費用を顧みず家を飾りたてた。,She decorated her house regardless of cost.
4ff84bb232,省みる,かえりみる,kaerimiru,to reflect,N1,v1; vt,2836356,,,
3bd1fc1cbb,返る,かえる,kaeru,to return; to come back; to go back,N1,v5r; vi,1512150,,のろいはのろい主に返る。,"Curses, like chickens, come home to roost."
3b8b02f40f,顔付き,かおつき,kaotsuki,(outward) looks; features; face; countenance; expression,N1,n,1217850,,彼は怒った顔つきで外へでてきた。,He came out with an angry face.
f89fe48d9d,課外,かがい,kagai,extracurricular,N1,n; adj-no,1195750,,,
b3c4614300,掲げる,かかげる,kakageru,to publish; to print; to carry (an article); to put up; to hang out; to hoist; to fly (a sail),N1,v1; vt,1250600,,以下に掲げる人が合格です。,The following persons passed the examination.
408b1b2559,踵,かかと,kakato,(shoe) heel,N1,n,1573310,,長時間歩くと踵にたこができる。,"If you walk a lot, you will develop calluses on your heel."
e21caf00ad,書き取る,かきとる,kakitoru,to write down; to take dictation; to take notes,N1,v5r; vt,1343780,,それを書き取るだけでよい。,All you have to do is write it down.
2bde908249,掻き回す,かきまわす,kakimawasu,to stir up; to churn; to ransack; to disturb,N1,v5s; vt,1399880,,水を加えてペースト状になるまでかき回しなさい。,Add water and stir to a paste.
d3c0bd8213,佳句,かく,kaku,beautiful passage of literature,N1,n,1189710,,,
15569a3a2f,画,かく,kaku,stroke,N1,n; ctr,1197050,,「道」という漢字の総画数は何画ですか。,"How many strokes does the kanji for ""michi"" have?"
9c29728f70,格,かく,kaku,status; character; case,N1,n; n-suf,1205270,,thatには、主格、目的格の２つしかなく、格による形の変化はない。,"'That' has only the two cases, nominative and objective, and it does not inflect depending on the case."
0fc3c4aca9,核,かく,kaku,nucleus; kernel,N1,n,1205510,,この核時代にあっては、世界中どこの国だって安全ではない。,No country under the sun is safe in this nuclear age.
b913b671ea,角,かく,kaku,angle; bishop (shogi),N1,n; n-suf,1206100,,３角形のすべての角の和は１８０度に等しい。,The sum of all the angles in a triangle equals 180 degrees.
939c8fef9e,欠く,かく,kaku,to lack; to break; to crack; to chip,N1,v5k; vt,1253900,,彼は人間としての感情を欠いていた。,He was devoid of human feeling.
ca1ba3dd2f,学芸,がくげい,gakugei,arts and sciences; liberal arts,N1,n,1206720,,,
1bd65ccbfc,格差,かくさ,kakusa,qualitative difference; disparity,N1,n,1205340,,裕福な人々と貧しい人々との格差はますます広がっている。,The gap between rich and poor is getting wider.
81d5fdffc8,拡散,かくさん,kakusan,scattering; diffusion,N1,n; vs; vi,1205180,,科学者たちはエイズ・ウイルスの拡散をくい止めようと戦っています。,Scientists are fighting to stem the spread of the AIDS virus.
768e199110,学士,がくし,gakushi,university graduate,N1,n,1206760,,,
7d0a45022f,各種,かくしゅ,kakushu,every kind; all sorts,N1,n; adj-no,1205040,,その店は各種ワインをたくさん在庫している。,The store has a large stock of wines.
bca7171d6e,隔週,かくしゅう,kakushuu,every other week,N1,adv; adj-no,1607110,,ミーティングは隔週でやってます。,Meetings are held every other week.
764a72663e,確信,かくしん,kakushin,conviction; confidence,N1,n; vs; vt,1205870,,私は君の援助を確信している。,I am assured of your help.
9b8758c027,革新,かくしん,kakushin,reform; innovation,N1,n; vs; vt,1206470,,医学の革新は苦痛から私たちを取り除く最良の方法です。,Medical innovations are the best way to relieve us from sufferings.
645ccfe3be,学説,がくせつ,gakusetsu,theory,N1,n,1206950,,この学説は３部から成り立っている。,This theory consists of three parts.
5dd7bb9fa5,確定,かくてい,kakutei,definition (math); decision; settlement,N1,n; vs; vt; vi,1205880,,月曜までに確定見積もりが必要です。,We need a firm quotation by Monday.
829c94e4bb,カクテル,カクテル,kakuteru,cocktail,N1,n,1037070,,あのカクテルは甘くて飲みやすいよ。,That cocktail is sweet and easy to drink.
8dbc359e88,獲得,かくとく,kakutoku,acquisition; possession,N1,n; vs; vt; adj-no,1205750,,その子供達２人が賞を獲得した。,Both of the children won a prize.
0213bc7a8e,楽譜,がくふ,gakufu,score (music),N1,n,1207490,,彼女は楽譜なしにピアノを弾く。,She plays the piano by ear.
9354298dbe,確保,かくほ,kakuho,guarantee; ensure; maintain; insure; secure,N1,n; vs; vt,1205920,,コロンブスはこの地方を確保した。,Columbus secured this region of interests.
af4552502c,革命,かくめい,kakumei,revolution,N1,n,1206500,,鉄道はある種の革命を引き起こした。,The railroad provoked a kind of revolution.
4c51a40f31,確立,かくりつ,kakuritsu,establishment,N1,n; vs; vt; vi,1206030,,保安官は、その町の秩序を確立した。,The sheriff established order in the town.
6714738f83,学歴,がくれき,gakureki,academic background,N1,n,1207200,,給料は、経験と学歴に基づいて決まります。,Pay will be based on experience and educational background.
f0b5d3fde5,掛け,かけ,kake,credit,N1,n,1207600,,彼は上着をコート掛けにかけた。,He hung his coat on a hook.
5b0b01155c,賭け,かけ,kake,betting; gambling; a gamble,N1,n,1590040,,会社の賭けはうまくいきました。,The company's gamble paid off.
c5d3aaf44b,崖,がけ,gake,cliff,N1,n,1204380,,その崖は道路の上に突き出ている。,The cliff hangs over the road.
661af4249f,駆け足,かけあし,kakeashi,running fast; double time,N1,n,1244800,,トムは駆け足で階段を上っていった。,Tom ran up the stairs.
50a82211b1,家計,かけい,kakei,household economy; family finances,N1,n,1191910,,我が家の家計は赤字だ。,Our family budget is in the red.
ee23d690d0,ヶ月,かげつ,kagetsu,counter for months,N1,ctr,1194480,,６ヶ月後私たちは結婚した。,Six months later we were married.
cfb357ec03,駆けっこ,かけっこ,kakekko,(foot) race,N1,n; vs; vi,1244710,,居酒屋まで駆けっこしましょう！,Let's race to the Izakaya!
b5f8d282d1,駆ける,かける,kakeru,"to run (race, esp. horse); to gallop; to canter",N1,v1; vi,1244720,,ぱたぱたと足跡を立てて、エントランスへと駆けてゆく。,With a pitter-patter of footsteps she runs off to the entrance.
7860c45396,賭ける,かける,kakeru,to wager; to bet; to risk; to stake; to gamble,N1,v1; vt,1444840,,私はその馬に５ポンド賭けた。,I bet five pounds on the horse.
27629e72c4,加工,かこう,kakou,manufacturing; processing; treatment,N1,n; vs; vt,1190120,,イチゴは加工されてジャムになります。,Strawberries are made into jam.
f1aeb32800,化合,かごう,kagou,chemical combination,N1,n; vs; vi,1186980,,,
0830cb0b68,風車,かざぐるま,kazaguruma,windmill; pinwheel,N1,n,1583710,,オランダを訪問するまで、風車を見たことがなかった。,I had never seen a windmill until I visited the Netherlands.
b3f3b18c7d,嵩張る,かさばる,kasabaru,to be bulky; to be unwieldy; to grow voluminous,N1,v5r; vi,1372890,,この箱はかさばりすぎて運べない。,This box is too bulky to carry.
10e649caaa,嵩む,かさむ,kasamu,to pile up; to increase,N1,v5m; vi,1372880,,彼は借財がかさんでいた。,His debts were piling up.
904529718c,華奢,かしゃ,kasha,luxury; pomp; delicate; slender; gorgeous,N1,adj-na; n,2764440,,,
4641b96f3b,箇所,かしょ,kasho,passage; place; point; part,N1,n,1590250,,私はスキー中に２箇所も骨折した。,I broke my leg in two places during a skiing mishap.
35398ed297,火傷,かしょう,kashou,burn; scald,N1,n; vs; vi,2859761,,,
c283e8c6ea,箇条書き,かじょうがき,kajougaki,itemized form; itemization,N1,n,1590280,,,
807c84bfa5,微か,かすか,kasuka,faint; dim; weak; indistinct; hazy; poor; wretched,N1,adj-na,1590290,,私はかすかに微笑んだ。,I smiled faintly.
6f92f7e305,霞む,かすむ,kasumu,to grow hazy; to be misty,N1,v5m; vi,1196520,,彼の目は年のせいでかすんでいる。,His eyes are dim with age.
a5a7b2d6d5,化する,かする,kasuru,to change into; to convert into; to transform; to be reduced; to influence; to improve (someone),N1,vs-s; vt; vi,1186740,,データ化して、壁紙も作ってある。,I also digitized it and made a desktop image.
6ba1bae967,擦る,かする,kasuru,to touch lightly; to take a percentage (from),N1,v5r; vt,1636530,,車はフェンスをかすって傷がついた。,The car brushed the fence and got scratched.
f5120815d3,火星,かせい,kasei,Mars (planet),N1,n,1194060,,火星には生物の形跡はない。,There is no sign of life on Mars.
5b0765a40d,化石,かせき,kaseki,fossil; petrifaction; fossilization,N1,n; vs; vi,1187210,,私が手にしてるのは貝の化石です。,What I have in my hand is a fossil seashell.
fc3ea58ad0,化繊,かせん,kasen,synthetic fibres,N1,n,1187250,,,
9f60aaa2a3,河川,かせん,kasen,rivers,N1,n,1193520,,河川は豪雨で氾濫しました。,The rivers were flooded by the heavy rain.
deed4a1ac8,過疎,かそ,kaso,depopulation,N1,n; adj-no,1196220,,,
af871ac284,過多,かた,kata,excess; superabundance,N1,n; adj-na,1196230,,,
712db68fb8,難い,かたい,katai,difficult; hard,N1,adj-i,1582640,,これは始末の難い問題だ。,This is a difficult problem to solve.
f61f8da3d3,課題,かだい,kadai,subject; theme; task,N1,n,1195820,,私はとうとうこの課題を終えた。,"At last, I finished this homework."
9f4f812711,片思い,かたおもい,kataomoi,unrequited love,N1,n,1590350,,それは片思いの恋だった。,It was a one-sided love affair.
a63d59c119,敵,かたき,kataki,enemy; rival,N1,n-suf; n,1577915,,,
a2ee87bdca,気質,かたぎ,katagi,spirit; character; trait; temperament; disposition,N1,n; n-suf,1222250,,成功不成功は気質に左右されることが多い。,Success often depends on one's temperament.
898632e4f2,片言,かたこと,katakoto,a smattering; talk like a baby; speak haltingly,N1,n; adj-no,1511640,,そのアメリカ人の男の子は片言の日本語を話した。,The American boy spoke broken Japanese.
ae870bde15,片付け,かたづけ,katazuke,tidying up; finishing,N1,n,1511780,,まもなく例のウエーターが皿を片付けに戻ってきた。,Soon the same waiter came back to pick up the dishes.
31abecc2fa,傾ける,かたむける,katamukeru,to incline; to list; to bend; to lean; to tip; to tilt; to slant; to concentrate on; to ruin (a country),N1,v1; vt,1249420,,私は君の言うことには熱心に耳を傾けている。,I am all ears to what you say.
cf7e10e3e2,固める,かためる,katameru,to harden; to freeze; to fortify,N1,v1; vt,1266570,,政府はテロ撲滅の決意を固めている。,The government is determined to put an end to terrorism.
09ed6cd566,偏る,かたよる,katayoru,to be one-sided; to incline; to be partial; to be prejudiced; to lean; to be biased,N1,v5r; vi,1590420,,ハンバーガーばかり食べていると、栄養が偏るよ。,Your diet is going to be really unbalanced if all you eat is hamburgers.
ab92b16431,傍ら,かたわら,katawara,beside(s); while; nearby,N1,adj-no; n; adv,1590440,,彼は読書をし、その傍らで妻が手袋を編んでいた。,"He sat reading, with his wife knitting a pair of gloves beside him."
7b0ff27c4a,花壇,かだん,kadan,flower bed,N1,n,1590460,,その花壇は水をやる必要がある。,The flower garden needs watering.
637ddc23e2,雅致,がち,gachi,artistry; good taste; elegance; grace,N1,n,1197950,,,
b8251bb129,家畜,かちく,kachiku,domestic animals; livestock; cattle,N1,n,1192240,,飢饉のために、家畜が餓死した。,"Because of the famine, the cattle starved to death."
8d4eb1d5d4,且つ,かつ,katsu,yet; and,N1,conj; adv,1208840,,彼は作家でもあり、かつまた政治家でもある。,He is a writer and a statesman.
f29bc600e2,画期,かっき,kakki,epoch-making,N1,n,1197170,,,
4a24741cdf,がっくり,がっくり,gakkuri,heartbroken,N1,adv; n; vs; adv-to,1003190,,彼はがっくりひざをついた。,His knees gave way.
9ac5d77795,合唱,がっしょう,gasshou,chorus; singing in a chorus,N1,n; vs; vt,1284870,,パーティーは合唱で終わった。,The party ended up with a chorus.
6552d03076,がっしり,がっしり,gasshiri,firmly; solidly; tough,N1,adv; adv-to; vs,1003200,,そのスポーツ選手はがっしりした体格をしていた。,The athlete had a strong build.
226962592a,合致,がっち,gatchi,agreement; concurrence; conforming to,N1,n; vs; vi,1285100,,彼の日々の振る舞いは彼の主義主張と合致していない。,His daily behavior is not consistent with his principles.
6ff26acc7a,がっちり,がっちり,gatchiri,solidly built; tightly; shrewd; calculating,N1,adv; adv-to; vs,1003210,,彼は背が高く骨組みのがっちりした人だ。,He is a tall and strongly built man.
bb98750fc8,かつて,かつて,katsute,once; ever,N1,adv; adj-no,1581210,嘗て,彼女はかってその問題に直面した。,She was at one time faced with the problem.
bf831318fb,カット,カット,katto,cut; cutting,N1,n; vs; vt,1037630,,,
35ff0c814b,活発,かっぱつ,kappatsu,vigor; active,N1,adj-na; n,1208410,,私たちはとても活発な討論をした。,We had a very vigorous debate.
18c78b84a5,月日,がっぴ,gappi,(the) date,N1,n,1609580,,,
81b1055209,合併,がっぺい,gappei,combination; union; amalgamation; consolidation; merger; coalition; fusion; annexation; affiliation; incorporation,N1,n; vs; vt; vi,1578970,,２社は合併を計画している。,The two companies plan to unite.
06f4d19456,カテゴリー,カテゴリー,kategorii,category,N1,n,1037790,,作家としての彼女は伝統的なカテゴリーのいずれにも当てはまらない。,"As a writer, she does not fit into any of the traditional categories."
1f8754ca0a,門,かど,kado,gate,N1,n,2868800,,,
f62a99c583,叶う,かなう,kanau,to come true (wish),N1,v5u; vi,1208870,,もし病気の人が千羽の鶴を折ると、その人の願いが叶うの。,"If a sick person folds one thousand paper cranes, her wish will come true."
e5f895f32e,叶える,かなえる,kanaeru,"to grant (request, wish)",N1,v1; vt,1208880,,彼らは彼の要求を叶えた。,They granted his request.
d0f0a90008,金槌,かなづち,kanazuchi,(iron) hammer; punishment,N1,n,1779760,,彼女は金づちで鏡を粉々にしました。,She shattered the mirror with a hammer.
378a7e05c1,加入,かにゅう,kanyuu,becoming a member; joining; entry; admission; subscription; affiliation; adherence; signing,N1,n; vs; vi,1190430,,まさかの時のために彼は保険に加入した。,He insured himself for a rainy day.
d4517d7970,予言,かねごと,kanegoto,prediction; promise; prognostication,N1,n,2826481,,君の予言どおりやつはうってきた。,"He came out shooting, same as you said he would."
ed378b5868,兼ねて,かねて,kanete,simultaneously,N1,adv; adj-no,1542850,,私達は時々、ドライブを兼ねて大好きなラーメンを食べに行きます。,We sometimes combine going for a drive with eating the ramen we love so.
11ea9854e2,下番,かばん,kaban,going off duty,N1,n; vs; vi,1186150,,,
9914ba6768,華美,かび,kabi,pomp; splendor; gaudiness,N1,n; adj-na,1195610,,結婚の後、アランは黴だらけの小さいアパートを出て、生活が華美に流れた。,"After his wedding, Alain left his small, moldy apartment and led an extravagant life."
b892be6c8b,株式,かぶしき,kabushiki,stock (company),N1,n,1208970,,株式は一晩のうちに下がった。,The stock has gone down overnight.
17127782ea,かぶれる,かぶれる,kabureru,to react to; to be influenced by; to go overboard for,N1,v1; vi,1222350,気触れる,ツタウルシにかぶれました。,I got a rash from poison ivy.
42f7f86db3,花粉,かふん,kafun,pollen,N1,n,1194890,,私は花粉アレルギーだ。,I am allergic to pollen.
ea13ce8188,貨幣,かへい,kahei,money; currency; coinage,N1,n,1195930,,貨幣は銀行制度を通じて流通する。,Money circulates through the banking system.
ba175a37df,構え,かまえ,kamae,posture; pose; style,N1,n,1279690,,私は最後のチャンスを待ち構えた。,I watched for the last chance.
0cf4699a61,構える,かまえる,kamaeru,to set up,N1,v1; vt,1279700,,彼はジャマイカに住居を構えた。,He took up residence in Jamaica.
faa5d9f423,加味,かみ,kami,seasoning; flavoring,N1,n; vs; vt,1190570,,,
9f4cb35bae,噛み切る,かみきる,kamikiru,to bite off; to gnaw through,N1,v5r; vt,1209200,,サメがその男の足を噛み切った。,A shark snapped the man's leg off.
b84686d05e,過密,かみつ,kamitsu,crowded,N1,n; adj-na,1196460,,彼は過密スケジュールを都合して、私の舞台を見に来てくれた。,He organized his overcrowded schedule and managed to come to see my performance.
71e525cecf,カムバック,カムバック,kamubakku,comeback,N1,n; vs; vi,1038320,,,
45e3926625,瓶,かめ,kame,earthenware pot,N1,n,1491110,,,
bb321580b5,カメラマン,カメラマン,kameraman,cameraman,N1,n,1038390,,彼は大学卒業後カメラマンになった。,He became a cameraman after he graduated from college.
a17b494ad7,粥,かゆ,kayu,(rice) gruel,N1,n,1209350,,若いときは貧乏でかゆをすすって暮らした。,"When he was young, he was so poor that he virtually had to live on gruel."
e13e651c3d,体付き,からだつき,karadatsuki,body build; figure,N1,n,1409680,,スポーツをするにはほっそりとした体つきが必要である。,Sports activities require a slender figure.
b6d0a7d9d0,絡む,からむ,karamu,to entangle; to entwine,N1,v5m; vi,1548520,,居酒屋で変なおっさんにからまれた。,I was given a hard time by a strange guy at the tavern.
3c350abfd3,下吏,かり,kari,lower official,N1,n,1186520,,,
86c52538cd,仮,かり,kari,tentative; provisional,N1,adj-no; pref,1187290,,仮のブリッジをいれます。,You'll need a temporary bridge.
1e5e52057a,借り,かり,kari,borrowing; debt; loan,N1,n,1323540,,なした約束は払ってない借りである。,A promise made is a debt unpaid.
8f03e9fe5a,がる,がる,garu,feel,N1,suf; v5r,1631750,,私が早く去るので彼らは残念がった。,My leaving early made them feel sorry.
f37b92c192,カルテ,カルテ,karute,(de:) (n) clinical records (de: Karte),N1,n,1039000,,このカルテを持って３階のレントゲン室へ行ってください。,Please take this chart to the X-ray Room on the third floor.
2270685c93,ガレージ,ガレージ,gareeji,garage (at house),N1,n,1040530,,父はガレージを掃除している。,My father is sweeping the garage.
4012ffd5eb,涸れる,かれる,kareru,to dry up; to run out,N1,v1; vi,1568740,,水の価値は井戸がかれて初めて分かる。,We never know the worth of water till the well is dry.
7586c985b1,過労,かろう,karou,overwork; strain,N1,n; adj-no,1196490,,彼女は過労でくたくたになっていた。,She was worn out from overwork.
68a47d4c28,辛うじて,かろうじて,karoujite,barely; narrowly; just manage to do st,N1,adv,1365870,,際どいところを辛うじて助かった。,I had a close shave.
ddb35e549d,側,がわ,gawa,side; row; surroundings; part; (watch) case,N1,n; suf,1581310,,審判はどちらの側も支持するべきではない。,A referee should not favor either side.
b966033b0e,交わす,かわす,kawasu,to exchange (messages); to dodge; to parry; to avoid; to turn aside,N1,v5s; vt,1590750,,彼らは固い握手を交わして別れた。,They parted with a firm handshake.
2a2e56c75e,代わる代わる,かわるがわる,kawarugawaru,alternately,N1,adv,1590830,,私たちは代わる代わる馬の世話をした。,We took care of our horses by turns.
8ac22c99b5,管,かん,kan,pipe; tube,N1,n,1577650,,管から水が吹き出した。,Water shot from the pipe.
e36dea4beb,観,かん,kan,look; appearance; spectacle,N1,n; n-suf,1214770,,これがアメリカ人から見た日本観です。,This is Japan as Americans see it.
982393851b,館,かん,kan,house; hall; building; hotel; inn; guesthouse,N1,n; n-suf,1929870,,タッソーろう人形館へ行く道を教えて頂けませんか。,Could you tell me the way to Madame Tussaud's?
3032faf776,癌,がん,gan,cancer,N1,n,1217110,,クッキーのお母さんはガンで死んだ。,Cookie's mother died of cancer.
8d1c155181,簡易,かんい,kan'i,simplicity; easiness; quasi-,N1,adj-na; n,1214270,,簡易ベッドで寝てるんだ。,I sleep on a cot.
c1fa0bdbba,眼科,がんか,ganka,ophthalmology,N1,n; adj-no,1217150,,眼科で視力検査をしました。,I took an eyesight test in the eye clinic.
229675dfd1,感慨,かんがい,kangai,strong feelings; deep emotion,N1,n,1212310,,,
fd76167657,寒気,かんき,kanki,cold; frost; chill,N1,n,2866134,,彼女は寒気を防ぐために厚いコートを着ていた。,She was wearing a thick coat against the chill.
fdf92d887d,眼球,がんきゅう,gankyuu,eyeball,N1,n; adj-no,1217180,,豚の眼球は食べても大丈夫なんですか？,Is it safe to eat a pig's eyeball?
208f1c892d,眼鏡,がんきょう,gankyou,spectacles; glasses,N1,n,2862467,,トレイシーは眼鏡をなくした。,Tracy lost her glasses.
32936b686e,簡潔,かんけつ,kanketsu,brevity; conciseness; simplicity,N1,adj-na,1214290,,簡潔は機知の精髄。,Brevity is the soul of wit.
604ed9d75d,還元,かんげん,kangen,resolution; reduction; return to origins,N1,n; vs; vt; vi,1215130,,ゲイツ会長、広告収入をユーザーに還元する意向表明。,Bill Gates announces intent to return advertising revenue to the users.
48c30478f7,漢語,かんご,kango,Chinese word; Sino-Japanese word,N1,n,1213150,,漢語はもともと外来語です。,Kanji compounds are originally loanwords.
46452a33da,看護,かんご,kango,nursing; (army) nurse,N1,n; vs; vt,1213810,,母親が、彼の看護にあたってる。,His mother is in attendance on him.
3a51656702,頑固,がんこ,ganko,stubbornness; obstinacy,N1,adj-na; n,1217680,,彼は性質が頑固だ。,He is obstinate in disposition.
83c370d019,刊行,かんこう,kankou,publication; issue,N1,n; vs; vt,1210570,,ついに新しい小説が刊行された。,The new novel was finally published.
d093342f1e,慣行,かんこう,kankou,customary practice; habit; traditional event,N1,n; adj-no,1212680,,その慣行は廃止すべきだ。,The practice should be done away with.
473f338072,勧告,かんこく,kankoku,advice; counsel; remonstrance; recommendation,N1,n; vs; vt; adj-no,1210970,,,
0af3e8ffd5,換算,かんさん,kansan,conversion; change; exchange,N1,n; vs; vt,1212820,,あなたは何でも金に換算して考えない方がよい。,You had better not think of everything in terms of money.
2d92e8aee6,監視,かんし,kanshi,observation; guarding; inspection; surveillance,N1,n; vs; vt,1213680,,彼は衛生監視員である。,He is a sanitary inspector.
159cb0134a,慣習,かんしゅう,kanshuu,usual (historical) custom,N1,n,1212700,,その慣習は守らなくてはならない。,That institution must be protected.
d880e351b3,観衆,かんしゅう,kanshuu,spectators; onlookers; members of the audience,N1,n,1214930,,そのショーは観衆には楽しいものであった。,The show was pleasing to the audience.
d49401e144,願書,がんしょ,gansho,written application or petition,N1,n,1218050,,あなたの願書に最近の写真を貼りなさい。,Attach a recent photograph to your application form.
7911d71bb7,干渉,かんしょう,kanshou,interference; intervention,N1,n; vs; vi,1212050,,僕のことに干渉しないでくれ。,Don't interfere in my affairs.
fb0ee55a03,頑丈,がんじょう,ganjou,solid; firm; stout; burly; strong; sturdy,N1,adj-na; n,1217690,,これは掛けるのにたいそう頑丈ないすだ。,This is a very sturdy chair to sit in.
d2365542f9,感触,かんしょく,kanshoku,sense of touch; feeling; sensation,N1,n,1212440,,これはシルクの感触だ。,This feels like silk.
a8c2f09a8d,肝心,かんじん,kanjin,essential; fundamental; crucial; vital; main,N1,adj-na; adj-no; n,1590870,,なんであれ物事の本体を捕らえる事が肝心だ。,"No matter what the problem is, it's essential to get at the heart of the matter."
929ca03092,歓声,かんせい,kansei,cheer; shout of joy,N1,n,1213000,,群集は嬉しさのあまり歓声を上げた。,The crowd yelled with delight.
1545c39a58,関税,かんぜい,kanzei,customs; duty; tariff,N1,n,1215930,,関税申告書が必要になります。,A customs declaration is required.
0f7cd622f7,岩石,がんせき,ganseki,rock,N1,n,1217360,,岩石や鉱物はいろいろな面で私たちに有益である。,Rocks and minerals are useful for us in many ways.
c6ca8a3635,幹線,かんせん,kansen,main line; trunk line,N1,n; adj-no,1212140,,,
eac47f495f,感染,かんせん,kansen,infection; contagion,N1,n; vs; vi,1212470,,それは細菌感染に有効だ。,It is effective against bacterial infections.
459d66f088,簡素,かんそ,kanso,simplicity; plain,N1,adj-na; n,1214300,,芝刈り機が簡素な作りの荷車に積んである。,Some lawn equipment is loaded into the jerry-built cart.
bc4a6899c9,観点,かんてん,kanten,point of view,N1,n,1215000,,彼は私を違った観点から見るようになった。,He came to see me in a different light.
aa35e35b5e,感度,かんど,kando,sensitivity; severity (quake),N1,n,1212550,,,
337e74cd80,カンニング,カンニング,kanningu,cunning; cheat,N1,n; vs; vi,1039490,,私たちはみな試験でカンニングをすることは悪いと考えている。,We all consider it wrong to cheat on the test.
56d8ac0eb8,元年,がんねん,gannen,first year (of a specific reign),N1,n,1261020,,,
0db42a387a,幹部,かんぶ,kanbu,management; (executive) staff; leaders,N1,n,1212170,,彼はその問題について幹部の何人かと協議した。,He consulted with some of the staff on the matter.
3c07e35ffe,完璧,かんぺき,kanpeki,perfection; completeness; flawless,N1,adj-na; n,1590970,,君は完璧な仕事をしてくれた。,You've done a perfect job.
b1f166bc1d,勘弁,かんべん,kanben,pardon; forgiveness; forbearance,N1,n; vs; vt,1210870,,同じことを何回繰り返すの。屋上屋を架すようなくどい説明は勘弁してよ。,"You're wasting your time with all this needless repetition, so spare us the long-winded explanation."
42ee85789e,感無量,かんむりょう,kanmuryou,deep feeling; inexpressible feeling; filled with emotion,N1,n; adj-no; adj-na,1212620,,,
11d82217b9,勧誘,かんゆう,kan'yuu,invitation; solicitation; canvassing; inducement; persuasion; encouragement,N1,n; vs; vt,1211120,,顧客に対する勧誘の電話が、テレマーケティング部の主要業務である。,Cold calls are the primary function of the telemarketing department.
012a1c2c8f,関与,かんよ,kan'yo,participation; taking part in; participating in; being concerned in,N1,n; vs; vi,1216050,,ゲンドウがこの件に関与していたとしても不思議ではない。,It is no wonder to me that Gendou has something to do with.
ca9c938e99,寛容,かんよう,kan'you,forbearance; tolerance; generosity,N1,n; adj-na; vs; vt,1211970,,我々は、誰であろうとテロ活動に携わるものに寛容でいるつもりはない。,We will not tolerate anyone who engages in terrorism.
7dd8b9ee0b,慣用,かんよう,kan'you,common; customary,N1,n; vs; vt; adj-no,1212720,,,
bad0f9f7f6,元来,がんらい,ganrai,originally; primarily; essentially; logically; naturally,N1,adv,1261080,,元来の私は、内向的なんですよ。こんなところで、ちゃーちゃー言ってますけど。,"I'm an introvert by nature, but here I am going on and on."
41eaf268bc,観覧,かんらん,kanran,viewing,N1,n; vs; vt,1215040,,,
e5967381ed,官僚,かんりょう,kanryou,bureaucrat; bureaucracy,N1,n,1211860,,彼の辞職で官僚の席に空きができた。,His resignation left a vacancy in the cabinet.
3fdc1ebe22,慣例,かんれい,kanrei,custom; precedent; of convention,N1,n,1212750,,,
73311cdf3b,還暦,かんれき,kanreki,60th birthday,N1,n,1215160,,明日は母方の祖父の還暦のお祝いをする。,My grandfather on my mother's side is celebrating his 60th birthday tomorrow.
b78add3bf7,貫禄,かんろく,kanroku,presence; dignity,N1,n,1215110,,君は課長としての貫禄がないね。,You don't have proper dignity as chief of the section.
9ee07e82bb,緩和,かんわ,kanwa,relief; mitigation,N1,n; vs; vt; vi,1214530,,需給関係が緩和している。,The supply-demand balance is relaxing.
529c76a4cf,期,き,ki,period; time,N1,n; n-suf,1220540,,経済は景気後退期に入った。,The economy has entered a recession.
f1134267ba,生,き,ki,pure; undiluted; raw; crude,N1,n; pref,1378440,,,
f5be5f6d73,議案,ぎあん,gian,legislative bill,N1,n,1226010,,この議案は我々の政策に合っている。,This measure is in accord with our policy.
967f7bc52a,危害,きがい,kigai,injury; harm; danger,N1,n,1218440,,どんな理由があっても他人に危害を加えてはいけない。,You should not inflict any injury on others on any account.
69d9557e28,企画,きかく,kikaku,planning; project,N1,n; vs; vt,1218150,,私はあなたの企画に参加する。,I take part in your enterprise.
fb232e065c,規格,きかく,kikaku,standard; norm,N1,n,1222970,,,
a9458f13be,着飾る,きかざる,kikazaru,to dress up,N1,v5r; vt,1423080,,アメリカ人は一般に着飾ることを好まない。,"Americans, in general, don't like to dress up."
f5725dfb67,気兼ね,きがね,kigane,hesitance; diffidence; feeling constraint; fear of troubling someone,N1,n; vs; vi,1222120,,思ったことを気兼ねなく言っていいんだよ。,Feel free to share your thoughts.
fafb1c5079,気軽,きがる,kigaru,cheerful; buoyant; lighthearted,N1,adj-na,1222110,,私たちの惑星は飛ぶ鳥の気軽さで宇宙を動いている。,Our planet moves in space with the lightness of a bird in flight.
bdd2a9e0d8,器官,きかん,kikan,organ (of body); instrument,N1,n,1218910,,私たちは内臓器官を調べるためにカエルを解剖した。,We dissected a frog to examine its internal organs.
268ecc0793,季刊,きかん,kikan,quarterly (e.g. magazine),N1,n; adj-no,1222810,,,
4588cf36bc,危機,きき,kiki,crisis,N1,n,1218450,,我々は一大危機に直面している。,We are facing a violent crisis.
d2d2bc8e51,聞き取り,ききとり,kikitori,listening comprehension,N1,n,1505790,,大阪の方言は聞き取り難い。,It's hard to catch words in the Osakan dialect.
2d50f7ad6c,効き目,ききめ,kikime,effect; virtue; efficacy; impression,N1,n,1591070,,その薬の効きめが現れた。,The medicine took effect.
47771f1706,帰京,ききょう,kikyou,returning to Tokyo,N1,n; vs; vi,1221310,,,
e9cce3fe13,戯曲,ぎきょく,gikyoku,play; drama,N1,n,1225010,,彼はいくつかの戯曲を韻文で書いた。,He wrote several plays in verse.
f4044c1119,基金,ききん,kikin,fund; foundation,N1,n; adj-no,1219020,,シンガポールの中央基金は年金を支給する。,Singapore's Central Fund provides pensions.
3f6adda25e,喜劇,きげき,kigeki,comedy; funny show,N1,n,1218810,,私たちはロンドンに喜劇を見に行った。,We went to see a comedy in London.
0e52dda10a,議決,ぎけつ,giketsu,resolution; decision; vote,N1,n; vs; vt,1226050,,その条項は、議決はすべて過半数をもって成立すると規定している。,The clause provides that all decisions shall be made by majority vote.
107a18ca50,棄権,きけん,kiken,abstain from voting; renunciation of a right,N1,n; vs; vt,1220670,,いざ投票という時、彼は棄権した。,"When it was time to vote, he abstained."
400423303a,起源,きげん,kigen,origin; beginning; rise,N1,n,1591140,,この民族の起源は神秘につつまれている。,The origins of these people is shrouded in mystery.
4e00989d6c,機構,きこう,kikou,mechanism; organization,N1,n,1220940,,ＷＨＯとは世界保健機構を表す。,WHO stands for World Health Organization.
e4a3072227,既婚,きこん,kikon,marriage; married,N1,adj-no; n,1220350,,既婚女性が家や夫や子供たちの面倒を見ることがどんなことか、彼女は知っていた。,"She knew what it was like for married women to look after houses, husbands and children."
7ab6d50625,気障,きざ,kiza,affectation; conceit; snobbery,N1,adj-na; n,1222310,,彼らは彼のきざな話し方を笑った。,They laughed at the affectations in his speech.
3cad90a857,記載,きさい,kisai,mention; entry,N1,n; vs; vt,1223230,,著者と出版社の名前を記載します。,I will include the author's and publisher's names.
acfd50010e,兆し,きざし,kizashi,signs; omen; symptoms,N1,n,1591160,,その建物は老朽化の兆しを見せている。,The building exhibits signs of dilapidation.
40998d8848,期日,きじつ,kijitsu,fixed date; settlement date,N1,n,1220610,,試験期日を照会してみる必要がある。,We need to make inquiries about the date of the examination.
7403053ba1,議事堂,ぎじどう,gijidou,Diet building,N1,n,1226090,,銀行スキャンダルは国会議事堂をかけぬけました。,A banking scandal is sweeping across Capitol Hill.
d80fc9667c,軋む,きしむ,kishimu,to jar; to creak; to grate,N1,v5m; vi,1573440,,テーブルがきしむほど食物がたくさんあった。,The table was groaning with food.
b0868ed2cd,記述,きじゅつ,kijutsu,describing; descriptor,N1,n; vs; vt,1223280,,あの男は新聞の記述と一致する。,The man answers to the description in the newspaper.
c756e082cc,気象,きしょう,kishou,weather; climate,N1,n,1222270,,環境汚染は、異常な気象状況を引き起こしている。,Environmental pollution is causing abnormal weather conditions.
1ef8454626,奇数,きすう,kisuu,odd number,N1,n; adj-no,1219410,,１、３、５は奇数である。,"One, three, and five are odd numbers."
7c29a620bc,築く,きずく,kizuku,to build; to pile up; to amass,N1,v5k; vt,1422140,,彼は貿易で財産を築いた。,He made his fortune from commerce.
1932992711,傷付く,きずつく,kizutsuku,to be hurt; to be wounded; to get injured,N1,v5k; vi,1591240,,傷ついた鳥が地面に落ちた。,The injured bird fell to the ground.
64b98ebf54,規制,きせい,kisei,regulation,N1,n; vs; vt,1223010,,交通規制には従わないといけない。,We should obey the traffic rules.
c3f182c7a5,犠牲,ぎせい,gisei,sacrifice,N1,n,1225450,,数千人がこの病気の犠牲になった。,Thousands of people became victims of this disease.
d793a29cc2,汽船,きせん,kisen,steamship,N1,n,1222730,,その汽船は香港に立ち寄った。,The liner called at Hong Kong.
56c97b87bd,寄贈,きぞう,kizou,donation; presentation,N1,n; vs; vt,1577730,,同書を一部ご寄贈いただければ幸いに存じます。,I would very much appreciate receiving a copy of the book.
0ce664d522,偽造,ぎぞう,gizou,forgery; falsification; fabrication; counterfeiting,N1,n; vs; vt; adj-no,1224580,,その文書は本物でも偽造されたものでもない。,The document is neither genuine nor forged.
91fdffaf48,貴族,きぞく,kizoku,noble; aristocrat,N1,n; adj-no,1223550,,彼は貴族の出である。,He springs from a noble family.
c18859026f,議題,ぎだい,gidai,topic of discussion; agenda,N1,n,1226130,,議題を変えてみたらどうだろう。,Suppose we change the subject.
6a55eceb06,鍛える,きたえる,kitaeru,to forge; to drill; to temper; to train; to discipline,N1,v1; vt,1419120,,彼は鋼を鍛えて刀を作った。,He forged the steel into a sword.
0aba7c931b,気立て,きだて,kidate,disposition; nature,N1,n,1222670,,なるほど彼女は美人ではないが、気立てがよい。,"She is not beautiful, to be sure, but she is good-natured."
48d1eb2573,来る,きたる,kitaru,to come; to arrive; to be due to; to be next; to be forthcoming,N1,v5r; vi,1591270,,何があなたをここに来させたのか。,What made you come here?
10ac90d275,きちっと,きちっと,kichitto,exactly; perfectly,N1,adv; vs,1003390,,靴を脱いだらきちっと揃えておきなさい。,"If you are taking your shoes off, please put them in their place."
d5ab320203,几帳面,きちょうめん,kichoumen,methodical; punctual; steady,N1,adj-na,1564360,,お金の事では彼女は几帳面です。,She is exact in money matters.
62271007f5,きっかり,きっかり,kikkari,exactly; precisely,N1,adv,1003410,,ケイトは５時きっかりに来た。,Kate came at five sharp.
23de10d698,喫茶,きっさ,kissa,tea drinking; tea house,N1,n,1226430,,マンガ喫茶を営んでいます。,I own a comic book store.
e8532fa5c4,きっちり,きっちり,kitchiri,precisely; tightly,N1,adv; adv-to; vs,1003420,,彼女は入ってからきっちりドアを閉めた。,She closed the door tightly behind her.
082f3292f2,きっぱり,きっぱり,kippari,clearly; plainly; distinctly,N1,adv; adv-to; vs,1003440,,彼は私を中に入れるのをきっぱりと断った。,He flatly refused to let me in.
c8ec08e8af,規定,きてい,kitei,regulation; provisions,N1,n; vs; vt,1223060,,この犯罪に対して法律はある罰則が規定されている。,The law prescribes certain penalties for this offence.
59fc835fed,起点,きてん,kiten,starting point,N1,n,1223860,,,
7825b83055,軌道,きどう,kidou,orbit; railroad track,N1,n,1223980,,その衛星は地球の軌道を１０周した。,The satellite made 10 orbits of the earth.
fef649093b,技能,ぎのう,ginou,technical skill; ability; capacity,N1,n,1225230,,学生は読書の技能を磨くべきだ。,Students should develop their reading skills.
99d671e7c9,甲,きのえ,kinoe,1st in rank; first sign of the Chinese calendar; shell; instep; grade A,N1,n,2397580,,,
27f5dcd741,規範,きはん,kihan,model; standard; pattern; norm; criterion; example,N1,n,1591390,,倫理学というのは、行動の規範を意味する。,Ethics means the rules of conduct.
e05bb17edd,気品,きひん,kihin,aroma,N1,n,1222540,,その町を色にたとえていうと、ワインレッドかな、こう、なんか気品があって、落ち着くのよね。,"If that city were a color, it would be a color with a quiet sort of dignity ... wine red, say."
d23da22be0,気風,きふう,kifuu,character; traits; ethos,N1,n,1222580,,,
e5983c3097,起伏,きふく,kifuku,undulation,N1,n; vs; vi,1223930,,,
8cae689952,規模,きぼ,kibo,scale; scope; plan; structure,N1,n,1223090,,我々のクラスは規模が大きくなった。,Our class has increased in size.
584d78b24f,気まぐれ,きまぐれ,kimagure,whim; caprice; whimsy; fickle; moody; uneven temper,N1,n,1591410,,気まぐれな天気だな。,The weather is fickle.
9d306d1477,生真面目,きまじめ,kimajime,too serious; person who is too serious; honesty; sincerity,N1,adj-na; n,1379150,,彼女はきまじめな気質である。,She is a serious person.
ac858447fc,期末,きまつ,kimatsu,end of term,N1,n; adj-no,1220620,,期末レポートははかどってますか。,How is your term paper coming along?
47871e07a3,決まり悪い,きまりわるい,kimariwarui,feeling awkward; being ashamed,N1,adj-i,1254160,,私は誤りを指摘されて決まり悪い思いをした。,I was abashed when my mistakes were pointed out.
aa8aefa05c,記名,きめい,kimei,signature; register,N1,n; vs; vt; vi,1223430,,持ち物すべてに記名してください。,Please put their name on everything they take with them.
b23f5a2bd7,規約,きやく,kiyaku,agreement; rules; code,N1,n,1223110,,新しい規約は全会一致で承認された。,The new regulations were confirmed by the full committee.
3a40a73925,脚色,きゃくしょく,kyakushoku,dramatization (e.g. film),N1,n; vs; vt,1226830,,この劇は小説から脚色したものです。,This play was adapted from the novel.
f44fefb984,逆転,ぎゃくてん,gyakuten,(sudden) change; reversal; turn-around; coming from behind (baseball),N1,n; vs; vt; vi,1227170,,形勢は逆転した。,Now the shoe is on the other foot.
d563e62066,脚本,きゃくほん,kyakuhon,scenario,N1,n,1226880,,脚本を書いていて、行き詰まった時はどうする？,What do you do when you get writer's block while writing a script?
003bb60074,客観,きゃっかん,kyakkan,objective,N1,n; adj-no,1226690,,,
28fa5ea61e,キャッチ,キャッチ,kyatchi,catch,N1,n; vs,1041530,,彼は左手でボールをキャッチした。,He caught the ball with his left hand.
010d19262d,キャリア,キャリア,kyaria,career; career government employee,N1,n,1041980,,,
85e455a3f4,救援,きゅうえん,kyuuen,relief; rescue; reinforcement,N1,n; vs; vt,1229070,,彼らは直ちに我々の救援にやってきた。,They came presently to our rescue.
9bfe4c732e,休学,きゅうがく,kyuugaku,temporary absence from school; suspension,N1,n; vs; vt,1227660,,トムは休学にはならなかった。,Tom wasn't suspended from school.
dc6d837292,究極,きゅうきょく,kyuukyoku,ultimate; final; eventual,N1,adj-no; n; vs; vi,1230040,,人類の究極的運命はどうなるであろうか。,What is man's ultimate destiny?
844fe531a0,窮屈,きゅうくつ,kyuukutsu,narrow; tight; stiff; rigid; uneasy; formal; constrained,N1,adj-na; n,1230080,,列車のコンパートメントはすぐ窮屈になる。,Train compartments soon get cramped.
007ce2885e,球根,きゅうこん,kyuukon,(plant) bulb,N1,n; adj-no,1229950,,,
1474b01387,救済,きゅうさい,kyuusai,relief; aid; rescue; salvation; help,N1,n; vs; vt,1229150,,その老人は貧民救済に多額の金を寄付した。,The old man contributed a large sum of money to the poor.
67f3849fbb,給仕,きゅうじ,kyuuji,office boy (girl); page; waiter,N1,n,1230240,,きれいなウエイトレスが給仕してくれた。,A pretty waitress waited on us.
355f61bfeb,給食,きゅうしょく,kyuushoku,school lunch; providing a meal,N1,n; vs; vi,1230250,,給食はあるの？,Do you have lunch at school?
7752eb179f,休戦,きゅうせん,kyuusen,truce; armistice,N1,n; vs; vi,1227890,,彼らは休戦条件で合意した。,They agreed on cease-fire terms.
ce6fddde9b,旧知,きゅうち,kyuuchi,old friend; old friendship,N1,n,1231060,,,
c9543e4954,宮殿,きゅうでん,kyuuden,palace,N1,n,1228470,,宮殿は物々しい警戒ぶりだった。,The palace was heavily guarded.
24f332f9b9,窮乏,きゅうぼう,kyuubou,poverty,N1,n; vs; vi,1230120,,彼はそんな窮乏の中でどうやって暮らしていたのか。,How did he make his living in such poverty?
424e314e84,丘陵,きゅうりょう,kyuuryou,hill,N1,n,1227320,,飛行機から見ると、小さな丘陵は平地のように見える。,Small hills look flat from an airplane.
f4518f31a9,寄与,きよ,kiyo,contribution; service,N1,n; vs; vi,1219810,,軍縮は必ずや平和に寄与する。,Disarmament is sure to make for peace.
3f18aa382c,行,ぎょう,gyou,line; row; verse,N1,n,1281690,,彼は１０行に１０個の間違いをした。,He made ten mistakes in as many lines.
aa7cbec229,驚異,きょうい,kyoui,wonder; miracle,N1,n; adj-no,1238700,,その光景を見て私は驚異の念にうたれた。,The sight struck me with wonder.
aae84ff017,教員,きょういん,kyouin,teaching staff,N1,n,1236980,,お前は教員になる決心をしたのか。,Have you made up your mind to become a teacher?
4ed752603d,教科,きょうか,kyouka,subject; curriculum,N1,n,1237010,,どの教科が一番好きですか。,Which subject do you like best?
555acd1644,協会,きょうかい,kyoukai,association; society; organization,N1,n,1235550,,協会は彼を会長にした。,The society made him president.
2fc064a101,共学,きょうがく,kyougaku,coeducation,N1,n; vs; vi,1234350,,,
3e9b86c219,共感,きょうかん,kyoukan,sympathy; response,N1,n; vs; vi,1234370,,あなたの考え方には共感できます。,I really agree with what you're saying.
8aa1c32c13,協議,きょうぎ,kyougi,conference; consultation; discussion; negotiation,N1,n; vs; vt,1235570,,私たちはその問題を彼らと協議した。,We consulted them about the problem.
b8821eb7da,境遇,きょうぐう,kyouguu,environment; circumstances,N1,n,1236000,,彼女は貧しい境遇で暮らしている。,She lives in poor circumstances.
68de5f83d6,教訓,きょうくん,kyoukun,lesson; precept; moral instruction,N1,n; vs; vt,1237080,,実例は教訓にまさる。,Example is better than precept.
cfe443b2a2,強硬,きょうこう,kyoukou,firm; vigorous; unbending; unyielding; strong; stubborn,N1,adj-na; n,1236250,,大統領は強硬路線をとった。,The President took a hard line.
47dee1039f,強行,きょうこう,kyoukou,forcing; enforcement,N1,n; vs; vt,1236270,,,
2d26656cd1,教材,きょうざい,kyouzai,teaching materials,N1,n,1237110,,一口に英会話教材といっても、千差万別だ。,They all get lumped together as English texts. But in fact these books are extremely varied and wide-ranging.
9569eb17f4,凶作,きょうさく,kyousaku,bad harvest; poor crop,N1,n; adj-no,1235440,,昨年は異常な冷夏で、稲作は１０年ぶりの凶作だった。,"It was exceptionally cold last summer, and the rice crop was the worst in 10 years."
f2e6012f18,共産,きょうさん,kyousan,communism,N1,n,1234430,,,
2284a3924c,業者,ぎょうしゃ,gyousha,trader; merchant,N1,n,1239440,,あぶく銭を稼ごうとする開発業者たちよ。,They're some developers who aim to make a fast buck!
5287564058,享受,きょうじゅ,kyouju,reception; acceptance; enjoyment; being given,N1,n; vs; vt,1233280,,日本は戦後繁栄を享受している。,Japan has enjoyed prosperity since the war.
307287bc5f,教習,きょうしゅう,kyoushuu,training; instruction,N1,n; vs; vt,1237170,,,
2c40858d7a,郷愁,きょうしゅう,kyoushuu,nostalgia; homesickness,N1,n,1238500,,管弦楽団は郷愁に満ちた音楽を演奏し始めた。,The orchestra struck up nostalgic music.
edb3e0745a,教職,きょうしょく,kyoushoku,teaching certificate; the teaching profession,N1,n,1237220,,彼女は教職につくことを望んでいる。,She wants to engage in teaching.
28430d8ffb,興じる,きょうじる,kyoujiru,to amuse oneself; to make merry,N1,v1; vi,1238180,,,
dad79e7a91,強制,きょうせい,kyousei,obligation; coercion; compulsion; enforcement,N1,n; vs; vt,1236350,,何も私にそれをあきらめるように強制することができない。,Nothing can force me to give it up.
c6048749d9,行政,ぎょうせい,gyousei,administration,N1,n,1282010,,その省は内政問題の行政をつかさどる。,The ministry administers the internal affairs.
957a5df166,業績,ぎょうせき,gyouseki,achievement; performance; results; work; contribution,N1,n,1239460,,会社は昇進で彼の業績に報いた。,The company rewarded him with promotion.
7706bb62ac,共存,きょうぞん,kyouzon,coexistence,N1,n; vs; vi,1578050,,,
f773197117,協調,きょうちょう,kyouchou,co-operation; conciliation; harmony; firm (market) tone,N1,n; vs; vi,1235700,,企業経営で活躍するために必要となるのが多くの仲間と仕事を遂行するための協調精神です。,What you need to take part in business management is the team spirit to work with many colleagues.
cc44c69a73,協定,きょうてい,kyoutei,arrangement; pact; agreement,N1,n; vs,1235730,,我々の協定を破ったのは君のほうだ。,It's you who has broken our agreement.
40679c4e7e,脅迫,きょうはく,kyouhaku,threat; menace; coercion; terrorism,N1,n; vs; vt,1238110,,脅迫のもとになされた約束は無効だ。,A promise given under a threat is worthless.
6ac4e94627,業務,ぎょうむ,gyoumu,business; affairs; duties; work,N1,n,1239540,,日曜日は郵便業務がありますか。,Is there postal service on Sunday?
bb9d56bf5e,共鳴,きょうめい,kyoumei,resonance; sympathy,N1,n; vs; vi,1235190,,我々は共鳴する点がおおい。,We have a lot of sympathies in common.
f5a08cfe03,郷里,きょうり,kyouri,birth-place; home town,N1,n,1238540,,私の郷里の町は海に接している。,My home town is adjacent to the ocean.
f76e437e26,強烈,きょうれつ,kyouretsu,strong; intense; severe,N1,adj-na; n,1236620,,彼の返報は鼻への強烈なパンチだった。,His answer was a hard punch on the nose.
40d2a7c07d,共和,きょうわ,kyouwa,republicanism; cooperation,N1,n,1630190,,,
cd2faccb83,曲,きょく,kyoku,tune; piece of music,N1,n; n-suf,1239700,,そのピアニストはアンコールに応えて２曲弾いた。,The pianist played two encores.
bce14973f2,玉,ぎょく,gyoku,king (shogi),N1,n,1921990,,王手をかけられたほうは、玉を逃げるなどの方法で王手を防がねばなりません。,The checked player must find a way for the king to escape and block the check.
155a94d80b,局限,きょくげん,kyokugen,limit; localize,N1,n; vs; vt,1239600,,,
5f5902801b,極端,きょくたん,kyokutan,extreme; extremity,N1,n; adj-na,1240380,,君の言うことは極端じゃないか。,Aren't you pushing it too far?
49ed2b2eec,居住,きょじゅう,kyojuu,residence,N1,n; vs; vi,1231810,,「居住外国人」とは、どういう意味ですか。,"What does ""resident alien"" mean?"
ec9c5c966c,拒絶,きょぜつ,kyozetsu,refusal; rejection,N1,n; vs; vt,1232390,,彼の返答は拒絶も同然だ。,His answer amounts to a refusal.
47507ec0a9,漁船,ぎょせん,gyosen,fishing boat,N1,n,1233050,,海岸から約１マイル沖に漁船が見えた。,I saw a fishing boat about a mile off the shore.
1c0fc99847,漁村,ぎょそん,gyoson,fishing village,N1,n,1233060,,トムは小さな漁村に住んでいた。,Tom lived in a small fishing village.
521d19d407,拒否,きょひ,kyohi,denial; veto; rejection; refusal,N1,n; vs; vt,1232410,,私はその質問に答えることを拒否する。,I refuse to answer the question.
90e522f730,許容,きょよう,kyoyou,permission; pardon,N1,n; vs; vt,1232910,,すべての職業が女性に開かれるべきだ、というのは今や完全に許容されている考え。,It is now a fully accepted idea that all occupations should be open to women.
972ca66946,清らか,きよらか,kiyoraka,clean; pure; chaste,N1,adj-na,1378180,,,
5523e28c32,距離,きょり,kyori,distance; range,N1,n,1232920,,４マイルはかなりの距離だ。,Four miles is a good distance.
5fda236b3d,気楽,きらく,kiraku,at ease; comfortable,N1,adj-na; n,1222010,,ほんの気楽なパーティーだった。,It was only an informal party.
0500973033,煌びやか,きらびやか,kirabiyaka,gorgeous; gaudy; dazzling; gay,N1,adj-na,1570480,,きらびやかでいて重厚な宮殿を前に言葉も出ない。,I'm speechless before such a beautiful and stately palace.
4b0b74219f,桐,きり,kiri,paulownia tree,N1,n,1240710,,,
a8ba7d61d2,切り,きり,kiri,limits; end; bounds; period; place to leave off; closing sentence; all there is; only; since,N1,n,1383800,,彼は３８歳なのに両親に頼りきりです。,"Though 38, he is still dependent on his parents."
a7495d2ed6,義理,ぎり,giri,duty; sense of duty; honor; decency; courtesy; debt of gratitude; social obligation,N1,n; adj-no,1225920,,義理だけの拍手をもらう。,It was just polite applause.
424c018f3e,切り替える,きりかえる,kirikaeru,to change; to exchange; to convert; to renew; to throw a switch; to replace; to switch over,N1,v1; vt,1591780,,,
bc1f0acc20,気流,きりゅう,kiryuu,atmospheric current,N1,n,1222680,,ただ今気流の関係で揺れております。,We are currently experiencing some turbulence.
ba660e4e5a,切れ目,きれめ,kireme,break; pause; gap; end; rift; interruption; cut; section; notch; incision; end (of a task),N1,n,1591930,,金の切れ目が縁の切れ目。,The end of money is the end of love.
aed9fbb1c2,際,きわ,kiwa,edge; brink; verge; side,N1,n; n-suf,1296290,,,
effe5c2acb,疑惑,ぎわく,giwaku,doubt; misgivings; distrust; suspicion,N1,n; adj-no; n-suf,1225680,,この種の事件はよく疑惑を生む。,Events of that type generally arouse suspicion.
746e5a2a80,極めて,きわめて,kiwamete,exceedingly; extremely,N1,adv,1240200,,彼女は行儀が極めて上品である。,She is quite decent in conduct.
c5acfdc8ca,近眼,きんがん,kingan,nearsightedness; shortsightedness; myopia,N1,n; adj-na; adj-no,1242220,,十人に一人は近眼である。,One out of ten persons is nearsighted.
451a92254d,緊急,きんきゅう,kinkyuu,urgent; pressing; emergency,N1,n; adj-no; adj-na,1241850,,緊急の場合は、１１９番に電話しなさい。,"In case of emergency, call 119."
e25e5b82f0,均衡,きんこう,kinkou,equilibrium; balance,N1,n; vs; vi,1241270,,アメリカには憲法上の抑制と均衡という入念な制度がある。,America has an elaborate system of constitutional checks and balances.
2ca2f2c406,近郊,きんこう,kinkou,suburbs; outskirts,N1,n,1242290,,彼は東京近郊に住んでいる。,He lives in the suburbs of Tokyo.
314af27802,近視,きんし,kinshi,shortsightedness,N1,n; adj-no,1242320,,私は近視なので、あの看板に何が書いてあるか分からない。,"I am near-sighted, so I cannot make out what is written on that signboard."
d81ca0a2b5,禁じる,きんじる,kinjiru,to prohibit,N1,v1; vt,1241470,,彼女は喫煙を禁じられた。,She was prohibited from smoking.
775cb6278a,禁ずる,きんずる,kinzuru,to forbid; to suppress,N1,vz; vt,1241480,,ベッドでの煙草を禁ずる厳しい規則がある。,There is a very strict rule forbidding smoking in bed.
c7c6864d64,勤勉,きんべん,kinben,industry; diligence,N1,adj-na; n,1241060,,トムはいまや以前にもまして勤勉に働いている。,Tom works more diligently now.
f43ce78911,吟味,ぎんみ,ginmi,testing; scrutiny; careful investigation,N1,n; vs; vt,1243390,,社の弁護士に暫定合意の内容を吟味してもらおう。,We'll have our firm's attorneys look through the provisional agreement.
0c7666523d,勤務,きんむ,kinmu,service; duty; work,N1,n; vs; vi,1241070,,その警備員は一晩中勤務だった。,The guard was on duty all night.
890a56cd6a,禁物,きんもつ,kinmotsu,taboo; forbidden thing,N1,n,1241660,,長い付き合いにかけは禁物。,Short accounts make long friends.
b7e93ba2fc,勤労,きんろう,kinrou,labor; exertion; diligent service,N1,n; vs; vi,1241160,,勤労によって日本は今日の日本になった。,Hard work has made Japan what it is today.
bb46d28cb9,区,く,ku,ward; district; section,N1,n,1244080,,英国の南東区は人口密度が高い。,The South East region of England is densely populated.
1a857b8ff7,クイズ,クイズ,kuizu,quiz,N1,n,1043470,,このクイズは全然分からない。,I can make nothing of this quiz.
fb59b16497,食い違う,くいちがう,kuichigau,to cross each other; to run counter to; to differ; to clash; to go awry,N1,v5u; vi,1358110,,彼らの報告は食い違っている。,Their reports don't accord.
58b6a6ca0a,空腹,くうふく,kuufuku,hunger,N1,n; adj-na; adj-no,1246000,,その食事で彼は空腹を満たした。,The meal satisfied his hunger.
22562443d0,区画,くかく,kukaku,division; section; compartment; boundary; area; block,N1,n; vs; vt,1592110,,彼女はここから数区画離れた所に住んでいる。,She lives a few blocks away from here.
da3d3e127b,区間,くかん,kukan,"section (of track, etc)",N1,n; n-suf,1244120,,不通区間の開通の見込みはまだない。,There's no hope at this moment that the closed section will be reopened.
13cadbf1d1,茎,くき,kuki,stalk,N1,n,1251950,,その茎は君の小指よりやや太い。,The stalk is a little bigger around than your little finger.
cf40697176,区切り,くぎり,kugiri,an end; a stop; punctuation,N1,n,1244180,,,
91af54997d,潜る,くぐる,kuguru,to pass through; to go under; to slip through; to evade,N1,v5r; vi,1609710,,,
cfdb0d4137,種々,くさぐさ,kusagusa,variety,N1,adj-no,2869428,,彼は種々の方法を試みた。,He tried many different methods.
576bcd05c5,旧事,くじ,kuji,past events; bygones,N1,n,1577950,,,
90bc8fc506,籤引,くじびき,kujibiki,lottery; drawn lot,N1,n; vs; vi,1570370,,彼はくじ引きで一等賞を当てたよ。,He won the first prize in the lottery.
d17666b653,くすぐったい,くすぐったい,kusuguttai,ticklish,N1,adj-i,1003730,,もぅ、止めてよ。くすぐったい！,"Oh stop, that tickles!"
4d62fb410a,件,くだん,kudan,example; precedent; the usual; the said; the above-mentioned; (man) in question,N1,adj-no,1255930,,ちょうどその時、件の二人が登校してきた。,Just then the two in question arrived at school.
237ff96ee6,愚痴,ぐち,guchi,idle complaint; grumble,N1,n,1245170,,一日中、愚痴をこぼしてばかりいる。,He does nothing but complain all day long.
11ad69064c,口ずさむ,くちずさむ,kuchizusamu,to hum something; to sing to oneself,N1,v5m; vt,1275720,,母は台所でせっせと料理しながら歌を口ずさんでいた。,Mother hummed to herself as she went about her cooking in the kitchen.
388eca3ffa,嘴,くちばし,kuchibashi,beak; bill,N1,n,1565560,,きつつきは、長く尖ったくちばしで、木の幹をつついて、中にいる虫を食べます。,Woodpeckers peck tree trunks with their long pointed beaks and eat insects found there.
700b8c4ea1,朽ちる,くちる,kuchiru,to rot,N1,v1; vi,1229310,,朽ちない物は何もない。,There is nothing that does not decay.
ef8415130d,覆す,くつがえす,kutsugaesu,to overturn; to upset; to overthrow; to undermine,N1,v5s; vt,1501490,,最高裁は原判決をくつがえしました。,The Supreme Court overturned a previous decision.
7588b0ad98,くっきり,くっきり,kukkiri,distinctly; clearly; boldly,N1,adv; adv-to; vs,1003840,,その木は空にくっきりと浮かび上がっていた。,The tree was clearly defined against the sky.
9c0046c678,屈折,くっせつ,kussetsu,bending; indentation; refraction,N1,n; vs; vi,1246620,,,
67ac5aceff,ぐっと,ぐっと,gutto,firmly; fast; much; more,N1,adv,1004080,,明け方近くは、ぐっと冷え込む。,It gets extremely cold toward dawn.
4d5c43bf88,首飾り,くびかざり,kubikazari,necklace,N1,n,1329280,,彼女は高価な首飾りをしています。,She is wearing an expensive necklace.
6c1dc988ce,首輪,くびわ,kubiwa,necklace; choker,N1,n,1329440,,犬は首輪をすり抜けた。,The dog slipped his collar.
0e833fb33f,組み合わせる,くみあわせる,kumiawaseru,to join together; to combine; to join up,N1,v1; vt,1397480,,この上着を何か少し派手な物と組み合わせられませんか。,Can you match this coat with something a little more colorful?
5e70b323ad,組み込む,くみこむ,kumikomu,to insert; to include; to cut in (printing),N1,v5m; vt,1397510,,モデムはコンピューターの中に組み込まれた。,The modem was built into the computer.
3f68e34ac7,蔵,くら,kura,warehouse; cellar; magazine; granary; godown; depository; treasury; elevator,N1,n,1592380,,下戸の建てたる蔵もなし。,Nobody ever got rich by saving on drinks.
7dd1f2e142,ぐらい,ぐらい,gurai,approximately,N1,suf; prt,1154340,,彼は大体あなたぐらいの年齢です。,He is about your age.
74638a00a2,クラブ,クラブ,kurabu,club; crab,N1,n,1243910,,,
a0ad5884f8,グラフ,グラフ,gurafu,graph,N1,n,1046610,,炭素排出量の変動が、以下のグラフに描かれている。,The differing volumes of carbon emissions are plotted in the graph below.
0e4bfbe5d4,苦しめる,くるしめる,kurushimeru,to torment; to harass; to inflict pain,N1,v1; vt,1244360,,その事実が彼女の心を苦しめている。,The matter weighs on her mind.
4e7af4d59e,グレー,グレー,guree,grey; gray,N1,n; adj-no,1047480,,私の事務所はあのグレーの６階建てのビルの４階だ。,My office is on the fourth floor of that gray six-story building.
8290ed6e7a,クレーン,クレーン,kureen,crane,N1,n,1045280,,クレーンを操縦するのには、勿論、免許が必要です。,"Of course, a license is needed to operate a crane."
784a9e0069,玄人,くろうと,kurouto,expert; professional; geisha; prostitute,N1,n,1263430,,彼は玄人にちかい。,He is almost professional.
24de60011c,黒字,くろじ,kuroji,balance (figure) in the black,N1,n,1287710,,今月は黒字である。,We are in the black this month.
7ea034ef1f,群,ぐん,gun,group (math),N1,n; n-suf,1247490,,牧羊犬が、羊の群を牧場へ連れていく。,A sheep dog drives the flock to the pasture.
fc67aa10fe,軍艦,ぐんかん,gunkan,warship; battleship,N1,n,1247830,,それは大きくて黒いアメリカの軍艦だった。,It was a big black American warship.
81dfeba28b,軍事,ぐんじ,gunji,military affairs,N1,n,1248080,,彼らは軍事予算を増大させようとした。,They intended to increase the military budget.
d3f48aa17a,君主,くんしゅ,kunshu,ruler; monarch,N1,n,1247290,,その君主は臣民に対して絶対の支配権を持っていた。,The lord held absolute power over his subjects.
26de298aa1,群集,ぐんしゅう,gunshuu,(social) group; crowd; throng; mob; multitude,N1,n; vs; vi,1592515,,群集は嬉しさのあまり歓声を上げた。,The crowd yelled with delight.
069b9a3fc0,軍備,ぐんび,gunbi,armaments; military preparations,N1,n,1248870,,軍備のためにこのような巨額の支出が可能かどうかという問題を考えてみる必要がある。,We must consider the question of whether we can afford such huge sums for armaments.
e7553c2eb8,軍服,ぐんぷく,gunpuku,military or naval uniform,N1,n,1248970,,,
0dff3c38d4,刑,けい,kei,penalty; sentence; punishment,N1,n; n-suf,1249610,,彼は懲役十年で、女房には三年の刑が下った。,He was given ten years and his wife three.
b36f12de15,系,けい,kei,system; lineage; group,N1,n; n-suf,1251000,,彼女はアメリカ系である。,She is of American parentage.
8703a8fa42,経過,けいか,keika,passage; expiration; progress,N1,n; vs; vt; vi,1251250,,プロジェクトの経過は下記の通りです。,The status of the project is as follows.
e934b6a0ba,警戒,けいかい,keikai,warning; admonition; vigilance,N1,n; vs; vt,1252310,,彼は我々を警戒しているようだ。,He seems to be wary of us.
5eb3025a5c,軽快,けいかい,keikai,rhythmical (e.g. melody); casual (e.g. dress); light; nimble,N1,adj-na; n,1252600,,リズムは軽快でテンポは速く、その曲は若者に好まれている。,"The rhythm is light, and the tempo fast - that song is liked by young people."
d07bdd00a7,契機,けいき,keiki,opportunity; chance,N1,n,1250180,,退職を契機に茶道を始めた。,I took the opportunity of retirement to begin studying the tea ceremony.
13ce9c407b,計器,けいき,keiki,meter; gauge,N1,n,1252130,,例えば、温度計や気圧計などの計器は器具です。,"For instance, gauges, such as thermometers and barometers, are instruments."
62c5b0c54f,敬具,けいぐ,keigu,Sincerely yours,N1,n,1250740,,,
c93dff6c1a,軽減,けいげん,keigen,abatement,N1,n; vs; vt; vi,1252680,,ヨガはストレス軽減に役立つ。,Yoga can help lower stress.
d447b34a14,掲載,けいさい,keisai,appearance (e.g. article in paper),N1,n; vs; vt,1250610,,それは昨日の産経新聞に掲載された。,It came out in yesterday's Sankei.
8d2dc17edc,傾斜,けいしゃ,keisha,inclination; slant; slope; bevel; list; dip,N1,n; vs; vi,1249500,,その土地は川に向かって緩やかに傾斜している。,The land slopes gently toward the river.
191be01339,形勢,けいせい,keisei,condition; situation; prospects,N1,n,1250350,,形勢は逆転した。,Now the shoe is on the other foot.
1bc2d68e6c,形成,けいせい,keisei,formation,N1,n; vs; vt,1250360,,真の歴史を形成するのは大衆である。,The true makers of history are the masses.
65a9516d95,軽率,けいそつ,keisotsu,rash; thoughtless; careless; hasty,N1,adj-na; n,1252910,,あの連中は軽率で、仕事がのろかったから、くびになった。,They got the sack for being careless and tardy.
04517cb668,形態,けいたい,keitai,form; shape; figure,N1,n,1250390,,ジョギングは、運動として、好ましい形態になった。,Jogging has become the favorite form of exercise.
6bcbf0c06c,携帯,けいたい,keitai,carrying something,N1,n; vs; vt,1250680,,アメリカ人は武器の携帯を許されている。,Americans have the right to bear arms.
beaeaf4c59,刑罰,けいばつ,keibatsu,judgement; penalty; punishment,N1,n,1249780,,それは罪人に対する最も人道的な刑罰ではないか。,Isn't that the most humane punishment for criminals?
38cbad27b0,経費,けいひ,keihi,expenses; cost; outlay,N1,n,1251640,,私たちは、経費を切りつめなければならない。,We must cut down our expenses.
3296476a71,警部,けいぶ,keibu,police inspector,N1,n,1252510,,警部、もっと警官を投入できるようになるまでは、事態を表に出さないようにしたまえ。,"Inspector, try to keep a lid on the situation until we can get more police down there."
afccc3e42c,軽蔑,けいべつ,keibetsu,scorn; disdain,N1,n; vs; vt,1252860,,私は彼をひどく軽蔑している。,I have a fine contempt for him.
1f71194201,経歴,けいれき,keireki,personal history; career,N1,n,1251690,,彼はビジネスの経歴がある。,He has a background in business.
578664e5a2,経路,けいろ,keiro,course; route; channel,N1,n,1251700,,彼は１人で飛ぶことに慣れていた。そして彼は想像の中で何度もこの経路を飛んでいたのだ。,"He was accustomed to flying alone, and he had flown this route in his imagination many times."
fc259785af,汚す,けがす,kegasu,to disgrace; to dishonour,N1,v5s; vt,1178960,,あんな行動は彼の体面を汚すものだ。,Such behavior is beneath his dignity.
d3c748f3ba,汚らわしい,けがらわしい,kegarawashii,filthy; unfair,N1,adj-i,1178980,,そんな汚らわしい話をするのはやめて。,Stop telling those filthy stories.
eb830c293c,汚れ,けがれ,kegare,uncleanness; impurity; disgrace,N1,n,1178990,,お父さんの破産は家名の汚れでした。,Father's bankruptcy was a blot on the family's reputation.
8e53bced4f,劇団,げきだん,gekidan,troupe; theatrical company,N1,n,1253450,,その劇団は３幕ものの劇を上演した。,The company presented a three-act play.
7197c6d07a,激励,げきれい,gekirei,encouragement,N1,n; vs; vt; adj-no,1253760,,あなたの激励の言葉に励まされました。,Your words of encouragement meant a lot to me.
914c5e15b1,ゲスト,ゲスト,gesuto,guest,N1,n,1048550,,その部屋のゲストは２０人いた。,The guests in the room were twenty in number.
0f9f515d94,獣,けだもの,kedamono,beast; brute,N1,n,1335590,,原始人はどう猛な獣を見ておびえた。,The primitive man was frightened at the sight of a savage beast.
d777353b7e,傑,けつ,ketsu,excellence,N1,ctr,2836694,,,
0023032732,決意,けつい,ketsui,decision; determination,N1,n; vs; vt,1254220,,彼女は私に自分の決意を知らせてくれた。,She informed me of her decision.
a0f10b94be,結核,けっかく,kekkaku,tuberculosis; tubercule,N1,n,1254710,,何年か前には、結核にかかっていると知らされることは死の宣告を聞くのに等しかった。,"Some years ago, learning that one had tuberculosis amounted to hearing a sentence of death."
abf31d2e6d,血管,けっかん,kekkan,blood vessel,N1,n,1255180,,切れた血管から血がどくどくと流れ出た。,Blood poured from the cut vein.
635298ff5d,決議,けつぎ,ketsugi,resolution; vote; decision,N1,n; vs; vt,1254240,,その集会はいかなる核武装にも抗議することを決議した。,The assembly voted to protest against any nuclear armament.
d6fa203e33,決行,けっこう,kekkou,doing (with resolve); carrying out (i.e. a plan),N1,n; vs; vt,1254250,,その会社の労働者はストを決行した。,Workers at the company went on a strike.
2c50c4ff4a,結合,けつごう,ketsugou,combination; union,N1,n; vs; vt; vi,1254770,,これらの州は結合して１つの国になった。,These states were united into one nation.
174eaed3df,決算,けっさん,kessan,balance sheet; settlement of accounts,N1,n; adj-no; vs; vi,1254290,,その会社は毎年３月に決算をする。,The company closes its books at the end of March.
c914c38ecd,月謝,げっしゃ,gessha,monthly tuition fee,N1,n,1255690,,このスイミングスクールの毎月の月謝はいくらですか。,How much is the monthly fee of this swimming school?
8f082e1c23,決勝,けっしょう,kesshou,decision of a contest; finals (in sports),N1,n,1254320,,決勝まで残った走者は５人だった。,Five runners reached the finals.
02f10efa6a,結晶,けっしょう,kesshou,crystal; crystallization,N1,n; vs; vi,1254870,,彼は海水から塩を結晶させて取り出した。,He crystallized salt from seawater.
29904e38b1,結成,けっせい,kessei,formation,N1,n; vs; vt,1254900,,ボート競技に参加する為に新チームが結成された。,A new team was formed in order to take part in the boat race.
4b3b320d8a,結束,けっそく,kessoku,union; unity,N1,n; vs; vt; vi,1254930,,,
d7246d0f6f,げっそり,げっそり,gessori,being disheartened; losing weight,N1,adv; adv-to; vs,1004250,,彼女、しばらく見ない間にげっそりと痩せちゃったけど、何か大きな病気でもしたのかな。,She's become very thin in the long time since I last saw her. I wonder if she's fallen seriously ill or something.
caf7c2157f,決断,けつだん,ketsudan,decision; determination,N1,n; vs; vt,1254370,,決断の日は近い。,The day of decision is at hand.
c9307c08c4,月賦,げっぷ,geppu,monthly installment,N1,n,1255800,,このテレビを月賦で買った。,I bought this TV on the installment plan.
0bdbaf26a4,欠乏,けつぼう,ketsubou,want; shortage; famine,N1,n; vs; vi,1254100,,知識は欠乏しており、知恵はさらに乏しい。,Knowledge is scarce; wisdom is scarcer.
8271f16ab7,蹴飛ばす,けとばす,ketobasu,to kick away; to kick off; to kick (someone); to refuse; to reject,N1,v5s; vt,1333440,,ごめん！蹴飛ばすつもりじゃなかったんだ。,I'm so sorry. I didn't mean to kick you.
0c0bb5782e,貶す,けなす,kenasu,to speak ill of,N1,v5s; vt,1573120,,君は、いつも私の服をけなすのだから。,You are always digging at me about my clothes.
35911d87d2,煙たい,けむたい,kemutai,smoky; feeling awkward,N1,adj-i,1177200,,あの人は煙たい。,I feel awkward in his presence.
105af9d2f8,煙る,けむる,kemuru,to smoke (e.g. fire),N1,v5r; vi,1177220,,タバコで煙った空気を部屋から出して、新鮮な空気を入れてちょうだい。,Let this smoky air out of the room and let some fresh air in.
9123d7528a,家来,けらい,kerai,retainer; retinue; servant,N1,n,1192530,,,
a6365397b9,下痢,げり,geri,diarrhoea,N1,n; vs; vi,1186540,,下痢止めです。,Here's some medicine for diarrhea.
578447ed67,乾,けん,ken,heaven; emperor,N1,n,1577540,,私のシャツはまだ乾いていないの。,My shirt isn't dry yet.
110ff82b7a,圏,けん,ken,sphere; circle; range,N1,suf,1257080,,彼女のイントネーションから推すに少女時代はスペイン語圏に住んでいたと思われる。,You can tell by her intonation that she lived in a Spanish speaking country when she was young.
3182bddbf5,権,けん,ken,authority; the right (to do something),N1,n-suf; n,1258080,,息子は二人とも王位継承権があると主張した。,Both sons pretended to the throne.
19bf853f89,原,げん,gen,original; primitive; primary; fundamental; raw,N1,pref,1261130,,,
3999ef3eb7,権威,けんい,ken'i,authority; power; influence,N1,n,1258090,,学生たちは権威に反抗した。,The students revolted against authority.
4212cea6f0,兼業,けんぎょう,kengyou,side line; second business,N1,n; vs; vt,1578300,,,
b6b1badd76,原形,げんけい,genkei,original form; base form,N1,n,1261310,,ギリシャ人たちは幾何学の理論的原形を作った。,The Greeks made theoretical models of geometry.
1f41af8458,権限,けんげん,kengen,power; authority; jurisdiction,N1,n,1258130,,何の権限で私に出て行けと言うのだ。,Who are you to tell me to get out?
0778415a9f,現行,げんこう,genkou,present; current; in operation,N1,n; adj-no,1263630,,現行の法律は人種の多様性を考慮していない。,Existing legislation does not take diversity of races into account.
c97409ccce,健在,けんざい,kenzai,in good health; well,N1,adj-na; n,1256300,,彼女の４人の姉妹のうち１人は他界したが、ほかは健在だ。,"One of her four sisters has passed away, but the others are still with us."
6cc418074b,原作,げんさく,gensaku,original work,N1,n; adj-no,1261450,,そのドラマは原作と違っている。,The drama differs from the original story.
2dd6313fb5,検事,けんじ,kenji,public prosecutor,N1,n,1257930,,検事は誘導尋問をした。,The prosecutor asked me a leading question.
b71e616e00,原子,げんし,genshi,atom,N1,n,1261570,,鉄の原子番号は26です。,The atomic number of iron is 26.
c2199f6b33,元首,げんしゅ,genshu,ruler; sovereign,N1,n,1260870,,,
f7b907fc12,原書,げんしょ,gensho,original document,N1,n,1261850,,この本は原書の要約版です。,This book is abridged from the original.
a47d96fcce,懸賞,けんしょう,kenshou,offering prizes; winning; reward,N1,n,1257690,,懸賞ってほんとに当たるのかね。,Think I'll actually win the prize?
a85d868e8e,減少,げんしょう,genshou,decrease; reduction; decline,N1,n; vs; vt; vi; adj-no,1263210,,死亡により人口は減少しつつある。,The population is dying off.
ce5ab31b34,健全,けんぜん,kenzen,health; soundness; wholesome,N1,adj-na; n,1256360,,母子ともに健全です。,Mother and child are both doing well.
b8bcd977e2,元素,げんそ,genso,chemical element,N1,n,1592840,,元素記号Ｈは水素をあらわす。,The chemical symbol H indicates hydrogen.
2daaf50b4d,現像,げんぞう,genzou,developing (film),N1,n; vs; vt,1263800,,このフィルムを現像してもらえますか。,Can I have this film developed?
5cfe4d867d,原則,げんそく,gensoku,principle; general rule,N1,n,1262070,,ずっと昔からこの原則は認められてきた。,Years ago this principle was widely recognized.
ba678d6fe9,見地,けんち,kenchi,point of view,N1,n,1259870,,この見地からすると、君の言うことは正しい。,"From this point of view, you are right."
d2cc010c42,現地,げんち,genchi,actual place; local,N1,n,1263860,,現地企業でのインターンシップを体験する。,I'm going to do an internship at a local company.
673e068f93,限定,げんてい,gentei,limit; restriction,N1,n; vs; vt; adj-no,1264670,,切符の数は限定されていた。,The number of tickets was limited.
436aca7af1,原典,げんてん,genten,original (text),N1,n,1262150,,その翻訳は原典に忠実だ。,The translation is true to the original.
33b7f9ddbc,原点,げんてん,genten,origin (coordinates); starting point,N1,n,1262160,,原点を中心とする半径2の円と，直線 y = x − 1 の交点を求めよ。,Consider a circle of radius 2 centered at the origin. Find its points of intersection with the line y = x - 1.
b55001be10,減点,げんてん,genten,subtract; give a demerit,N1,n; vs; vt,1263290,,,
92e2dcd393,原爆,げんばく,genbaku,atomic bomb,N1,n,1262220,,原爆は人類にとって重大な脅威だ。,The atomic bomb is a grave threat to mankind.
d7c788ac00,原文,げんぶん,genbun,the text; original,N1,n,1262340,,あの翻訳は原文に忠実だそうだ。,That translation is said to be true to the original.
de9ea7a309,厳密,げんみつ,genmitsu,strict; close,N1,adj-na,1262830,,彼らは船長の命令を厳密に実行した。,They carried out the captain's order to the letter.
b8978362b1,賢明,けんめい,kenmei,wisdom; intelligence; prudence,N1,adj-na; n,1260320,,あなたが彼女と別れるのは賢明である。,You will do well to leave her.
2db513025c,倹約,けんやく,ken'yaku,thrift; economy; frugality,N1,n; vs; vt; adj-na,1256010,,彼は金をためるため何年間もけちけち倹約した。,He pinched and scraped for many years to save money.
c1a3737777,原油,げんゆ,gen'yu,crude oil,N1,n,1262430,,その油井はたくさんの原油を産出する。,The well delivers a great deal of oil.
204ce2024f,兼用,けんよう,ken'you,multi-use; combined use; combination; serving two purposes,N1,n; vs; vt; adj-no,1256720,,この書斎は客間兼用だ。,I also use this study for receiving guests.
34b30a1719,権力,けんりょく,kenryoku,power; authority; influence,N1,n; adj-no,1258220,,王は権力を奪われた。,The king was shorn of his power.
955633d172,言論,げんろん,genron,discussion,N1,n,1264580,,私はあらゆる人の言論に賛成だ。,I stand for freedom of speech for everyone.
56ffead6fe,個,こ,ko,article counter,N1,ctr,1264740,,この懐中電灯は２個の電池が必要だ。,This flashlight needs two batteries.
1e176e82e5,戸,こ,ko,counter for houses,N1,ctr,1659920,,きのうの火事で２００戸が全焼した。,Two hundred houses were burnt down in the fire which broke out yesterday.
10c1ffea60,故,こ,ko,the late (deceased),N1,pref,1267110,,,
013f46c118,児,こ,ko,child; the young of animals,N1,n; n-suf,1307770,,彼は４歳と１歳の２児の父親だ。,"He has two children, aged 4 and 1."
a017bb3c0c,御,ご,go,go-; honourable,N1,pref,1270190,,良い御返事をお待ちしております。,I am looking forward to receiving your favorable answer.
4c2243e0e1,語彙,ごい,goi,vocabulary; glossary,N1,n,1271260,,読書は語彙を増やすのに役に立つ。,Reading helps you build up your vocabulary.
79b0e74e36,恋する,こいする,koisuru,to fall in love with; to love,N1,vs-i; vt; vi,1609750,,ピーターはその子を恋するようになった。,Peter fell in love with the girl.
e91f69ef1a,校,こう,kou,-school; proof,N1,suf; ctr,2259610,,水害被災者たちは数校に収容された。,The flood victims were housed in several schools.
898777096e,溝,こう,kou,hundred undecillion (American); hundred sextillion (British),N1,num,1280050,,,
6b56c41e59,業,ごう,gou,Buddhist karma; actions committed in a former life,N1,n,1239320,,,
ae0d7c35ac,号,ごう,gou,number; issue,N1,n; n-suf,1284220,,あなたの定期購読予約は六月号で切れます。,Your subscription expires with the June issue.
f38adaef87,濠,ごう,gou,moat,N1,n,1956270,,,
be5a647260,好意,こうい,koui,good will; favor; courtesy,N1,n,1277530,,リッチ氏は彼女の好意に感謝した。,Mr Rich acknowledged her favor.
26edf660ec,行為,こうい,koui,act; deed; conduct,N1,n,1281830,,盲人に手を貸すのは親切な行為だ。,Helping a blind man is an act of kindness.
713bb09199,合意,ごうい,goui,agreement; consent; mutual understanding,N1,n; vs; vi,1284550,,彼らは休戦条件で合意した。,They agreed on cease-fire terms.
2d66a8b7d0,行員,こういん,kouin,bank clerk,N1,n,1281840,,行員は私に過ちを認めた。,The clerk admitted his mistake to me.
3bc4ab80ef,交易,こうえき,koueki,trade; commerce,N1,n; vs; vt; vi,1271710,,戦争中米国は英国との交易を中断しようとした。,"During the war, America tried to stop trading with England."
27878d4524,公演,こうえん,kouen,public performance,N1,n; vs; vt,1273280,,土曜に私と芝居の公演を見ませんか。,Would you like to see a live performance of a play with me Saturday?
75e6d23e26,後悔,こうかい,koukai,regret; repentance,N1,n; vs; vt; vi; adj-no,1269510,,彼は仕事をやめたことを後悔した。,He regretted having quit his job.
e32ba3fdba,公開,こうかい,koukai,presenting to the public,N1,n; vs; vt,1273370,,この公園はすべての人に公開されている。,The park is open to everybody.
f5aa5ef963,航海,こうかい,koukai,sail; voyage,N1,n; vs; vi,1281250,,そのヨットは順調に航海中だ。,The yacht is under smooth sail.
a5d1a21d8e,工学,こうがく,kougaku,engineering,N1,n,1278010,,戦後日本は科学と工学に大いに進歩した。,"Since the war, Japan has advanced greatly in science and technology."
13c74583e7,抗議,こうぎ,kougi,protest; objection,N1,n; vs; vt; vi; adj-no,1278860,,私はこれを抗議と解釈した。,I interpreted this as a protest.
925301438b,強気,ごうぎ,gougi,great; grand,N1,adj-na; adj-no,1799670,,,
cbbb3f1bb9,合議,ごうぎ,gougi,consultation; conference,N1,n; vs; vt; vi,1284700,,,
aec480ac67,皇居,こうきょ,koukyo,Imperial Palace,N1,n,1280380,,王家の家族は皇居に住んでいる。,The royal family lives in the Imperial Palace.
1137fc3ef3,好況,こうきょう,koukyou,prosperous conditions; healthy economy,N1,n,1277620,,好況と不況は交互に来る。,Good times alternate with bad.
334ba829ae,興業,こうぎょう,kougyou,industrial enterprise,N1,n; vs,1238240,,,
5630137157,鉱業,こうぎょう,kougyou,mining industry,N1,n,1282560,,鉱業はチリの主要な収入源の一つである。,Mining is one of the main sources of wealth in Chile.
1d68ad437b,高原,こうげん,kougen,tableland; plateau,N1,n,1283490,,高原を散歩するのは楽しい。,It's pleasant to take a walk on the plateau.
b755e6195d,交互,こうご,kougo,mutual; reciprocal; alternate,N1,adj-no; n; vs,1271940,,好況と不況は交互に来る。,Good times alternate with bad.
24113c7b64,煌々と,こうこうと,koukouto,brilliantly; brightly,N1,,,,月は煌々と輝いていた。,The moon was shining brightly.
22c467a634,考古学,こうこがく,koukogaku,archaeology,N1,n; adj-no,1281120,,彼は考古学者の助手である。,He is an archeologist's assistant.
0fafecee52,工作,こうさく,kousaku,work; construction; handicraft; maneuvering,N1,n; vs; vt,1278100,,彼は工作に熟練している。,He is skilled in handicraft.
06a25be1a7,耕作,こうさく,kousaku,cultivation; farming,N1,n; vs; vt,1280970,,３００年間、彼らは周囲の土地を耕作してきた。,For three hundred years they have farmed the surrounding land.
64b65e1fa8,鉱山,こうざん,kouzan,mine (ore),N1,n,1282570,,この鉱山は来月閉山になる。,This mine will close down next month.
30f8be8da2,講習,こうしゅう,koushuu,short course; training,N1,n; vs; vt,1282290,,集中講習で私のフランス語は驚くほど上達した。,The intensive course did wonders for my French.
52798b0447,口述,こうじゅつ,koujutsu,verbal statement,N1,n; vs; vt; adj-no,1276310,,秘書はボスが口述するのを受けた。,The secretary took dictation from her boss.
c2da32810a,控除,こうじょ,koujo,subsidy; deduction,N1,n; vs; vt,1279080,,税務署は控除を認めた。,The tax agent allowed the deduction.
087e2a9fbd,交渉,こうしょう,koushou,negotiations; discussions; connection,N1,n; vs; vt; vi,1272110,,労働組合は経営陣と交渉している。,The labor union is negotiating with the owners.
e6156e0e0d,高尚,こうしょう,koushou,high; noble; refined; advanced,N1,adj-na; n,1283610,,彼は趣味が高尚です。,He has elegant tastes.
6a99d0c518,向上,こうじょう,koujou,elevation; rise; improvement; advancement; progress,N1,n; vs; vi,1277250,,近代的方法で産業は向上した。,Modern methods improved industry.
8eaf15f84c,行進,こうしん,koushin,march; parade,N1,n; vs; vi,1281980,,道は行進にさしつかえない。,The way is free for an advance.
8aa704aca6,香辛料,こうしんりょう,koushinryou,spices,N1,n,1283050,,韓国料理は、香辛料のきいた味でよく知られている。,Korean food is noted for its spicy flavor.
22383cfb48,降水,こうすい,kousui,rainfall; precipitation,N1,n,1282890,,,
6c44a3132f,洪水,こうずい,kouzui,flood,N1,n,1279930,,洪水がその村を飲み込んでしまった。,The flood overwhelmed the village.
36f0eeba9f,合成,ごうせい,gousei,synthesis; composition; synthetic; composite; mixed; combined; compound,N1,n; vs; vt; adj-no,1284940,,,
aa577197fc,公然,こうぜん,kouzen,open (e.g. secret); public; official,N1,adj-no; adj-t; adv-to,1274190,,その国は公然と核武装するとおどしている。,That country has openly threatened to go nuclear.
01d0e9895f,抗争,こうそう,kousou,dispute; resistance,N1,n; vs; vi,1278950,,新聞は２党間の抗争を報じた。,The newspaper reported friction between the two parties.
e6a8a40d3e,構想,こうそう,kousou,plan; plot; idea; conception,N1,n; vs; vt,1279780,,彼女が建設的な構想を持つ。,She has constructive ideas.
7113165c32,拘束,こうそく,kousoku,restriction; restraint,N1,n; vs; vt,1279000,,この決定は諸君全部を拘束するものではない。,This decision is not binding on all of you.
802b0bd9ca,後退,こうたい,koutai,retreat; backspace (BS),N1,n; vs; vi,1269880,,自動車の売れ行きは年度末に後退しました。,Automobile sales suffered a setback at the end of the financial year.
c1adc6f591,光沢,こうたく,koutaku,brilliance; polish; lustre; glossy finish (of photographs),N1,n,1273050,,この指輪は光沢をうしなった。,This ring lost its luster.
5d6639a067,公団,こうだん,koudan,public corporation,N1,n,1274280,,公団は建設計画の入札を募集した。,The corporation invited bids for the construction project.
c11852e9f0,好調,こうちょう,kouchou,favourable; promising; satisfactory; in good shape,N1,adj-na; adj-no; n,1277730,,滑り出しが好調なら事は半ば成就したのに等しい。,Well begun is half done.
af42c84532,口頭,こうとう,koutou,oral,N1,adj-no; n,1276710,,刑事はその場で彼の口頭証言を書き取った。,The detective took down his oral testimony on the spot.
180a48d1c5,講読,こうどく,koudoku,reading; translation,N1,n; vs; vt,1282350,,,
c63f69eadd,購読,こうどく,koudoku,subscription (e.g. magazine),N1,n; vs; vt; adj-no,1282420,,あなたは何か雑誌を購読していますか。,Do you subscribe to any magazines?
37fd5d476b,購入,こうにゅう,kounyuu,purchase; buy,N1,n; vs; vt,1282440,,チケット購入に必要な個人情報をインプットする。,"To purchase a ticket, you need to enter your personal details."
45cadd9e01,公認,こうにん,kounin,official recognition; authorization; licence; accreditation,N1,n; vs; vt; adj-no,1274450,,,
95a0a7e61d,光熱費,こうねつひ,kounetsuhi,cost of fuel and light,N1,n,1273110,,,
4198992702,荒廃,こうはい,kouhai,ruin,N1,n; vs; vi,1281620,,その国は戦争で荒廃してしまった。,The country was wasted by war.
1896b7fe33,購買,こうばい,koubai,purchase; buy,N1,n; vs; vt,1282470,,お客様の今後の購買需要を明らかにしようとしています。,We are trying to clarify your future procurement requirements.
aee63a8a23,好評,こうひょう,kouhyou,popularity; favorable reputation,N1,n; adj-na; adj-no,1277780,,その劇は好評を得た。,The play got a favorable notice.
6b5d95aa03,交付,こうふ,koufu,delivering; furnishing (with copies),N1,n; vs; vt,1272520,,授業料の補助金が交付された。,I got a grant for my tuition.
a8a6342961,降伏,こうふく,koufuku,capitulation; surrender; submission,N1,n; vs; vi,1282940,,降伏するくらいなら死んだほうが増しだ。,I would rather die than yield.
f23b69e7c1,興奮,こうふん,koufun,excitement; stimulation; agitation; arousal,N1,n; vs; vi,1238380,,観客は彼のホームランに興奮した。,His home run excited the crowd.
8f96617de5,公募,こうぼ,koubo,public appeal; public contribution,N1,n; vs; vt,1274680,,,
6b0a6c0492,巧妙,こうみょう,koumyou,ingenious; skillful; clever; deft,N1,adj-na; n,1278340,,あのピアニストは巧妙でよく知られている。,That pianist is known for his skill.
7bdda8364c,公用,こうよう,kouyou,government business; public use; public expense,N1,n,1274940,,彼は公用で大阪に行った。,He went to Osaka on official business.
56bd535249,小売,こうり,kouri,retail,N1,n; vs; vt,1593050,,小売商人は卸しで仕入れて小売りで売る。,A retail merchant buys wholesale and sells retail.
34e67f93c2,公立,こうりつ,kouritsu,public (institution),N1,n,1275000,,この町には大きな公立図書館がある。,This town boasts a large public library.
86c6a0755f,効率,こうりつ,kouritsu,efficiency,N1,n,1275210,,彼は事務効率をよくする案を出した。,He put forward a plan for improving office efficiency.
316a3ff997,護衛,ごえい,goei,guard; convoy; escort,N1,n; vs; vt,1271510,,彼は多数の護衛を連れて旅行した。,He traveled with a large escort.
7ce2808b7d,コーナー,コーナー,koonaa,corner,N1,n,1049110,,ランナーはコーナーを回ってホームストレッチへ入った。,The runners rounded the corner into the homestretch.
e68dcc56e0,小柄,こがら,kogara,short (build),N1,adj-na; adj-no; n,1348770,,彼らはその少女は小柄だと言った。,They described the girl as being small.
196b8819a9,小切手,こぎって,kogitte,cheque; check,N1,n,1348410,,この小切手を現金にしてくれますか。,Can you cash this check for me?
70f79bff43,漕ぐ,こぐ,kogu,to row; to scull; to pedal,N1,v5g; vt,1400530,,彼らは池でボートを漕いでいる。,They are rowing a boat on the pond.
a00cb4f981,語句,ごく,goku,words; phrases,N1,n,1271060,,その作家の文体は挿入語句が多い。,The writer has a parenthetic style.
ff494b1ed2,国産,こくさん,kokusan,domestic products,N1,adj-no; n,1286590,,しかし、国産ワインといっても、国内で瓶詰めされたものは全て国産ワインとなります。,"Having said 'domestic wine', anything bottled domestically is deemed to be domestic wine."
835a4dfb9c,国定,こくてい,kokutei,state-sponsored; national,N1,n; adj-no,1286860,,,
d2f43648b9,国土,こくど,kokudo,realm,N1,n,1286890,,アメリカは国土が広く、人々はよく移動する。,America is a large country and its people are mobile.
49e878d25a,告白,こくはく,kokuhaku,confession; acknowledgement,N1,n; vs; vt,1286060,,彼は私を好きになったと告白した。,He confessed that he had fallen in love with me.
eb4a3a96bc,国防,こくぼう,kokubou,national defence,N1,n,1287030,,国防のため大きな額が計上された。,A considerable amount of money was appropriated for the national defense.
20cbd33590,国有,こくゆう,kokuyuu,national ownership,N1,n; adj-no,1287170,,,
503535b26b,極楽,ごくらく,gokuraku,paradise,N1,n,1240250,,,
5c0448565e,国連,こくれん,kokuren,U.N.; United Nations,N1,n,1287210,,国連はその国際問題を扱うだろう。,The United Nations will deal with that international problem.
4517275aaf,焦げ茶,こげちゃ,kogecha,dark brown; umber,N1,n; adj-no,1350750,,彼はこげ茶色の髪をしていた。,He had dark brown hair.
5f7deb61d1,語源,ごげん,gogen,word root; word derivation; etymology,N1,n,1271090,,これらの語は同じ語源から出ている。,These words are derived from the same root.
f167fd3a76,箇箇,ここ,koko,individual; separate,N1,n; adj-no,1593190,,個々の戦闘にはみな勝っても戦争に負けることがある。,You can win all the battles yet lose the war.
1cd105911f,個々,ここ,koko,individual; one by one,N1,n; adj-no,1593190,,個々の戦闘にはみな勝っても戦争に負けることがある。,You can win all the battles yet lose the war.
c5b7fedcbd,心地,ここち,kokochi,feeling; sensation; mood,N1,n; n-suf,1360820,,くつろげば、自信に満ちて心地もよくなります。,"If you are at ease, you are feeling confident and comfortable."
ed188cc69e,凝らす,こごらす,kogorasu,to freeze; to congeal,N1,v5s; vt,1239000,,,
308f45926c,凝る,こごる,kogoru,to congeal; to freeze,N1,v5r; vi,1239060,,,
9589a1d266,心得,こころえ,kokoroe,knowledge; information,N1,n,1360910,,彼には自分が悪かったことを認めるぐらいの心得もなかった。,He didn't have the decency to admit that he was wrong.
af3cf61840,心掛け,こころがけ,kokorogake,readiness; intention; aim,N1,n,1360500,,行間を読むように心がけてみよう。,Let's try to read between the lines.
38c615c6c4,心掛ける,こころがける,kokorogakeru,to bear in mind; to aim to do,N1,v1; vt,1360610,,私はいつでも真実を言うように心がけている。,I always try to tell the truth.
4f051504c2,志,こころざし,kokorozashi,will; intention; motive,N1,n,1309050,,何事をするにも志が大切。,The will is as good as the deed.
75e0818207,志す,こころざす,kokorozasu,to plan; to intend; to aspire to; to set aims (sights on),N1,v5s; vi; vt,1309060,,このコーヒー店には芸術家を志すものが足しげく通う。,This coffee shop is frequented by aspiring artists.
b5288189c7,心強い,こころづよい,kokorozuyoi,heartening; reassuring,N1,adj-i,1360640,,僕には警察よりも何よりもみんながいてくれることの方が心強いのですよ。,"For my part, having you lot with me is more reassuring than the police or anything!"
8f0629d530,心細い,こころぼそい,kokorobosoi,helpless; forlorn; hopeless; unpromising; lonely; discouraging; disheartening,N1,adj-i,1360680,,彼が帰ってきたのは、ホームシックにかかったからではなく、ふところが心細くなったからである。,"He came back not because he was homesick, but because he was running short of money."
ee9b218794,試み,こころみ,kokoromi,trial; experiment,N1,n,1312270,,私たちの試みはすべて無駄だった。,All our attempts were in vain.
6c07b898b1,試みる,こころみる,kokoromiru,to try; to test,N1,v1; vt,1312280,,全ての手段が試みられたわけではない。,Every means has not been tried.
ec9c326594,快い,こころよい,kokoroyoi,pleasant; agreeable,N1,adj-i,1199970,,私は昨夜快く眠った。,I slept comfortably last night.
6c00760239,誤差,ごさ,gosa,error,N1,n,1271320,,我々は誤差を見込んで余裕をとっておいた。,We left a margin for error in our estimates.
894fa9572b,ございます,ございます,gozaimasu,to be (polite); to exist,N1,exp,1612690,,ご親切誠にありがとうございます。,Thank you for your kindness.
67f434000e,孤児,こじ,koji,orphan,N1,n; adj-no,1266810,,人々はその孤児を哀れんだ。,People took pity on the orphan.
b10eceb833,拗れる,こじれる,kojireru,to get complicated; to grow worse,N1,v1; vi,1567270,,,
0114b5768e,故人,こじん,kojin,the deceased; old friend,N1,n,1267190,,故人をしのんで、記念碑が建てられた。,A monument was erected in memory of the deceased.
d190ba203b,梢,こずえ,kozue,treetop,N1,n,1349980,,,
2afb17f34b,個性,こせい,kosei,individuality; personality; idiosyncrasy,N1,n,1264960,,彼はすばらしい個性を持っている。,He has a wonderful personality.
a5f0701fd1,戸籍,こせき,koseki,census; family register,N1,n,1267030,,彼女はまだ夫の戸籍に入っていない。,She has not yet had her name entered in her husband's family.
63898c1dc6,小銭,こぜに,kozeni,coins; small change,N1,n,1348470,,私は小銭の持ち合わせがない。,I have no small change on me.
edf6cae070,固体,こたい,kotai,solid (body),N1,n; adj-no,1266640,,固体が解けると液体になる。,"When a solid melts, it becomes liquid."
d99e36feff,古代,こだい,kodai,ancient times,N1,n; adj-no,1265760,,古代インカの時代に、アメリカ大陸でもっとも大きい都市であった。,"In the days of the ancient Incas, it was the largest city in America."
708be70d5e,堪える,こたえる,kotaeru,to bear; to stand; to endure; to put up with; to support; to withstand; to resist; to brave; to be fit for,N1,v1; vt,2827352,,,
e642ca265e,こたつ,こたつ,kotatsu,table with heater; (orig) charcoal brazier in a floor well,N1,n,1194360,炬燵; 火燵,こたつで寝ちゃったら風邪引くのはあたりまえ。自己管理がなっていない。,Of course you'll catch a cold if you fall asleep under the kotatsu. You have to learn to take care of yourself.
c2b11f0429,こだわる,こだわる,kodawaru,to fuss over; to be particular about; to be concerned about,N1,v5r; vi,1004480,,日本人はあまり宗教にはこだわらない。,Japanese are not so particular about religion.
7878bde6a2,誇張,こちょう,kochou,exaggeration,N1,n; vs; vt,1267820,,その報告ではホールの収容能力が誇張されていた。,The report exaggerated the capacity of the hall.
3b5b1c60b8,骨,こつ,kotsu,knack; skill,N1,n,1288540,,彼女は金もうけのこつを知っている。,She knows the art of making money.
0fe2f2817d,滑稽,こっけい,kokkei,funny; humorous; comical; laughable; ridiculous; joking,N1,adj-na; n,1208660,,彼はこっけいな性質の人だ。,He is of a humorous turn of mind.
adcfdcee87,国交,こっこう,kokkou,diplomatic relations,N1,n,1286380,,それ以来カナダとイランの国交は断絶している。,"Since then, diplomatic relations between Canada and Iran have been suspended."
4951764bd4,骨董品,こっとうひん,kottouhin,curio,N1,n,1288710,,このテーブルは貴重な骨董品だ。,This table is a priceless antique.
241e01eeea,固定,こてい,kotei,fixation,N1,n; vs; vt; vi,1266650,,このテーブルはがたつく。しっかり固定させてくれ。,This table is shaky. Make it stay firm.
3ebdf0c56a,毎,ごと,goto,each respectively,N1,n; n-suf; adv,1524640,,人ごとじゃないだろ。,Don't think it has nothing to do with you.
341be3b6a2,事柄,ことがら,kotogara,matter; thing; affair; circumstance,N1,n,1314240,,君の関する事柄ではない。,That is no business of yours.
b538b0f211,孤独,こどく,kodoku,isolation; loneliness; solitude,N1,n; adj-na; adj-no,1266850,,私はこの上なくさびしく、孤独だ。,I am as sad and lonely as can be.
751e056741,悉く,ことごとく,kotogotoku,altogether; entirely,N1,adv,1004570,,トムはこれまで手をつけた仕事はことごとく成功した。,Tom has always done well in every job he has had.
6675231d1f,言伝,ことづて,kotozute,declaration; hearsay,N1,n,1264510,,彼が死んだことは言伝に知りました。,I heard that he'd died.
4d20ba9a5b,殊に,ことに,kotoni,especially; above all,N1,adv,1328650,,彼の最新作は趣を異にする。,His latest work belongs to a different category.
26bcaec009,事によると,ことによると,kotoniyoruto,depending on the circumstances,N1,exp,2773660,,ことによると、きみにも一緒にきてもらう。,Maybe you'd better come with us.
24c85203c2,粉々,こなごな,konagona,in very small pieces,N1,adj-na; n,1593360,,花びんは粉々になった。,The vase broke into fragments.
e9e9721946,好ましい,このましい,konomashii,nice; likeable; desirable,N1,adj-i,1277490,,この映画は、子供に好ましくない影響を与えるかもしれない。,This movie may have an undesirable influence on children.
e1c5561520,碁盤,ごばん,goban,Go board,N1,n,1270890,,,
e822eb5d76,個別,こべつ,kobetsu,particular case,N1,adj-no,1265000,,あらゆる事態を個別に分析する必要がある。,Every situation requires individual analysis.
f3bcf28ff0,コマーシャル,コマーシャル,komaasharu,a commercial,N1,n,1050720,,あのコマーシャルってインパクト強いね。特に、音楽が耳に残るよ。,That commercial makes a strong impression - especially the music. It stays in your head.
6c9978c0ad,誤魔化す,ごまかす,gomakasu,to deceive; to falsify; to misrepresent,N1,v5s; vt,1271480,,彼はそのことを笑ってごまかした。,He laughed the matter away.
d3a2b00ef3,細やか,こまやか,komayaka,friendly,N1,adj-na,1295550,,愛情こまやかな老夫婦を見るのはいいものだ。,It is pleasant to watch a loving old couple.
d21eb02cf1,コミュニケーション,コミュニケーション,komyunikeeshon,communication,N1,n,1050980,,コミュニケーションと言う語はどういう意味であろうか。,What do you mean by communication?
fcaabc719d,混む,こむ,komu,to be crowded,N1,v5m; vi,2849867,,あのレストランはいつも混んでいる。,The restaurant is always packed.
c9d5fa3c62,込める,こめる,komeru,to include; to put into,N1,v1; vt,1288790,,彼はこの銃に弾丸を込めたままにしている。,He keeps this gun loaded.
969ea280e7,コメント,コメント,komento,comment,N1,n; vs; vi; vt,1051230,,あなたの報告書に目を通し、コメントを書いておきました。,I've looked through your report and made some notes on it.
8f4523a0a1,こもる,こもる,komoru,to seclude oneself; to be confined in; to be implied; to be stuffy,N1,v5r; vi,1593430,籠もる,彼は私に愛情のこもった手紙をくれた。,He sent me an affectionate letter.
771504a003,固有,こゆう,koyuu,characteristic; tradition; peculiar; inherent; eigen-,N1,adj-no; adj-na,1266730,,羽は鳥に固有のものだ。,Feathers are peculiar to birds.
9ed7e63ed9,雇用,こよう,koyou,employment (long term); hire,N1,n; vs; vt,1267860,,何人の従業員が雇用されていますか。,How many people are there on the payroll?
c0e7e3b80a,暦,こよみ,koyomi,calendar; almanac,N1,n; suf,1557950,,マヤ暦には、19の月があります。,The Mayan calendar has 19 months.
3a5cd1a9d3,御覧なさい,ごらんなさい,gorannasai,(please) look; (please) try to do,N1,aux-v,1270770,,受付で聞いてご覧なさい。,Please ask at the information desk.
67ac742b83,孤立,こりつ,koritsu,isolation; helplessness,N1,n; vs; vi,1266860,,この地域はきわめて孤立している。,This area is extremely isolated.
a95ab44097,懲りる,こりる,koriru,to learn by experience; to be disgusted with,N1,v1; vi,1428190,,これで彼女も懲りるだろう。,This will teach her a lesson.
2c6219aa10,魂,こん,kon,soul; spirit,N1,n,2177300,,,
62859af8b4,根気,こんき,konki,patience; perseverance; energy,N1,n,1290110,,この種の仕事には大変な根気が必要とされる。,This sort of work calls for a lot of patience.
957d019486,根拠,こんきょ,konkyo,basis; foundation,N1,n,1290120,,その噂は全く根拠がなかった。,The rumor was completely without foundation.
44a0f24b42,混血,こんけつ,konketsu,mixed race; mixed parentage,N1,n; adj-no; vs,1290330,,「そっかぁ、アルクさんはワーウルフなんですね」「俺は混血だから変身したりはしねーよ」,"""Oh, right, you're a werewolf, aren't you?"" ""I'm mixed blood, so I don't transform or anything."""
18beab6691,コンタクト,コンタクト,kontakuto,contact; contact lens,N1,n,1052410,,サリーは前の日に買ったコンタクトをなくした。,Sally lost the contact lenses she had bought the day before.
c480536422,昆虫,こんちゅう,konchuu,insect; bug,N1,n; adj-no,1289980,,趣味は昆虫を集めることです。,My hobby is collecting insects.
2cb6f0e01a,根底,こんてい,kontei,root; basis; foundation,N1,n,1290260,,この議論の根底には、問題としている規則が言語に存在するという仮説がある。,Basic to the argument is the assumption that the rules in question are present in the language.
976ec4b001,コンテスト,コンテスト,kontesuto,contest,N1,n,1052590,,スピーチコンテストは１１月９日に行われた。,The speech contest took place on the ninth of November.
f854a31f4a,混同,こんどう,kondou,confusion; mixing; merger,N1,n; vs; vt,1290480,,欲望を愛と混同するな。,Don't confuse desire with love.
a8e0cc0d2a,コントラスト,コントラスト,kontorasuto,contrast,N1,n,1052780,,その洋服は赤と白のコントラストが美しい。,The dress has a beautiful contrast between red and white.
ed839ead49,コントロール,コントロール,kontorooru,control,N1,n; vs; vt,1052830,,関税を国ごとではなくブロックでコントロールする方が好都合であることを強調したい。,I would like to stress that it is more convenient to control tariffs as a bloc rather than country by country.
bcd1069fd5,コンパス,コンパス,konpasu,compass,N1,n,1053130,,私はコンパスで円を描いた。,I drew a circle with compasses.
3356c0b63c,根本,こんぽん,konpon,origin; source; foundation; root; base; principle,N1,n,2848289,,想像力は、すべての文明の根本である。,Imagination is the root of all civilization.
c78ec3cd4b,差異,さい,sai,difference; disparity,N1,n,1291340,,それらの間には、ごくわずかな差異があった。,There was a minute difference between them.
dbe3b4e73e,再,さい,sai,re-; again; repeated,N1,pref,1292290,,ビザの再発給をお願いしたいのですが。,Could you please issue me a visa again?
fe783aee7a,歳,さい,sai,... years old; age (of) ...,N1,ctr,1294940,,妹は３歳年下で弟は４歳年下です。,My sister is three years younger than I and my brother is four years younger.
a22764c8da,財,ざい,zai,fortune; riches,N1,n; n-suf,1296770,,彼は努力によって財を成した。,He has made a fortune through hard work.
d41ecf3cab,再会,さいかい,saikai,another meeting; meeting again; reunion,N1,n; vs; vi,1292390,,ああ、彼らはいつ再会するだろうか。,"Ah, when will they meet again?"
7ec70ac5e6,災害,さいがい,saigai,calamity; disaster; misfortune,N1,n,1295100,,嵐は、多くの災害を引き起こした。,The storm caused a lot of damage.
a5a31448e1,細菌,さいきん,saikin,bacillus; bacterium; germ,N1,n,1295590,,この化学薬品は細菌の繁殖を防ぐだろう。,This chemical will prevent germs from breeding.
e5e4f44fbe,細工,さいく,saiku,work; craftsmanship; tactics; trick,N1,n; vs; vt,1295610,,彼らの最高の技術は木工細工に見られた。,Their highest skill was woodworking.
fb51ca7096,採掘,さいくつ,saikutsu,mining,N1,n; vs; vt,1294750,,彼らは石油の採掘を行うつもりだった。,They intended to drill for oil.
d67fdd7582,サイクル,サイクル,saikuru,cycle,N1,n,1055520,,図表２を見ると、これらの貿易サイクルのいくつかは非常に短期のものであることが判明する。,A glance at Chart 2 will reveal that some of these trade cycles are very short-lived.
9f4d23f1c8,採決,さいけつ,saiketsu,vote; roll call,N1,n; vs; vt,1294760,,彼らはその動議について採決をした。,They took a vote on the motion.
25a859b79f,再建,さいけん,saiken,rebuilding; reconstruction; rehabilitation,N1,n; vs; vt,1292590,,その城は、１４８５年に全焼して、再建されなかった。,"The castle, burnt down in 1485, was not rebuilt."
17a6158213,再現,さいげん,saigen,reappearance; reproduction; return; revival,N1,n; vs; vi,1292640,,僕は実験方法を学んでいたのではなかったし、実験を再現する方法を学んでいるのでさえなかった。,I was not being taught to experiment or even to repeat experiments.
0ef81c896f,財源,ざいげん,zaigen,source of funds; resources; finances,N1,n,1296810,,,
ee78c61579,在庫,ざいこ,zaiko,stockpile; stock,N1,n,1296470,,申し訳ありませんが、在庫がありません。,I'm afraid we are out of stock.
992688e92e,採算,さいさん,saisan,profit,N1,n,1294780,,その事業もやがては採算が取れるようになるだろう。,The business will pay in due course.
ee81c93b87,採集,さいしゅう,saishuu,collecting; gathering,N1,n; vs; vt,1294810,,砂から金を分離採集する方法をお見せしましょう。,I'll show you how to separate gold from sand.
d0b0e94e2a,サイズ,サイズ,saizu,size,N1,n,1055780,,このサイズは私には大きすぎます。,This size is too large for me.
6d41c419f1,再生,さいせい,saisei,playback; regeneration; resuscitation; return to life; rebirth; reincarnation; narrow escape; reclamation,N1,n; vs; vt; vi,1292960,,録音が終わったらそれを再生して聞かせてください。,Please play it back for me after you've finished the recording.
dcfa49f3a3,財政,ざいせい,zaisei,economy; financial affairs,N1,n,1296830,,現在のその市の財政は芳しくない。,The present state of the city's finances is not good.
92f3050d57,最善,さいぜん,saizen,the very best,N1,n; adj-no,1294160,,それが私たちが今できる最善の方法だ。,That's the best way we can do now.
55e72078ed,採択,さいたく,saitaku,adoption; selection; choice,N1,n; vs; vt,1294830,,その委員会はその提案を採択した。,The committee adopted the plan.
702d98a819,栽培,さいばい,saibai,cultivation,N1,n; vs; vt,1294910,,彼女は庭でトマトを栽培している。,She grows tomatoes in her garden.
b00accb0cc,再発,さいはつ,saihatsu,return; relapse; reoccurrence,N1,n; vs; vi,1293410,,１９５５年にガンが再発し、彼女は１９５６年に４２歳で亡くなった。,"In 1955, the cancer returned and she died in 1956 at the age of 42."
25fc642064,細胞,さいぼう,saibou,cell (biology),N1,n,1295740,,ガン細胞とはどのようなものですか。,What is a cancer cell like?
b5a3ad85f1,採用,さいよう,saiyou,use; adopt,N1,n; vs; vt,1294890,,都会の会社は有能な若者を採用しようと互いに張り合った。,City firms vied with each other to hire the brightest young staff.
6172efbca8,遮る,さえぎる,saegiru,to interrupt; to intercept; to obstruct,N1,v5r; vt,1323290,,彼女は手で目から日差しを遮った。,She used her hand to screen the sunlight from her eyes.
03c235eae3,囀る,さえずる,saezuru,to sing; to chirp; to twitter,N1,v5r; vi,1565710,,空で鳥がさえずっていた。,Birds were singing in the sky.
acd16e281c,冴える,さえる,saeru,to be clear; to be serene; to be cold; to be skillful,N1,v1; vi,1297050,,昨日ゆっくり休んだ分、今日は頭が冴えている。,"I feel smart today, to a degree that is in proportion to the amount of good rest I had yesterday."
7afe63bc18,竿,さお,sao,rod; pole (e.g. for drying laundry),N1,n,1214060,,竿にシーツを全部干しました。,I put all of the sheets to dry on the pole.
c9a5908139,栄える,さかえる,sakaeru,to prosper; to flourish,N1,v1; vi,1173860,,善人必ずしも栄える者でない。,Not all good men will prosper.
86ff79ee1d,差額,さがく,sagaku,balance; difference; margin,N1,n,1291370,,差額はありますか。,Is there a difference?
24b670d6d3,杯,さかずき,sakazuki,wine cups,N1,n,1472630,,,
83d4b6e60d,逆立ち,さかだち,sakadachi,handstand; headstand,N1,n; vs; vi,1227250,,逆立ちをした時に首がガクンとなりました。,My neck snapped when I did a headstand.
4ae5663b6a,盛る,さかる,sakaru,to prosper; to flourish; to copulate (animals),N1,v5r; vi,1379730,,お刺身を盛るお皿は、どれにする？,Which plate should I serve sashimi on?
2f52c4d5d8,詐欺,さぎ,sagi,fraud; swindle,N1,n,1291690,,私の知る限り、彼はその詐欺の企みには関与していません。,"To my knowledge, he has not been involved in the fraud scheme."
eff14d6855,先に,さきに,sakini,before; earlier than; ahead; beyond; away; previously; recently,N1,adv,1387280,,その情報は発表するより先に新聞に漏れた。,The information was given away to the newspaper prior to the announcement.
9314be824f,作,さく,saku,a work; a harvest,N1,n; n-suf,1297240,,この絵はモネの作とされている。,This painting is attributed to Monet.
98daf18614,柵,さく,saku,fence; paling,N1,n,1298250,,少年はらくらくと柵を飛び越えた。,The boy skipped over the fence.
2349af2f2f,策,さく,saku,plan; policy,N1,n; n-suf,1298260,,正直は決して最上の策ではない。,Honesty is never the best policy.
ec75c990a9,削減,さくげん,sakugen,cut; reduction; curtailment,N1,n; vs; vt,1298110,,彼女は支出を徐々に削減した。,She pared down her expenditures.
f6f4d393a1,錯誤,さくご,sakugo,mistake,N1,n,1298420,,,
ad558472a4,作戦,さくせん,sakusen,military or naval operations; tactics; strategy,N1,n,1297800,,タイムをとって作戦を練ろう。,Let's take time out to elaborate a strategy.
4bec3c72cb,作物,さくぶつ,sakubutsu,literary work,N1,n,1297940,,,
0de2011ee3,叫び,さけび,sakebi,shout; scream; outcry,N1,n,1235890,,彼女の叫びが警察を呼び寄せた。,Her scream brought the police.
938c9d8608,裂ける,さける,sakeru,to split; to tear; to burst,N1,v1; vi,1558610,,この布は裂けやすい。,This cloth tears easily.
9f492a7054,捧げる,ささげる,sasageru,to lift up; to give; to offer; to consecrate; to devote; to sacrifice; to dedicate,N1,v1; vt,1516430,,彼は平和のために一生を捧げた。,He dedicated his life to peace.
a8e61e8f39,些事,さじ,saji,something small or petty; trifle,N1,n,1593790,,,
efd3b15360,差し掛かる,さしかかる,sashikakaru,to come near to; to approach,N1,v5r; vi,1291140,,交渉はとても微妙な段階にさしかかっている。,The negotiations are at a very delicate stage.
896f36ec1e,指図,さしず,sashizu,instruction; mandate,N1,n; vs; vt,1309850,,時計が人間の行動を指図する。,The clock dictates man's movements.
97067b8785,差し出す,さしだす,sashidasu,to present; to submit; to tender; to hold out,N1,v5s; vt,1291230,,赤ん坊は小さな手を差し出した。,The baby held out his tiny hand.
cdf5e77c1e,差し支える,さしつかえる,sashitsukaeru,to interfere; to hinder; to become impeded,N1,v1; vi,1291180,,,
d46b54b4ac,差し引く,さしひく,sashihiku,to deduct,N1,v5k; vt,1291100,,１０から２を差し引くと８です。,Subtract two from ten and you have eight.
1452a1a7e3,授ける,さずける,sazukeru,to grant; to award; to teach,N1,v1; vt,1330280,,私は水でバプテスマを授けている。,I baptize with water.
fab38f85af,さぞ,さぞ,sazo,I am sure; certainly; no doubt,N1,adv,1565620,嘸,さぞショックだったでしょう。,It must have been a shock to you.
398673bdbc,定まる,さだまる,sadamaru,to become settled; to be fixed,N1,v5r; vi,1435370,,やっと天候が定まった。,The weather has settled at last.
3da0f86cec,定める,さだめる,sadameru,to decide; to establish; to determine,N1,v1; vt,1435380,,職員の選考に関する規則を次のように定める。,Rules in connection with staff selection are set as follows.
5468d806d0,座談会,ざだんかい,zadankai,symposium; round-table discussion,N1,n,1291920,,,
5d038b3b98,冊,さつ,satsu,counter for books,N1,ctr,1298520,,ポール、8冊までなら借りられるからね。,"Paul, we can borrow up to 8 books."
3b5a252a70,雑,ざつ,zatsu,rough; crude,N1,adj-na,1299240,,お客が雑な作りのスタンドに座って靴を磨いてもらっている。,A customer is having his shoes shined on a slapped-together stand.
6e4c1d41d8,雑貨,ざっか,zakka,miscellaneous goods; general goods; sundries,N1,n,1299290,,あそこでは多くのタイプの食品や雑貨を売っている。,They sell many types of food and grocery products.
bf631bff68,錯覚,さっかく,sakkaku,optical illusion; hallucination,N1,n; vs; vt; vi,1298400,,これはあれよりも長いように見えるが、錯覚だ。,"This looks longer than that, but it is an optical illusion."
42a1f92fce,殺人,さつじん,satsujin,murder,N1,n; vs; vt; vi,1299100,,彼は殺人以外のことなら何でもするだろう。,He will do anything but murder.
3c1e02f0c4,察する,さっする,sassuru,to guess; to sense; to presume; to judge; to sympathize with,N1,vs-s; vt,1298740,,この手紙から察すると彼は立腹しているようだ。,I gathered from this letter that he was angry.
750318c4c4,雑談,ざつだん,zatsudan,chatting; idle talk,N1,n; vs; vi,1299480,,ぜひ雑談でもしにいらしてください。,You must come and have a chat with us.
76c9379fe5,さっと,さっと,satto,quickly; suddenly,N1,adv,1005200,,編集者は原稿にさっと目を通した。,The editor glanced over the manuscript.
11bc98c5aa,雑木,ざつぼく,zatsuboku,various kinds of small trees; assorted trees,N1,n,1299560,,,
2f8bc57219,悟る,さとる,satoru,to attain enlightenment; to perceive; to understand; to discern,N1,v5r; vt,1270850,,彼はついに自分の誤りを悟った。,"At last, he realized his error."
d241556a2f,裁く,さばく,sabaku,to judge,N1,v5k; vt,1295940,,誰がこの事件を裁くのでしょうか。,Who is going to try this case?
757c62778f,座標,ざひょう,zahyou,coordinate(s),N1,n; adj-no,1638190,,,
2726e030a9,さほど,さほど,sahodo,(not) very; (not) much,N1,adv,1394760,然程; 左程,誠実さほど重要なものはない。,Nothing is more important than sincerity.
6707c34b07,サボる,サボる,saboru,to be truant; to be idle; to sabotage by slowness,N1,v5r; vt; vi,1057580,,彼らはいつも学校をサボっています。,They always escape from school.
2e94c5f285,様,さま,sama,Mr. or Mrs.; manner; kind; appearance,N1,suf,1545790,,彼女は王女様になった夢を見た。,She dreamed that she was a princess.
1aaa4f2c34,侍,さむらい,samurai,Samurai; warrior,N1,n,1314780,,『うぐいす侍』人間愛とユーモア溢れる侍物語。,"""The Nightingale Samurai"" is a samurai tale full of humanity and humour."
fc4763325c,然も,さも,samo,with gusto; with satisfaction,N1,adv,1394700,,笑いで誤魔化すと、亜美さんはさも不機嫌そうに眉を寄せた。,Ami frowned in a very un-amused way as I brushed her off with a laugh.
73affc28d7,作用,さよう,sayou,action; operation; effect; function,N1,n; vs; vi,1298000,,日光は皮膚に作用する。,The sunbeam acts upon the skin.
6eaf31b290,さらう,さらう,sarau,to carry off; to run away with; to kidnap; to abduct,N1,v5u; vt,1593870,攫う,彼女は全部の賞をさらって行った。,She carried off all the prizes.
5e5c2e2c1c,障る,さわる,sawaru,to hinder; to interfere with; to affect; to do one harm; to be harmful to,N1,v5r; vi,1352050,,彼女の行動は本当に私の神経に障った。,Her behavior really got on my nerves.
50ffe65f74,さん,さん,san,Mr or Mrs,N1,suf,1005340,,おつりはいらないよ、運転士さん。,"Keep the change, driver."
1fbd5e412c,酸,さん,san,acid,N1,n,1304260,,その物質は酸で処理しなければならない。,The substance must be treated with acid.
4d05f662c5,酸化,さんか,sanka,oxidation,N1,n; vs; vt; vi,1304290,,チョコレートにはＬＤＬの酸化を防止する力がある。,Chocolate acts to prevent LDL oxidisation.
427fb01f65,山岳,さんがく,sangaku,mountains,N1,n,1302780,,ついに病気で疲れた男たちは彼が待っている山岳都市に到着した。,"Finally, the sick, tired men reached the mountain town where he was waiting."
01c8c71035,参議院,さんぎいん,sangiin,House of Councillors,N1,n,1302210,,古参議員たちは、選挙で参議院の議席を失いそうになりました。,The old guard was nearly voted out of the Upper House.
e7a2cf9e3c,サンキュー,サンキュー,sankyuu,thank you,N1,int,1058250,,,
8dc7f3c5af,産休,さんきゅう,sankyuu,maternity leave,N1,n,1303760,,９月３０日から１０月１４日まで産休を取ります。,I'm taking maternity leave from September 30th to October 14th.
5a574aee6b,残金,ざんきん,zankin,remaining money,N1,n,1304570,,残金は６月３０日までに御支払いします。,We will pay this amount by June 30.
e44c56587f,産後,さんご,sango,postpartum; after childbirth,N1,adj-no; n,1303790,,女性は産後すぐに亡くなった。,The woman died shortly after giving birth.
f5d9fdc3f4,残酷,ざんこく,zankoku,cruelty; harshness,N1,adj-na; n,1304600,,怪物は残酷な微笑みを浮かべた。,The monster's smile was cruel.
0730229418,産出,さんしゅつ,sanshutsu,yield; produce,N1,n; vs; vt,1303810,,この畑は良質の作物を産出する。,These fields produce fine crops.
e089e5d870,参照,さんしょう,sanshou,reference; consultation,N1,n; vs; vt,1302410,,１０項を参照して下さい。,Please refer to paragraph ten.
705dbe5e87,参上,さんじょう,sanjou,calling on; visiting,N1,n; vs; vi,1302440,,腰痛のため、小泉さんのパーティー に参上いたしません。,"Due to my lumbago, I won't be able to attend Koizumi's party."
392eca258a,残高,ざんだか,zandaka,(bank) balance; remainder,N1,n,1304590,,私の預金残高はどうなっていますか。,What's the balance of my account?
ee63103aa9,サンタクロース,サンタクロース,santakuroosu,Santa Claus,N1,n,1058420,,彼はサンタクロースの扮装をした。,He got himself up as Santa Claus.
6114f36b6b,桟橋,さんばし,sanbashi,wharf; bridge; jetty; pier,N1,n,1303650,,昔ここには桟橋があったんだ。,There used to be a pier here.
6c40f292f8,賛美,さんび,sanbi,praise; adoration; glorification,N1,n; vs; vt,1304240,,彼女の美貌は全校の賛美のまとだ。,Her beauty is the admiration of the whole school.
dddbd253bb,山腹,さんぷく,sanpuku,hillside; mountainside,N1,n,1303150,,僕らの大学の校舎は、今福岡市の北部の山腹に建築中です。,Our university building is now under construction on a hillside in the north of Fukuoka.
adb0af83d2,産婦人科,さんふじんか,sanfujinka,maternity and gynecology department,N1,n,1303850,,最近、産婦人科の不足が問題になっているね。,"Recently, shortages of obstetrics and gynecology specialists have become a problem."
c3e8729b86,産物,さんぶつ,sanbutsu,product; result; fruit,N1,n,1303870,,コーヒーはブラジルの主要産物である。,Coffee is Brazil's main product.
92c0bddf4b,山脈,さんみゃく,sanmyaku,mountain range,N1,n,1303190,,私は山脈を見た。,I saw a chain of mountains.
ee1a37fa61,死,し,shi,death; decease,N1,n,1310720,,人は生まれるやいなや、死に向かう。,"As soon as man is born, he begins to die."
966e181cea,次,じ,ji,order; sequence; times; next; below,N1,ctr,1579580,,第２次世界大戦は、いつ起こったか。,When did World War II break out?
bc5b286310,仕上がり,しあがり,shiagari,finish; end; completion,N1,n,1305120,,素敵な仕上がりだわ。,You have done a wonderful job.
42b43ce436,仕上げ,しあげ,shiage,end; finishing touches; being finished,N1,n,1594040,,仕上げの筆を少し加える。,I add a few finishing touches.
4f03a7c46d,仕上げる,しあげる,shiageru,to finish up; to complete,N1,v1; vt,1305140,,ユミは１日でそれを仕上げられません。,Yumi can't finish it in a day.
da8dd04cb6,飼育,しいく,shiiku,breeding; raising; rearing,N1,n; vs; vt,1312980,,彼は牛の飼育の仕方を知った。,He learned how to raise cattle.
863a775a01,強いて,しいて,shiite,by force,N1,adv,1236080,,これと言って趣味はないんですが、強いて言えば、音楽鑑賞ですかね。,"I don't know if you'd call it a hobby, but to stretch it a little, you could say music appreciation is my hobby."
1b60cfb2ae,シート,シート,shiito,seat; sheet,N1,n,1059450,,,
3d353fdf0a,ジーパン,ジーパン,jiipan,jeans (lit: jeans pants); dungarees,N1,n,1064050,,兄は私にジーパンをくれた。,My brother gave me a pair of jeans.
f63ec8688f,強いる,しいる,shiiru,to force; to compel; to coerce,N1,v1; vt,1236100,,彼らは我々に服従を強いた。,They enforced obedience upon us.
7ff4bf42f4,仕入れる,しいれる,shiireru,to lay in stock; to replenish stock; to procure,N1,v1; vt,1305310,,私達は原料をマレーシアから仕入れている。,We get the materials from Malaysia.
6f65d17ebd,歯科,しか,shika,dentistry,N1,n,1313110,,,
69d6bca427,自我,じが,jiga,self; the ego,N1,n,1317460,,彼らは喜びのあまりすっかり自我をわすれた。,They were quite beside themselves with joy.
82f87e36f1,市街,しがい,shigai,urban areas; the streets; town; city,N1,n; adj-no,1308190,,地下鉄は、市街電車よりはやい。,The subway is faster than the streetcar.
56d9848db1,視覚,しかく,shikaku,sense of sight; vision,N1,n,1312010,,視覚は五感の１つである。,Sight is one of the five senses.
8b7f4fc480,資格,しかく,shikaku,qualifications; requirements; capabilities,N1,n,1312690,,彼には弁護士の資格がある。,He is qualified as a solicitor.
46d28a7430,自覚,じかく,jikaku,self-conscious,N1,n; vs; vt; vi,1317490,,彼は社会人としての自覚に欠ける。,He lacks consciousness that he is a member of society.
af09a2fb2b,仕掛け,しかけ,shikake,device; trick; mechanism; gadget; (small) scale; half finished; commencement; set up; challenge,N1,n,1594100,,この仕掛けはスイッチで動く。,This device is actuated by a switch.
0c73fbec8d,仕掛ける,しかける,shikakeru,to commence; to lay (mines); to set (traps); to wage (war); to challenge,N1,v1; vt,1304820,,彼はその動物をとらえるためにわなをしかけた。,He set a trap to catch the animal.
64778c95f5,しかしながら,しかしながら,shikashinagara,nevertheless; however,N1,adv; conj,1506000,,しかしながら、品物の数が誤っていました。,"However, the quantity was not correct."
26c17d8895,地方,じかた,jikata,area; locality; district; region; the coast,N1,n,2796690,,彼らは北極地方から南へとびます。,They fly south from the arctic region.
db8eb581ea,指揮,しき,shiki,command; direction,N1,n; vs; vt,1309700,,指揮者はオーケストラの指揮をする。,A conductor directs an orchestra.
0e7b5df019,磁器,じき,jiki,porcelain; china,N1,n,1316980,,,
ba9a20ea9f,磁気,じき,jiki,magnetism,N1,n,1316990,,その機械は磁気の力で動く。,Magnetic force drives the mechanism.
12b0fc3312,色彩,しきさい,shikisai,colour; hue; tints,N1,n,1357720,,雄のくじゃくは尾の羽毛が色彩豊かである。,The male peacock has colorful tail feathers.
0c606e7a79,式場,しきじょう,shikijou,ceremonial hall; place of ceremony (e.g. marriage),N1,n,1319090,,,
299764879b,しきたり,しきたり,shikitari,customs,N1,n,1594160,為来り,彼はそのしきたりをよく知っている。,He is acquainted with the custom.
ae6a0942f1,事業,じぎょう,jigyou,project; enterprise; business; industry; operations,N1,n,1313670,,彼女は社会福祉事業に従事している。,She is engaged in social work.
af52de6f58,仕切る,しきる,shikiru,to partition; to divide; to mark off; to settle accounts; to toe the mark,N1,v5r; vt,1305180,,庭は柵で小道と仕切られている。,The garden is railed off from the path.
230b57c6b3,資金,しきん,shikin,funds; capital,N1,n,1312700,,その計画には資金が不足していた。,Money for the plan was lacking.
7e7a810b78,軸,じく,jiku,axis; stem; shaft; axle,N1,n; n-suf,1319180,,その小説は南北戦争を軸にしている。,The novel is centered on the Civil War.
eb4849bf00,しくじる,しくじる,shikujiru,to fail; to fall through; to blunder,N1,v5r; vi,1005500,,今回はしくじれないぞ。,You cannot fail this time.
d5263c628f,仕組み,しくみ,shikumi,devising; plan; plot; contrivance; construction; arrangement,N1,n,1594180,,経済学は経済の仕組みを研究する学問である。,Economics is the study of economic mechanisms.
b5bf192e57,死刑,しけい,shikei,death penalty; capital punishment,N1,n,1310810,,その犯罪は死刑に値する。,That crime is punishable by death.
9cbce49fda,湿気る,しける,shikeru,to be damp; to be moist,N1,v1; vi,1320420,,あらやだ、このお煎餅もう湿気ってる。,Yecch. This rice cracker is soggy.
e111d4b814,自己,じこ,jiko,self; oneself,N1,n; adj-no,1317580,,彼は自己を没却する男ではない。,He knows how to assert himself.
73cb8b25c2,志向,しこう,shikou,intention; aim,N1,n; vs; vt,1309110,,その会社の強さは未来志向の戦略によって生みだされている。,The strength of the firm is attributed to its future-oriented strategy.
61fc1c79e5,思考,しこう,shikou,thought,N1,n; vs; vt; vi; adj-no,1309530,,彼女の思考法は合理的だった。,Her way of thinking was rational.
5dea6ed2ff,施行,しこう,shikou,execution; enforcing; carrying out,N1,n; vs; vt,1579510,,,
9f66f67f0f,嗜好,しこう,shikou,taste; liking; preference,N1,n; vs; vt,1565500,,コーヒーは酸味のないものの方が父の嗜好に合うようだ。,Coffee without acidity seems to suit my father's taste better.
27a80f5aeb,事項,じこう,jikou,matter; item; facts,N1,n,1313910,,ジェーンは申込書に必要事項を書き入れた。,Jane filled out an application.
aadd965d71,地獄,じごく,jigoku,hell,N1,n,1421090,,最近は、ローン地獄で破産する人が増えている。,More and more people these days are getting overwhelmed by housing loans.
6fd972e632,時刻表,じこくひょう,jikokuhyou,table; diagram; chart; timetable; schedule,N1,n,1316230,,時刻表が改正された。,The timetable has been revised.
f4553f0b0b,時差,じさ,jisa,time difference,N1,n,1316240,,会社は時差通勤を導入しようとしています。,The company is attempting to stagger work hours.
8b4027dbec,自在,じざい,jizai,freely; at will,N1,n; adj-na; adj-no,1317750,,彼はフランス語が自在にこなせる。,He has a good command of French.
fb769f71e3,視察,しさつ,shisatsu,inspection; observation,N1,n; vs; vt,1312040,,彼は来月中国へ視察旅行に出かけます。,He is leaving for China on an inspection tour next month.
454687e7e8,資産,しさん,shisan,property; fortune; means; assets,N1,n,1312750,,彼女はちょっとした資産を持っている。,She has some money of her own.
3d995a5e6a,指示,しじ,shiji,indication; instruction; directions,N1,n; vs; vt,1309800,,私たちはあなたを空港までお連れするようにとの指示を受けています。,I have been instructed to take you to the airport.
70c9f8812e,支持,しじ,shiji,support; maintenance,N1,n; vs; vt,1310150,,我々はこぞって君を支持する。,We are solidly behind you.
2d1c66161d,自主,じしゅ,jishu,independence; autonomy,N1,n; vs; vi,1317860,,,
99dd4adc73,自首,じしゅ,jishu,surrender; give oneself up,N1,n; vs; vi,1317890,,その犯人は警察に自首した。,The criminal gave himself up to the police.
8b1e86984f,刺繍,ししゅう,shishuu,embroidery,N1,n; vs; vt,1306540,,彼女からすばらしい刺繍品をもらった。,She gave me charming embroideries.
33dff47c30,辞職,じしょく,jishoku,resignation,N1,n; vs; vi,1318980,,私は辞職する意志はまったくない。,I have no intention of resigning.
d8525590a4,自信,じしん,jishin,self-confidence,N1,n,1317970,,本当の自信と空威張りは別問題だ。,True bravery is quite another thing from bravado.
8b25299c99,雫,しずく,shizuku,drop (of water),N1,n,1437210,,濡れたタオルから滴が垂れている。,Water is dripping from the wet towel.
35d3365a8f,システム,システム,shisutemu,system,N1,n,1060300,,このシステムには明らかな欠陥がある。,This system has obvious defects.
377fdae689,沈める,しずめる,shizumeru,to sink; to submerge,N1,v1; vt,1431680,,彼らは敵の船を１０せき沈めた。,They sank ten enemy ships.
27fc686a45,施設,しせつ,shisetsu,institution; establishment; facility; (army) engineer,N1,n; vs; vt,1310410,,教育施設を拡充する金をもっと多くと望んでいる。,People want more money to expand educational institutions.
11acdf0a51,事前,じぜん,jizen,prior; beforehand; in advance,N1,adj-no,1314050,,事前に予約を取っておくべきだ。,We'd better make a reservation beforehand.
708465fbe8,子息,しそく,shisoku,son,N1,n,1307980,,ご子息のご結婚を心よりお祝い申し上げます。,Please accept our heartiest congratulations on the marriage of your son.
833943523e,持続,じぞく,jizoku,continuation,N1,n; vs; vt; vi,1315810,,自転車は都会の環境を破壊することなく資源利用を持続することのできる道具である。,Bicycles are tools for urban sustainability.
4e1176615c,自尊心,じそんしん,jisonshin,self-respect; conceit,N1,n,1318220,,彼女の態度は私の自尊心を傷つけた。,Her attitude hurt my self-respect.
4c55f42bcc,字体,じたい,jitai,type; font; lettering,N1,n,1315200,,,
11d97cded8,辞退,じたい,jitai,refusal,N1,n; vs; vi,1318990,,芥川賞の受賞を辞退したいのですが。,I would like to excuse myself from receiving the Akutagawa Prize.
d24c5432b6,慕う,したう,shitau,to yearn for; to miss; to adore; to love dearly,N1,v5u; vt,1514910,,少女は叔母をとても慕っている。,The girl is deeply attached to her aunt.
2dbb8dd1b2,下心,したごころ,shitagokoro,secret intention; motive,N1,n,1185450,,彼はあの女性に下心を抱いている。,He has designs on that girl.
3384dae78d,下地,したじ,shitaji,groundwork; foundation; inclination; aptitude; elementary knowledge of; grounding in; prearrangement,N1,n,1185920,,,
3236115f86,親しむ,したしむ,shitashimu,to be intimate with; to befriend,N1,v5m; vi,1365070,,アメリカ人は大変親しみやすい。,Americans are very friendly people.
8ab29ecca2,下調べ,したしらべ,shitashirabe,preliminary investigation; preparation,N1,n; vs; vt,1185970,,下調べはしたかい。会議は２日後だよ。,Did you do your homework? The meeting is only two days away.
d8a877df8f,認める,したためる,shitatameru,to write up,N1,v1; vt,1467520,,彼は遺書をしたためた。,He has drawn up a will.
8ad49e06c3,仕立てる,したてる,shitateru,to tailor; to make; to prepare; to train; to send (a messenger),N1,v1; vt,1305560,,生地を預ければドレスを仕立ててくれますか。,Will you make me up a dress if I give you the material?
5cbdba75ac,下取り,したどり,shitadori,trade in; part exchange,N1,n; vs; vt,1185180,,車を下取りに出して新車を買った。,I traded in my car for a new one.
66193a6b91,下火,したび,shitabi,burning low; waning; declining,N1,n,1184580,,化学業界はすべてが下火になるまで再投資を控えています。,Chemical companies are waiting until everything dies down before reinvesting.
f575593bf5,室,しつ,shitsu,room,N1,n; n-suf,1320300,,先生は生徒達に講義室を退出させなかった。,The teacher did not permit the students to leave the lecture hall.
6dcfd99e2c,実,じつ,jitsu,truth; reality; sincerity; fidelity; kindness; faith; substance; essence,N1,n; adj-no,1320800,,名を捨てて実を取る。,Profit is better than fame.
4f9508a37a,失格,しっかく,shikkaku,disqualification; elimination; incapacity (legal),N1,n; vs,1319820,,彼女は２度のフライングで失格した。,She was disqualified from the race for two false starts.
46d561c428,質疑,しつぎ,shitsugi,question,N1,n; vs,1320680,,,
3a3ca43df5,実業家,じつぎょうか,jitsugyouka,industrialist; businessman,N1,n,1320950,,トムは実業家になるのに向いている。,Tom is fit to become a businessman.
3eb60879bf,シック,シック,shikku,chic,N1,adj-na,1060610,,,
9ee0d57fa7,じっくり,じっくり,jikkuri,deliberately; carefully,N1,adv; adv-to,1005860,,じっくり彼に耳を貸す者はいない。,No one stops to listen to him.
f017c2a6b0,躾,しつけ,shitsuke,home discipline; training; upbringing; breeding,N1,n,1573410,,男の子へのしつけは可能である。,Boys can be trained to behave.
ff02641ef7,仕付ける,しつける,shitsukeru,to be used to a job; to begin to do; to baste; to tack; to plant,N1,v1; vt,1305350,,犬をしつけるのは、容易ではない。,It is not easy to train dogs.
e2cd3d1a33,実質,じっしつ,jisshitsu,substance; essence,N1,n,1321170,,実質成長と名目成長率の差は物価上昇を意味する。,Price increases explain the difference between the real and nominal growth rates.
0b885a1c38,実情,じつじょう,jitsujou,real condition; actual circumstances; actual state of affairs,N1,n,1595260,,実情がどうなっているかはっきり言いましょう。,I will tell you exactly how the matter stands.
031659079f,実践,じっせん,jissen,practice; put into practice,N1,n; vs; vt,1321260,,理論と実践は相伴うとは限らない。,Theory and practice do not necessarily go together.
4b1e1efe84,質素,しっそ,shisso,simplicity; modesty; frugality,N1,adj-na; n,1320710,,私達は質素な食物を食べるのに慣れている。,We are used to eating plain food.
49b24ec6dc,実態,じったい,jittai,truth; fact,N1,n,1321360,,死亡事例が19件と全体の20％を超えており、過労死の深刻な実態が浮き彫りになった。,"With 19 cases of death forming over 20% of the whole, the grave reality of overwork-deaths has been thrown into relief."
b24bac20d7,失調,しっちょう,shitchou,lack of harmony,N1,n,1320080,,,
4cd81e6ad4,嫉妬,しっと,shitto,jealousy,N1,n; vs; vt; vi,1320280,,すこし嫉妬深く感じたように思う。,I suppose I felt a little jealous.
c5cf46de8e,実費,じっぴ,jippi,actual expense; cost price,N1,n,1321410,,,
05b951102a,十分,じっぷん,jippun,10 minutes,N1,n,1335070,,,
3418fde87d,指摘,してき,shiteki,pointing out; identification,N1,n; vs; vt,1309940,,印刷ミスはすぐに指摘されなければならない。,Mistakes in the printing should be pointed out at once.
b16728beb7,視点,してん,shiten,opinion; point of view; visual point,N1,n,1312130,,これは十分根拠のある視点だ。,This is a valid point of view.
0c02e83a22,自転,じてん,jiten,rotation; spin,N1,n; vs; vi,1318270,,地球は自転している。,The earth revolves on its axis.
84fca05588,自動詞,じどうし,jidoushi,intransitive verb (no direct obj),N1,n,1318390,,動詞には目的語をとらない自動詞と、目的語をとる他動詞があります。,"With verbs there are intransitive verbs that don't take an object, and transitive verbs that do take an object."
151f614c5f,萎びる,しなびる,shinabiru,to wilt; to fade,N1,v1; vi,1158680,,,
192cd7a066,嫋か,しなやか,shinayaka,supple; flexible; elastic,N1,,,,,
bb70fb905e,シナリオ,シナリオ,shinario,scenario,N1,n,1060830,,映画のシナリオみたいですね。,That's something like a movie scenario.
67174ad4d8,屎尿,しにょう,shinyou,excreta; raw sewage; human waste; night soil,N1,n,1566370,,,
e318eece72,地主,じぬし,jinushi,landlord,N1,n,1421150,,その地主は以前かなり裕福な暮らしをしていた。,The landlord used to be quite well off.
aa1c7f06ce,凌ぐ,しのぐ,shinogu,to outdo; to surpass; to endure; to keep out (rain); to stave off; to tide over; to pull through; to defy,N1,v5g; vt,1554200,,この新車は他車をしのぐだろう。,This new car will put other cars to shame.
15a5796d8c,芝,しば,shiba,lawn; sod; turf,N1,n,1321610,,母は私に芝を刈るように言った。,Mother told me to mow the lawn.
423b8cfc9b,始発,しはつ,shihatsu,first train,N1,n,1307610,,あなたは始発電車に間にあいましたか。,Did you catch the first train?
ad34685b00,耳鼻科,じびか,jibika,otolaryngology,N1,n,1317310,,今、耳鼻科にかかっています。,"I go to an Ear, Nose, and Throat (ENT) specialist now."
dec3fc2f2a,渋い,しぶい,shibui,tasteful (clothing); cool; an aura of refined masculinity; astringent; sullen; bitter (taste),N1,adj-i,1335540,,僕的にはもっと地味ってか渋い服が欲しいんですけどね。,"For my tastes, I'd prefer plainer, or rather, more tasteful clothing."
0512a67641,私物,しぶつ,shibutsu,private property; personal effects,N1,n,1311380,,洗面所には、私物を放置しないこと。,Don't leave your personal belongings in the washroom.
d582e63792,しぶとい,しぶとい,shibutoi,tenacious; stubborn,N1,adj-i,1005590,,彼は結構しぶといね。転んでもただでは起きぬ、いい根性しているよ。,He's a tenacious guy who always manages to come out on top. He's the kind of guy who can turn any situation to his advantage.
630eb88cfd,司法,しほう,shihou,administration of justice,N1,n,1306680,,,
f5c71c5eae,志望,しぼう,shibou,wish; desire; ambition,N1,n; vs; vt,1309140,,あの大学は私の第１志望だった。,That university was my first choice.
c4c39fdeb4,脂肪,しぼう,shibou,fat; grease; blubber,N1,n,1311820,,脂肪分は減らしたほうがいいですね。,You had better cut out the fat.
b240d751be,仕舞,しまい,shimai,end; termination; informal (Noh play),N1,n,1594530,,客がいなかったので店を早仕舞いにした。,"There were no customers, so we closed the shop earlier."
6363493220,始末,しまつ,shimatsu,management; dealing; settlement; cleaning up afterwards,N1,n; vs; vt,1307620,,彼は午後いっぱい使って昨年のほうれん草の根を始末した。,He's spent all afternoon rooting up last year's spinach plants.
fc5aaf963e,染みる,しみる,shimiru,to pierce; to permeate,N1,v1; vi,1391120,,彼は一人ぼっちになって寒さが骨に染みた。,He became alone in the world and was chilled to the bone.
3861eaa614,使命,しめい,shimei,mission; errand; message,N1,n,1306160,,彼らは使命を果たした。,They accomplished their mission.
f368d35b69,地元,じもと,jimoto,local,N1,adj-no,1421060,,その婦人の葬式は地元の教会で行われた。,The lady's funeral was held at the local church.
b7459622cc,僕,しもべ,shimobe,manservant; servant (of God),N1,n,1521390,,「怪しい」僕は彼に言った。,"""I smell a rat"", I said to him."
1f7fbc010f,視野,しや,shiya,field of vision; outlook,N1,n,1312140,,彼らはついに視野から消えた。,They went out of sight at last.
1f05b6ec3e,弱,じゃく,jaku,weakness; the weak; little less then,N1,suf,1324510,,６月末に参加者を募ったら１週間弱で約５００席が予約でいっぱいになった。,"When participants were sought at the end of June all, about 500, seats were reserved in under a week."
b7c3bf9989,社交,しゃこう,shakou,social life; social intercourse,N1,n; adj-no,1322860,,六月はロンドンでは社交の季節だ。,June is a social season in London.
0db578581a,ジャズ,ジャズ,jazu,jazz,N1,n,1065290,,ジャズが使う音符は、バッハが使ったのと同じだ,Jazz uses the same notes that Bach used.
8226962c2b,謝絶,しゃぜつ,shazetsu,refusal,N1,n; vs; vt,1323050,,,
5884d0807c,社宅,しゃたく,shataku,company owned house,N1,n,1322900,,鳩山さんは社宅に住んでいるらしい。,It seems that Mr Hatoyama is living in company housing.
d234d8de71,若干,じゃっかん,jakkan,some; few; number of,N1,adj-no,1324330,,公園のつつじの世話をする庭師が若干名いる。,Several gardeners look after the azaleas in the park.
e02b1d0bdc,三味線,しゃみせん,shamisen,three-stringed Japanese guitar; shamisen,N1,n,1579450,,彼女は三味線による新しいジャズの演奏法を始めた。,She originated a new way of playing jazz on the shamisen.
11e095629c,斜面,しゃめん,shamen,slope; slanting surface; bevel,N1,n,1322470,,岩は丘の斜面を転がり落ちた。,The rock rolled down the hillside.
9ba2fec541,洒落,しゃらく,sharaku,frank; open-hearted,N1,adj-na; n,1568630,,,
9cff4e2d79,砂利,じゃり,jari,gravel; ballast; pebbles,N1,n; adj-no,1291660,,道路修理のために彼らは砂利をセメントで固めている。,They are binding the gravel with cement to repair the road.
0d2aa6414a,洒落る,しゃれる,shareru,to joke; to play on words; to dress stylishly,N1,v1; vi,1568670,,君はそのシャツを着るとしゃれてみえる。,You look smart in the shirt.
6a1c8b9047,ジャンパー,ジャンパー,janpaa,jacket; jumper,N1,n,1065840,,,
c36a974856,ジャンプ,ジャンプ,janpu,jump,N1,n; vs; vi,1065860,,彼はボールを取ろうとジャンプした。,He jumped to get a ball.
857ae72c6a,ジャンボ,ジャンボ,janbo,jumbo,N1,adj-na; n,1065880,,ジャンボ尾崎ほど人気のあるプロゴルファーは日本にいない。,No pro golfer in Japan is as popular as Jumbo Ozaki.
0fe3697d0a,ジャンル,ジャンル,janru,genre,N1,n,1065920,,このジャンルの曲が好きです。,I like this kind of music.
6fdfa5e5ee,種,しゅ,shu,kind; variety; species,N1,n,1328810,,６種の道具がひとまとまりになっている。,A half-dozen tools make up the tool collection.
5f947c1f81,周,しゅう,shuu,circuit; lap; circumference; vicinity; Chou (dynasty),N1,ctr,1331020,,その衛星は地球の軌道を１０周した。,The satellite made 10 orbits of the earth.
99966c63b8,衆,しゅう,shuu,masses; great number; the people,N1,n,1333240,,,
66ac33159b,私有,しゆう,shiyuu,private ownership,N1,n; vs; vt; adj-no,1311390,,,
3a37cfc263,住,じゅう,juu,dwelling; living,N1,n,1333910,,両親はうちの向かいに住んでいる。,Our parents live right across the street from us.
ca33fac1ae,収益,しゅうえき,shuueki,earnings; proceeds; returns,N1,n,1330500,,その投資は現在６％の収益を彼にもたらしている。,The investment now yields him 6%.
0699f319be,修学,しゅうがく,shuugaku,learning,N1,n; vs; vi,1331950,,,
36e8d19bfd,周期,しゅうき,shuuki,cycle; period,N1,n,1331090,,,
5dab2cd493,衆議院,しゅうぎいん,shuugiin,Lower House; House of Representatives,N1,n,1333260,,衆議院の少数派の議席は、急速にむしばまれてきています。,The number of minority seats in the Lower House is rapidly eroding.
e1fdef8d38,就業,しゅうぎょう,shuugyou,employment; starting work,N1,n; vs; vi,1331590,,僕も学生の時はよく就業をサボったよ。,"When I was a student, I also often cut classes."
0f1bb19bcf,修業,しゅうぎょう,shuugyou,pursuit of knowledge; studying; learning; training; ascetic practice; discipline,N1,n; vs; vt; vi,1579800,,只今、僕は旅立ちの日に向けて修業中です。,Right now I'm training in preparation for the day we set off.
5109d1778b,従業員,じゅうぎょういん,juugyouin,employee; worker,N1,n,1335250,,従業員たちは超過勤務をするのに異議を唱えた。,The employees demurred at working overtime.
818b55e107,集計,しゅうけい,shuukei,totalization; aggregate,N1,n; vs; vt,1333640,,国際監視団は投票の集計をしました。,International observers counted up the ballot.
07cab7ee92,襲撃,しゅうげき,shuugeki,attack; charge; raid,N1,n; vs; vt,1333340,,彼はそこで反徒の襲撃を受けた。,He was attacked there by the rebels.
212095a8b4,収支,しゅうし,shuushi,income and expenditure,N1,n,1330640,,アメリカでは多くの夫婦が収支をあわせるため共稼ぎをしている。,Many couples in America both work to make ends meet.
ddff5ba694,修士,しゅうし,shuushi,Masters degree program,N1,n,1332020,,彼は法学修士の学位を得た。,He got a master's degree in law.
a7b0152ffc,終始,しゅうし,shuushi,beginning and end; from beginning to end; doing a thing from beginning to end,N1,n; vs,1332820,,前の会社では何でも屋に終始したので今度は専門職に就きたい。,I wore several hats at my last office so I'd like to specialize this time.
ed87166555,従事,じゅうじ,juuji,engaging; pursuing; following,N1,n; vs; vi,1335320,,私はエイズの研究に従事している。,I am engaged in AIDS research.
53a8f43b51,終日,しゅうじつ,shuujitsu,all day,N1,n; adv,1332980,,終日雨が降ったりやんだりしていた。,It rained on and off all day.
c4b4033801,充実,じゅうじつ,juujitsu,fullness; completion; perfection; substantiality; enrichment,N1,n; vs; vi,1334340,,大いに充実した学生生活を送りたい。,I want to have a full and enriching student-life.
9510e4a8e0,収集,しゅうしゅう,shuushuu,gathering up; collection; accumulation,N1,n; vs; vt,1594720,,情報を収集しなければならない。,We have to gather information.
887c7b645a,修飾,しゅうしょく,shuushoku,ornamentation; embellishment; decoration; adornment; polish up (writing); modification (gram),N1,n; vs; vt,1332070,,名詞を修飾するものは、形容詞または形容詞相当語句です。,Things that modify nouns are adjectives or equivalent to adjectives.
9d761dba21,十字路,じゅうじろ,juujiro,crossroads,N1,n,1334750,,その事故はある十字路で起こった。,The accident happened at a crossroads.
27fa290805,執着,しゅうちゃく,shuuchaku,attachment; adhesion; tenacity,N1,n; vs; vi,1594740,,彼は弁護士になれるという希望に執着していた。,He clung to the hope that he could be a lawyer.
c08a9ce069,柔軟,じゅうなん,juunan,flexible; lithe,N1,adj-na; n,1335480,,考え方は柔軟でなければならない。,You must be flexible in your thinking.
c81e1499d4,重複,じゅうふく,juufuku,duplication; repetition; overlapping; redundancy; restoration,N1,n; vs; vi; adj-no,1579980,,この文は重複したため削除されました。,This sentence has been deleted because it was a duplicate.
4ad1f0d660,収容,しゅうよう,shuuyou,accommodation; reception; seating; housing; custody; admission; entering (in a dictionary),N1,n; vs; vt,1330880,,あの教会施設は避難民を収容している。,That church organization takes in refugees.
8e3037b894,従来,じゅうらい,juurai,up to now; so far; traditional,N1,n; adv,1335400,,彼は従来の習慣と違ったことをした。,He departed from the old custom.
1a8f36d596,修了,しゅうりょう,shuuryou,completion (of a course),N1,n; vs; vt; vi,1332450,,私は高校の全課程を修了した。,I completed the whole high school curriculum.
a75e6df041,守衛,しゅえい,shuei,security guard; doorkeeper,N1,n,1327130,,守衛にとがめられた。,I was challenged by a gatekeeper.
d6c727091a,主演,しゅえん,shuen,starring; playing the leading part,N1,n; vs; vi,1325050,,私は昨日チャーリーチャップリン主演の古い映画を見た。,I saw an old film featuring Charlie Chaplin yesterday.
b5a566b9f3,主観,しゅかん,shukan,subjectivity; subject; ego,N1,n,1325180,,,
cd7c2b10e4,塾,じゅく,juku,coaching school; lessons,N1,n,1337780,,あの子を無理に塾に通わせるのは反対だね。,I'm against us forcing the child to go to cram school.
a5af05c18b,祝賀,しゅくが,shukuga,celebration; congratulations,N1,n; vs; vt; adj-no,1337410,,,
f5d1e73974,宿命,しゅくめい,shukumei,fate; destiny; predestination,N1,n,1337330,,洪水はかつてはこの地方には宿命であった。,"Previously, floods were fate for the region."
48519b5fef,手芸,しゅげい,shugei,handicrafts,N1,n,1327540,,去年手芸コースを取っていたのです。,I took a handicraft course last year.
ffe3908e99,主権,しゅけん,shuken,sovereignty; supremacy; dominion,N1,n,1325360,,主権は人民にある。,Sovereignty resides in the people.
1873a19180,主催,しゅさい,shusai,organization; sponsorship,N1,n; vs; vt,1325450,,今日のパーティーは誰が主催なの？,Who was in charge of today's party?
735b7a1731,取材,しゅざい,shuzai,choice of subject; collecting data,N1,n; vs; vt; vi,1327020,,彼女は金融市場の取材を担当している。,She covers Wall Street.
a8044edb4d,趣旨,しゅし,shushi,object; meaning,N1,n,1328990,,彼のスピーチの主旨を教えてください。,Tell me the substance of his speech.
f8675e729b,主食,しゅしょく,shushoku,staple food,N1,n,1325640,,日本では米が主食です。,The main diet in Japan is rice.
818ef1c8d8,主人公,しゅじんこう,shujinkou,protagonist; main character; hero(ine) (of a story); head of household,N1,n,1325680,,主人公は、本の最後で死んだ。,The hero died at the end of the book.
5339e0154c,主体,しゅたい,shutai,subject; main constituent,N1,n,1325840,,主体・客体さえ訳せればあとはそこまで難しくないです。,If you can translate the subject and object then after that it isn't so difficult.
7cc70dbcb0,主題,しゅだい,shudai,subject; theme; motif,N1,n,1325870,,私はこの主題に精通している。,I am familiar with this subject.
e65e4a2244,出演,しゅつえん,shutsuen,performance; stage appearance,N1,n; vs; vi,1338290,,州知事がテレビに自ら出演した。,The governor appeared on TV in person.
9200a3f01e,出血,しゅっけつ,shukketsu,bleeding; haemorrhage,N1,n; vs; vi,1338750,,２、３時間出血が続きます。,You'll have bleeding for a few hours.
a41e86909d,出産,しゅっさん,shussan,(child)birth; delivery; production (of goods),N1,n; vs; vt; vi,1339010,,彼女は健康な赤ん坊を出産しました。,She gave birth to a healthy baby.
62919df179,出社,しゅっしゃ,shussha,"arrival (in a country, at work, etc.)",N1,n; vs; vi,1339150,,日曜日に出社したので月曜日が代休だった。,"I worked on Sunday, so I had Monday off."
08f2c740b5,出生,しゅっしょう,shusshou,birth,N1,n; vs; vi,1580050,,新しい出生政策は人口増加ゼロをめざしています。,The new birth policy is aimed at achieving zero population growth.
39cc6f9b57,出世,しゅっせ,shusse,promotion; successful career; eminence,N1,n; vs; vi,1339340,,川さんは家柄でなく実力で出世しました。,"Mr. Kawa made it to the top due to his own abilities, not because of his family."
260de2f79a,出題,しゅつだい,shutsudai,proposing a question,N1,n; vs; vt; vi,1339620,,どういった時事が公務員試験で出題されるのか。,What sort of current affairs appear in the civil service examination?
fe60adf28d,出動,しゅつどう,shutsudou,sailing; marching; going out,N1,n; vs; vi,1339880,,その反乱を鎮圧するために軍隊の出動が要請された。,The army was called to suppress the revolt.
294542503f,出費,しゅっぴ,shuppi,expenses; disbursements,N1,n; vs; vt; vi,1340180,,金をためるには出費を切りつめないと。,We must cut our expenses to save money.
50282fcaac,出品,しゅっぴん,shuppin,exhibit; display,N1,n; vs; vt; vi,1340190,,トムが出品した絵は皆入賞した。,Tom got prizes for all the pictures he sent to the exhibition.
84ab3941cb,主導,しゅどう,shudou,main leadership,N1,n; vs; vt,1325980,,,
4f38fa0c68,主任,しゅにん,shunin,person in charge; responsible official,N1,n,1326040,,その問題は主任をひどく苦しめた。,The problem tortured the chief.
6f3e64ab9f,首脳,しゅのう,shunou,head; brains,N1,n,1329360,,７カ国の首脳がその会議に出席した。,The top leaders of seven countries attended the meeting.
4259132ca8,守備,しゅび,shubi,defense,N1,n; vs; vt; adj-no,1327180,,私達のチームは守備が良い。,Our football team has a good defense.
9041da3ded,手法,しゅほう,shuhou,technique,N1,n,1328380,,彼の手法は全く驚くべきものだった。,His technique was absolutely amazing.
cea6de0386,樹木,じゅもく,jumoku,trees and shrubs; arbour,N1,n,1330400,,果実がなる樹木は、成長するための空間がかなり必要だ。,Fruit trees require a large amount of space in which to grow.
bb5c203cbf,樹立,じゅりつ,juritsu,establish; create,N1,n; vs; vt; vi,1330410,,イギリス人は１６０９年アメリカに植民地を樹立した。,The English established colonies in America in 1609.
96cf2aa192,準急,じゅんきゅう,junkyuu,"local express (train, slower than an express)",N1,n,1341540,,新宿駅まで準急で行ったのよ。,I went to Tokyo Station by the local express.
b1ee5bce69,準じる,じゅんじる,junjiru,to follow; to conform; to apply to,N1,v1; vi,1341510,,,
55bb56c25e,準ずる,じゅんずる,junzuru,to apply correspondingly; to correspond to; to be proportionate to; to conform to,N1,vz; vi,1341520,,この投資案を実行するには、事業本部長、あるいはそれに準ずる役職以上の決裁が必要です。,This investment plan requires approval from the director of operations or someone of equally high status in order to execute.
936ab44960,諸,しょ,sho,various; many; several,N1,pref,1344210,,諸設備の費用は払っていただきます。,You have to pay for utilities.
205f3a5a29,助,じょ,jo,help; rescue; assistant,N1,pref,1344360,,友人は助け合わなければいけない。,Friends should help one another.
de97947c0c,商,しょう,shou,quotient,N1,n,1346570,,あの店では台所用品を商っている。,"At this shop, they deal in kitchen utensils."
3fd60efde5,症,しょう,shou,illness,N1,suf,1351000,,メアリーは本当に心配症ね。,Mary is such a worrywart.
c72bbc5aaa,象,しょう,shou,phenomenon,N1,n,1351820,,,
ed2023474e,仕様,しよう,shiyou,way; method; resource; remedy; (technical) specification,N1,n,1305500,,仕様、価格は変更することがあります。,Specifications and price are subject to change.
e80e0fe969,私用,しよう,shiyou,personal use; private business,N1,n; vs; adj-no; vt,1311410,,上司は会社の電話で私用の電話をかけたといって私をひどく叱った。,My boss called me down for making private calls on the office phone.
cc76244cd1,尉,じょう,jou,jailer; old man; rank; company officer,N1,n,1156390,,,
ed26af448e,嬢,じょう,jou,young woman,N1,n,1355930,,田中嬢は長年アメリカにいたので英語を話すのが非常にうまい。,"Having been in America for many years, Miss Tanaka is a very good speaker of English."
29a0a31b60,情,じょう,jou,feelings; emotion; passion,N1,n,1356210,,暴君の心は哀れみの情で和らいだ。,The tyrant's heart melted with compassion.
b50c4ba582,状,じょう,jou,shape,N1,n; n-suf,1356690,,水を加えてペースト状になるまでかき回しなさい。,Add water and stir to a paste.
afd91341e1,畳,じょう,jou,"tatami mat (esp. as a measure of room size, either 1.82 sqm or 1.54 sqm)",N1,ctr,1356740,,,
23a5d41915,上位,じょうい,joui,superior (rank not class); higher order (e.g. byte); host computer (of connected device),N1,n,1352590,,フォーチューン誌上位５００社は新しい法律で最も打撃を受けました。,Fortune 500 companies were the hardest hit by recent legislation.
4ad1e5c9ab,上演,じょうえん,jouen,performance (e.g. music),N1,n; vs; vt,1352670,,その劇場では何が上演されていますか。,What is playing at the theater?
115a9cef87,城下,じょうか,jouka,land near the castle,N1,n,1355720,,,
4c7f08ecc1,消去,しょうきょ,shoukyo,elimination; erasing; dying out; melting away,N1,n; vs; vt,1350190,,一番下の背景レイヤーを消去します。,Remove the lower-most background layer.
e35d2b57f7,上空,じょうくう,joukuu,sky; the skies; high-altitude sky; upper air,N1,n,1353020,,寒波が日本の上空を通過したのです。,A cold wave passed over Japan.
6ea8615b30,衝撃,しょうげき,shougeki,shock; crash; impact; ballistic,N1,n,1351510,,昨日見たニュースに衝撃を受けた。,I was shocked by yesterday's news.
ccf2d2747e,証言,しょうげん,shougen,evidence; testimony,N1,n; vs; vt,1351640,,またヨハネは証言して言った。,Then John gave this testimony.
bba5fd08c0,証拠,しょうこ,shouko,evidence; proof,N1,n,1351600,,この証拠は彼にとって不利だった。,This evidence was against him.
db0552b6b9,照合,しょうごう,shougou,collation; comparison,N1,n; vs; vt,1350920,,私たちは学生の成績の照合をした。,We made a check of the student' records.
6ef434075e,詳細,しょうさい,shousai,detail; particulars,N1,n,1351760,,私たちはその件を詳細に検討した。,We debated the matter at length.
6aeb3b9da0,上司,じょうし,joushi,superior authorities; boss,N1,n,1353260,,上司に残業させられたんだよ。,My boss made me work overtime.
07a920d7d5,情緒,じょうしょ,jousho,emotion; feeling,N1,n; adj-no,1580510,,そのような情緒と行動の分離に比べれば、破局的結果の方がまだましである。,Even disaster is better than such a divorce between emotion and action.
1766fb87d2,上昇,じょうしょう,joushou,rising; ascending; climbing,N1,n; vs; vi; adj-no,1353450,,物価がどんどん上昇してきている。,Prices have been climbing steadily.
a829fec9ff,昇進,しょうしん,shoushin,promotion,N1,n; vs; vi,1349780,,彼は課長に昇進した。,He was promoted to section chief.
212f11a616,少数,しょうすう,shousuu,minority; few,N1,n; adv; adj-no,1349070,,ヨットは少数の金持ちだけが楽しめるものだ。,Yachts are for the wealthy few.
bbfc6d3fb9,称する,しょうする,shousuru,to pretend; to take the name of; to feign; to purport,N1,vs-s; vt,1351250,,私は建築を凍結した音楽と称する。,I call architecture frozen music.
4845859c7b,情勢,じょうせい,jousei,state of things; condition; situation,N1,n,1356320,,彼女は情勢を把握することができる。,She is able to grasp the situation.
0117a16846,消息,しょうそく,shousoku,news; letter; circumstances,N1,n,1350250,,それ以来、彼の消息を聞いていない。,He has not been heard of since.
2b61cc5220,承諾,しょうだく,shoudaku,consent; acquiescence; agreement,N1,n; vs; vt,1349470,,沈黙は承諾を意味する事が多い。,Silence often implies consent.
7a67174d34,象徴,しょうちょう,shouchou,symbol,N1,n; vs; vt,1351900,,オリーブの枝は平和を象徴している。,An olive branch symbolizes peace.
92deae32a1,小児科,しょうにか,shounika,pediatrics,N1,n,1348200,,トムは小児科の先生じゃないよ。,Tom isn't a pediatrician.
4548e205d7,証人,しょうにん,shounin,witness,N1,n,1351660,,彼らはその証人を買収しようとしたがだめだった。,They attempted in vain to bribe the witness.
cd4335ebae,使用人,しようにん,shiyounin,employee; servant,N1,n,1306280,,私は使用人の一人をくびにした。,I discharged one of my servants.
629999f7f5,情熱,じょうねつ,jounetsu,passion; enthusiasm; zeal,N1,n,1356330,,彼の私に対する情熱はさめない。,His passion for me doesn't cool.
fbe9c362bd,丈夫,じょうふ,joufu,hero; gentleman; warrior; manly person; good health; robustness; strong; solid; durable,N1,n,1580485,,,
7a62e550e4,譲歩,じょうほ,jouho,concession; conciliation; compromise,N1,n; vs; vt; vi; adj-no,1357050,,あなたの意見が道理に適っていれば彼らは譲歩するだろう。,They will give way to you if your opinion is reasonable.
927964f23b,照明,しょうめい,shoumei,illumination,N1,n; vs; vt,1350990,,人のいない部屋の照明をこまめに消す。,Take care to turn off lights in rooms when nobody's in them.
b124ea636d,条約,じょうやく,jouyaku,treaty; pact,N1,n,1356580,,ＥＣ諸国は新たな安全保障条約を検討中です。,The EC countries are working out a new security pact.
3994f4472f,勝利,しょうり,shouri,victory; triumph; conquest; success; win,N1,n; vs; vi,1346240,,勝利を確信している。,We're confident of our victory.
74fbe62581,上陸,じょうりく,jouriku,landing; disembarkation,N1,n; vs; vi,1354480,,毎年、日本には台風が上陸します。,Typhoons strike Japan every year.
4b3ac6f805,蒸留,じょうりゅう,jouryuu,distillation,N1,n; vs; vt,1356970,,コールタールを蒸留して得られる成分名は下表の通りである。,The components obtained by distillation of coal tar are as shown below.
002ee4fb5a,奨励,しょうれい,shourei,encouragement; promotion; message; address,N1,n; vs; vt,1347550,,政府は国産品の愛用を奨励している。,The government is promoting the use of home products.
cbeffe12e0,ショー,ショー,shoo,show,N1,n,1062240,,これから始まるショーをどうぞごゆっくり。,We hope you will enjoy the show.
0913333b01,除外,じょがい,jogai,exception; exclusion,N1,n; vs; vt,1345650,,このデータは除外した方がいい。正確というには程とおいものだ。,We should leave out this data. It's far from accurate.
2777c0a5f5,職員,しょくいん,shokuin,staff member; personnel,N1,n,1357490,,職員以外入室禁止。,Admittance to staff members only.
58a624504d,植民地,しょくみんち,shokuminchi,colony,N1,n,1357350,,その習慣を彼は植民地時代から始まると推定している。,He dates the custom from the colonial days.
38beffc458,職務,しょくむ,shokumu,professional duties,N1,n,1357580,,私が君の職務を引き継ごう。,I'll take over your duties.
60f3531d47,諸君,しょくん,shokun,Gentlemen!; Ladies!,N1,int,1344230,,私は諸君のすべてを知っているわけではない。,I don't know every one of you.
7ef6608e74,助言,じょげん,jogen,advice; suggestion,N1,n; vs; vt; vi,1580230,,コーチが助言をしてくれた。,The coach gave me some advice.
8ec63b1e46,徐行,じょこう,jokou,going slowly,N1,n; vs; vi,1345590,,車に徐行するようにと合図した。,I signaled the car to go slow.
2da612d928,所在,しょざい,shozai,whereabouts,N1,n; vs; vi,1343210,,その書類は何年も所在が分からなくなっていたが、不思議にも先日出てきた。,"Missing for years, the document miraculously came to light the other day."
e4705834e5,所持,しょじ,shoji,possession; owning,N1,n; vs; vt,1343250,,海外へ行くのならパスポートの所持が必要です。,"If you are going abroad, it's necessary to have a passport."
e29166535b,助詞,じょし,joshi,particle; postposition,N1,n,1344630,,日本語の助詞の「は」と「が」は一生使いこなせそうにないわ。,"I don't think I will ever be able to master the Japanese particles ""wa'' and ""ga.''"
bd66318647,女史,じょし,joshi,Ms.,N1,n-suf,1345130,,コブ女史が帰ってくる日が待ち遠しいよ。ほんとに。,"I'm looking forward to the day when Miss Cobb comes back, I can tell you."
c261df67ce,徐々,じょじょ,jojo,gradually; steadily; quietly; slowly; soon,N1,adj-t; adv-to,1345600,,彼女は徐々に態度がでかくなった。,She is getting better by degrees.
ae2ec395bc,所属,しょぞく,shozoku,attached to; belong to,N1,n; vs; vi; adj-no,1343310,,私はどのクラブにも所属していない。,I don't belong to any club.
144fead37b,処置,しょち,shochi,treatment,N1,n; vs; vt,1342470,,私たちは必要な処置を講じた。,We took the necessary measures.
318139be02,ショック,ショック,shokku,shock,N1,n,1062660,,私はその悲しい知らせを聞いてショックを受けた。,I was shocked at the sad news.
7b32f8b552,しょっちゅう,しょっちゅう,shotchuu,always; constantly,N1,adv,1005710,,そのような事はしょっちゅう起こる。,Such a thing occurs frequently.
ffd126cecb,所定,しょてい,shotei,fixed; prescribed,N1,adj-no,1343350,,私たちは所定の場所で会った。,We met at the designated spot.
a5c6236db2,助動詞,じょどうし,jodoushi,auxiliary verb,N1,n,1344750,,この文は現在完了形です。haveは動詞ではなく、助動詞。,"This sentence is in the present perfect. 'have' is not a verb, but an auxiliary verb."
d4066d7551,所得,しょとく,shotoku,income; earnings,N1,n,1343360,,給与が増えるに比例して、所得税率もあがっていく。,The income tax rate increases in proportion as your salary rises.
785dee3750,処罰,しょばつ,shobatsu,punishment,N1,n; vs; vt,1342480,,この規則を破った人は厳しい処罰を免ぜられない。,Anyone who breaks this rule is liable to severe punishment.
94cb3c6d1f,初版,しょはん,shohan,first edition,N1,n,1343030,,初版は１０年前に出版された。,The first edition was published ten years ago.
f3c3fd308e,書評,しょひょう,shohyou,book review,N1,n,1344140,,その書評者はその小説に鋭く批判的である。,The reviewer is sharply critical of the novel.
144acb1b10,処分,しょぶん,shobun,disposal; dealing; punishment,N1,n; vs; vt,1342490,,私たちはその土地を処分しなければならない。,We have to dispose of the land.
b64d9c43fd,庶民,しょみん,shomin,masses; common people,N1,n,1343560,,庶民はまるで羊のように独裁者の後ろにしたがった。,The people followed the dictator like so many sheep.
7e5bf1e539,庶務,しょむ,shomu,general affairs,N1,n,1343590,,,
1357fa159f,調べ,しらべ,shirabe,preparation; investigation; inspection,N1,n; n-suf,1429050,,先生はわれわれの答案調べに忙しい。,The teacher is busy looking over our tests.
dd86bf4e80,退く,しりぞく,shirizoku,to retreat; to recede; to withdraw,N1,v5k; vi,1595084,,おじは去年教職を退いたが、それでも何とか大学での地位にしがみつこうとした。,"My uncle retired from teaching last year, but he still managed to hang onto a position at the university."
c5951376c9,退ける,しりぞける,shirizokeru,to repel; to drive away,N1,v1; vt,1411260,,彼の計画は退けられた。,His plan was discarded.
fa657d3b24,自立,じりつ,jiritsu,independence; self-reliance,N1,n; vs; vi; adj-no,1318880,,私はもう自立できる年です。,I'm old enough to support myself.
880956c9cb,記す,しるす,shirusu,to note; to write down,N1,v5s; vt,1223140,,後学のために、この出来事を記しておきます。,"For future reference, I'm going to record this event."
91c5c933ef,指令,しれい,shirei,orders; instructions; directive,N1,n; vs; vt,1310060,,戦勝国は敗戦国に講和条件を指令した。,The victorious country dictated the terms of peace to the defeated country.
a29824a4ad,代,しろ,shiro,price; materials; substitution,N1,n,1411560,,,
159906d23f,皺,しわ,shiwa,wrinkles; creases,N1,n,1569740,,この服はすぐしわになる。,This dress creases easily.
927fd85192,新,しん,shin,new,N1,pref,1361480,,新サービスの料金設定はマーケティング部が行う。,The marketing department is responsible for pricing new service.
6bebbaf4b0,人,じん,jin,man; person; people,N1,suf,1366410,,インカ人は信心深い民族だった。,The Inca were religious people.
e9264225ab,進化,しんか,shinka,evolution; progress,N1,n; vs; vi,1366000,,絶滅は進化の一部である。,Extinction is part of evolution.
265aa93d86,人格,じんかく,jinkaku,personality; character; individuality,N1,n,1366730,,それは彼の人格を阻害することになる。,It runs against his character.
46adc4e436,殿,しんがり,shingari,rear; rear unit guard,N1,n,1442480,,,
ab248f91f9,審議,しんぎ,shingi,deliberation,N1,n; vs; vt,1360360,,その問題は審議中です。,That question is under discussion.
6be2084ec0,振興,しんこう,shinkou,promotion; encouragement,N1,n; vs; vt; vi,1361380,,政府は工業の振興計画を開始した。,The government started a program to promote industry.
bb10ea16c1,新興,しんこう,shinkou,rising; developing; emergent,N1,adj-no,1361750,,,
5b0f6d5ab1,進行,しんこう,shinkou,advance,N1,n; vs; vt; vi,1366060,,その仕事は現在進行しています。,The work is now in progress.
810ee5534d,申告,しんこく,shinkoku,report; statement; filing a return; notification,N1,n; vs; vt,1363100,,申告にはどの書類が必要ですか。,What forms do we need to file?
98df9e7c93,新婚,しんこん,shinkon,newly-wed,N1,adj-no; n; vs,1361820,,その新婚夫婦は手をつないで歩いた。,The newly married couple walked hand in hand.
0ec6a3494d,審査,しんさ,shinsa,judging; inspection; examination; investigation,N1,n; vs; vt,1360380,,彼の作品を審査するときには、彼の経験不足を考慮に入れなければならない。,"In judging his work, we must take account of his lack of experience."
a55ef652d7,人材,じんざい,jinzai,man of talent,N1,n,1367760,,彼は会社にとって重要な人材だ。,He is a valuable acquisition to our company.
d36392ec5a,紳士,しんし,shinshi,gentleman,N1,n,1364950,,彼が紳士だなんてとんでもない。,He is anything but a gentleman.
8d4a91a6fb,真実,しんじつ,shinjitsu,truth; reality,N1,n; adj-no; adj-na,1363780,,その真実が明るみに出た。,The fact was brought to light.
754bddf3a2,信者,しんじゃ,shinja,believer; adherent; devotee; Christian,N1,n,1359340,,キリスト教の信者だったことはない。,I was never a believer of Christianity.
5ba5398076,真珠,しんじゅ,shinju,pearl,N1,n,1363810,,それは贋の真珠にすぎない。,It is merely an imitation pearl.
11cc069a92,心中,しんじゅう,shinjuu,double suicide; lovers suicide,N1,n; vs; vi,1360840,,,
19a6178bec,進出,しんしゅつ,shinshutsu,advance; step forward,N1,n; vs; vi,1366080,,その会社は中国への進出を目指している。,The company aims to branch out into China.
8598ddba78,心情,しんじょう,shinjou,mentality,N1,n,1360720,,嫉妬心くらい強く人間の心情に巣食う情熱はない。,There is not a passion so strongly rooted in the human heart as envy.
40b0b4b5ff,新人,しんじん,shinjin,new face; newcomer,N1,n,1361960,,新人俳優がハムレット役をすると広告してあった。,A new actor was billed to appear as Hamlet.
32eca0c29e,神聖,しんせい,shinsei,holiness; sacredness; dignity,N1,n; adj-na,1364730,,インドでは牛は神聖な動物です。,"In India, the cow is a sacred animal."
509ad4a7b1,親善,しんぜん,shinzen,friendship,N1,n,1365260,,これからも両国の親善を深めましょう。,Let's continue promoting friendship between our two countries from now on.
dc7b2d1515,真相,しんそう,shinsou,truth; real situation,N1,n,1364110,,真相を知っておいたほうがいい。,You may as well know the truth.
bd1e5daff0,迅速,じんそく,jinsoku,quick; fast; rapid; swift; prompt,N1,adj-na; n,1370160,,彼はその事態に迅速に対応した。,He promptly coped with the situation.
545b44f6b8,人体,じんたい,jintai,human body,N1,n,1368670,,この科学物質が人体に有害であるという事実は、すべての人に知られている。,Everyone knows that this chemical is harmful to man.
48406103d6,新築,しんちく,shinchiku,new building; new construction,N1,n; vs; vt; adj-no,1362160,,家を新築中です。,I'm getting a new house built.
981d43a8e1,進呈,しんてい,shintei,presentation,N1,n; vs; vt,1366150,,,
4909f5ce00,進展,しんてん,shinten,progress; development,N1,n; vs; vi,1366160,,その事件の進展について逐一知らせてください。,Please keep me informed of the development of the case.
76e18f07d6,神殿,しんでん,shinden,temple; sacred place,N1,n,1364770,,この神殿は建てるのに４６年かかりました。,It has taken forty-six years to build this temple.
7e5a40bce6,進度,しんど,shindo,progress,N1,n,1366170,,,
ca35157394,振動,しんどう,shindou,oscillation; vibration,N1,n; vs; vi,1361420,,このハイテク枕ね、いびきをかくと振動するのよ。,This smart pillow vibrates when you snore.
de323abf88,新入生,しんにゅうせい,shinnyuusei,freshman; first-year student,N1,n,1362270,,新入生が教室へ入ってきた。,A new student came into the class.
7a85665422,信任,しんにん,shinnin,trust; confidence; credence,N1,n; vs; vt,1359500,,,
6de88050b9,神秘,しんぴ,shinpi,mystery,N1,n; adj-na; adj-no,1364830,,その夢は私には神秘だった。,The dream was a mystery to me.
e27b945f77,辛抱,しんぼう,shinbou,patience; endurance,N1,n; vs; vt; vi,1365930,,他人には辛抱するようにしなさい。,Try to be patient with others.
1ee31a24cb,人民,じんみん,jinmin,people; public,N1,n,1369280,,専制君主は人民を弾圧した。,The tyrant kept the people down.
14a20b03ef,真理,しんり,shinri,truth,N1,n; adj-no,1364400,,ついに彼は真理を知った。,At last he found out the truth.
194ead860f,侵略,しんりゃく,shinryaku,aggression; invasion; raid,N1,n; vs; vt; vi,1595200,,ヒトラーは１９３９年にポーランドを侵略した。,Hitler invaded Poland in 1939.
9e1b9872a7,診療,しんりょう,shinryou,medical examination and treatment; diagnosis,N1,n; vs; vt,1365500,,診療予約を取ってもらえますか。,Can I make an appointment to have a medical examination?
7b0e6a6d8d,進路,しんろ,shinro,course; route,N1,n,1366200,,進路のことで先生に助言を求めた。,I asked my teacher for advice on my future course.
76883dba8d,水源,すいげん,suigen,source of river; fountainhead,N1,n,1371460,,川の始まるところが、水源である。,The place where a river starts is its source.
de03c669b2,推進,すいしん,suishin,propulsion; driving force,N1,n; vs; vt,1371140,,法案通過を推進しているロビイストは、運動資金に賄賂の金をまぎれこませました。,Lobbyists for the bill funneled bribes into a campaign fund.
6cfd951394,水洗,すいせん,suisen,flushing,N1,n; vs; vt,1371760,,このドレスは水洗いができますか。,Is this dress washable?
794dfd94f4,吹奏,すいそう,suisou,playing wind instruments,N1,n; vs; vt,1370790,,,
44a1e074f7,推測,すいそく,suisoku,guess; conjecture,N1,n; vs; vt; adj-no,1371200,,あなたも同意見だと推測します。,I gather you'll agree with me.
69b03989d5,水田,すいでん,suiden,(water-filled) paddy field,N1,n,1371890,,津波が水田を押し流し、町は浸水しました。,Tsunamis swept through rice fields and flooded the towns.
1a978e6776,推理,すいり,suiri,"reasoning; inference; mystery or detective genre (movie, novel, etc.)",N1,n,1371220,,彼女は推理作家として有名になった。,She became famous as a mystery writer.
19d6f3a783,数詞,すうし,suushi,numeral,N1,n,1373050,,,
d88d1e6c34,崇拝,すうはい,suuhai,worship; adoration; admiration; cult,N1,n; vs; vt,1372870,,その部族は祖先を崇拝している。,That tribe worships its ancestors.
94d6784915,据え付ける,すえつける,suetsukeru,to install; to equip; to mount,N1,v1; vt,1373500,,,
e1d803b323,据える,すえる,sueru,to set (table); to lay (foundation); to place (gun); to apply (moxa),N1,v1; vt,1373480,,中央には机が据えられていて、赤い革張りの回転椅子がそえてあった。,"A desk stood in the centre, with a red leather swivel chair."
78c700a939,清々しい,すがすがしい,sugasugashii,fresh; refreshing,N1,adj-i,1595560,,今日はすがすがしいお天気ですね。,"It's a nice day, isn't it?"
73155c92ff,過ぎ,すぎ,sugi,past; after,N1,n; n-suf,1195960,,スピードの出し過ぎは危険です。,Driving too fast is dangerous.
67f5a63d23,救い,すくい,sukui,help; aid; relief,N1,n,1229030,,アフリカの難民が救いを求めている。,Refugees in Africa are seeking help.
aee9789002,掬う,すくう,sukuu,to scoop; to ladle out,N1,v5u; vt,1226200,,,
fa16d0fa2f,健やか,すこやか,sukoyaka,vigorous; healthy; sound,N1,adj-na; n,1256110,,インコやオウムと仲良く楽しく健やかに暮らすために、飼鳥の行動学やペットロスについて考える。,"In order to live happily and healthily with parakeets or parrots, you should understand the science of animal behavior for domesticated birds, and consider the emotional effect of eventually losing them."
d2062ce3a7,濯ぐ,すすぐ,susugu,to rinse; to wash out,N1,v5g; vt,1581550,,口をゆすいでください。,Please rinse out your mouth.
ae0b1c0956,進み,すすみ,susumi,progress,N1,n,1365960,,高校卒業後、彼は大学へ進み、父同様牧師になるための勉強をした。,"After high school, he went to college and studied to be a minister, like his father."
c65db80738,勧め,すすめ,susume,recommendation; advice; encouragement,N1,n,1210900,,彼は医者の勧めでたばこをやめた。,He stopped smoking on his doctor's advice.
0f8d581ad8,裾,すそ,suso,(trouser) cuff; (skirt) hem; cut edge of a hairdo; foot of mountain,N1,n,1373610,,カレンの裾が捲れている。,Karen's skirt is riding up.
a7941c36e8,スタジオ,スタジオ,sutajio,studio,N1,n,1069590,,夜にスタジオでは電気をつけない。,I don't switch on the light in my studio at night.
6aa18274ff,廃れる,すたれる,sutareru,to go out of use; to become obsolete; to die out; to go out of fashion,N1,v1; vi,1472020,,その風習はすたれつつある。,That custom is on the decrease.
c3ca467b1d,スチーム,スチーム,suchiimu,steam,N1,n,1070050,,スチームショベルは片方に三階建て、もう片方に四階建ての地下を掘りました。,The steam shovels dug down three stories on one side and four stories on the other side.
484290c451,ストライキ,ストライキ,sutoraiki,strike,N1,n; vs; vi,1071180,,労働者達はストライキ中です。,The workers are on strike.
5be448e6cb,ストレス,ストレス,sutoresu,stress,N1,n,1071490,,ストレスを避けることが必要です。,It's necessary to avoid stress.
ef159e6567,ストロー,ストロー,sutoroo,straw,N1,n,1071540,,このことは水の入ったグラスにストローを入れて見れば容易にわかる。,You can see this easily if you put a straw into a glass of water.
0ebbd144f0,ストロボ,ストロボ,sutorobo,stroboscope (lit: strobo); strobe lamp; stroboscopic lamp,N1,n; adj-no,1071600,,ここでストロボ撮影をしてもいいですか。,Is it all right to use a flash here?
0a3108b49a,すばしこい,すばしこい,subashikoi,nimble; smart; quick,N1,adj-i,1006180,,リスはすばしこく木を登る。,Squirrels are nimble in climbing trees.
139bcb98dd,素早い,すばやい,subayai,fast; quick; prompt; agile,N1,adj-i,1397310,,彼は素早くフランス語を習得した。,He acquired French quickly.
d4f22b4480,ずばり,ずばり,zubari,decisively; decidedly; once and for all; unreservedly; frankly,N1,adv; adv-to,1006400,,彼の言葉はズバリ急所を言い当てた。,His remark hit home.
09049312f0,スピード,スピード,supiido,speed,N1,n,1072310,,スピードの出し過ぎは危険です。,Driving too fast is dangerous.
3d2a593a0f,ずぶ濡れ,ずぶぬれ,zubunure,soaked; dripping wet,N1,adj-no; n,1006410,,強い雨のため私はずぶ濡れになった。,I was drenched to the skin because of the heavy rain.
e688cdb877,スプリング,スプリング,supuringu,spring,N1,n,1072690,,ホワイト氏はスプリングフィールドのあるホテルの支配人でした。,Mr White was the manager of a hotel in Springfield.
02214493b2,スペース,スペース,supeesu,space,N1,n,1072810,,このあたりは駐車できるスペースがほとんどない。,There are few places to park around here.
c97f669a80,スポーツカー,スポーツカー,supootsukaa,sports car,N1,n,1073250,,あそこのスポーツカーを見なさい。,Look at the sports car over there.
e11f113050,済ます,すます,sumasu,to finish; to get it over with; to settle; to conclude; to pay back,N1,v5s; vt,1295030,,電話で済まそうと思いました。,I thought I could settle it by phone.
5cda34a1a0,澄ます,すます,sumasu,to clear; to make clear; to be unruffled; to look unconcerned; to look demure; look prim; put on airs,N1,v5s; vt,1373650,,あの社長秘書はいつも澄ましている。,That president's secretary is always prim.
f71c5d995e,天皇,すめらぎ,sumeragi,Emperor of Japan,N1,n,2837102,,天皇は国民の統合の象徴である。,The Emperor is the symbol of the unity of the people.
01106fe229,スラックス,スラックス,surakkusu,slacks,N1,n,1073780,,彼のスラックスはしわくちゃだ。,His slacks are all wrinkled.
0f0d43dcdb,ずらっと,ずらっと,zuratto,in a line; in a row,N1,adv,1006430,,,
4523ccb200,刷り,すり,suri,printing,N1,n,1657910,,,
5abd8e3509,ずるずる,ずるずる,zuruzuru,sound or act of dragging; loose; inconclusive but unwanted situation; trailingly,N1,adj-na,1006440,,私はぬかるんだ斜面をずるずると滑り下りた。,I slithered down the muddy slope.
96d4a7e009,ずれ,ずれ,zure,gap; slippage,N1,n,1006450,,,
5c66cff518,擦れ違い,すれちがい,surechigai,chance encounter,N1,n,1298930,,,
8a15574f02,擦れる,すれる,sureru,to rub; to chafe; to wear; to become sophisticated,N1,v1; vi,1595930,,,
1bd79302aa,すんなり,すんなり,sunnari,pass with no objection; slim; slender,N1,adv-to; adv; vs,1006320,,スーザンは賢いから試験にすんなり通ると思うよ。,"Susan is intelligent, and I expect her to pass the exam easily."
534cb7e2f0,制,せい,sei,system; organization; imperial command; laws; regulation; control; government; suppression; restraint; holding back,N1,n; n-suf,1374620,,その企業は週５日労働制を実施した。,The enterprises carried the five-day workweek.
757a20aae1,製,せい,sei,-made; make,N1,n-suf; n,1380580,,これらの箱はプラスチック製です。,These boxes are made of plastic.
ac9ee9e6da,生育,せいいく,seiiku,growth; development; breeding,N1,n; vs; vt; vi,1378800,,雨の量が作物の生育に影響するのですか。,Does the amount of rain affect the growth of crops?
f9a5606644,成果,せいか,seika,results; fruits,N1,n,1375650,,努力したが何の成果も得られなかった。,My efforts produced no results.
4b235d70bd,正解,せいかい,seikai,"correct; right; correct interpretation (answer, solution)",N1,n; vs; vt; vi,1376740,,正解をまるで囲みなさい。,Please circle the right answer.
115b63e0d0,正規,せいき,seiki,regular; legal; formal; established; legitimate,N1,adj-no; adj-na; n,1376850,,,
9b4e449cc9,正義,せいぎ,seigi,justice; right; righteousness; correct meaning,N1,n,1376910,,最後には正義は勝つものだ。,Justice will prevail in the end.
e0a7a58f49,生計,せいけい,seikei,livelihood; living,N1,n,1378920,,彼は教師をして生計を立てている。,He earns his living by teaching.
7c2d1e9d1c,政権,せいけん,seiken,administration; political power,N1,n,1375930,,彼の政権はきっと崩壊する。,His regime is bound to collapse.
20c69c9076,精巧,せいこう,seikou,elaborate; delicate; exquisite,N1,adj-na; n,1379900,,その機械は精巧に出来ているので、すぐ壊れる。,The machine is so delicate that it easily breaks.
a2b132d4cd,星座,せいざ,seiza,constellation,N1,n,1376360,,古代の天文学者は、星座を見つけ、名前をつけた。,Ancient astronomers noticed constellations and gave them names.
c99eb11ad1,制裁,せいさい,seisai,restraint; sanctions; punishment,N1,n; vs; vt,1374800,,国連は制裁を加えるために動き出しました。,The U. N. moved to impose sanctions.
f423d4f4d1,政策,せいさく,seisaku,political measures; policy,N1,n,1375950,,彼は新しい政策を決定していた。,He had decided on a new policy.
49ec60e121,清算,せいさん,seisan,liquidation; settlement,N1,n; vs; vt,1378210,,私があなたに１ドル払えば清算がつく。,"If I pay you a dollar, we'll be even."
4ddbf879b9,生死,せいし,seishi,life and death,N1,n,1379060,,その戦いは生死を賭けた戦いのようであった。,That fight seemed like a life-or-death struggle.
3478d73bed,静止,せいし,seishi,stillness; repose; standing still,N1,n; vs; vi,1381870,,浅間山は今静止している。,Mt. Asama is now dormant.
4e718e1c73,誠実,せいじつ,seijitsu,sincere; honest; faithful,N1,adj-na; n,1381180,,ナンシーには誠実さが欠けているようだ。,Nancy seems to lack sincerity.
57e3dad789,成熟,せいじゅく,seijuku,maturity; ripeness,N1,n; vs; vi,1375730,,進んで責任を取るということは成熟の印である。,Willingness to take responsibility is a sign of maturity.
36b8c3f521,青春,せいしゅん,seishun,youth; springtime of life; adolescent,N1,n,1381550,,僕らは青春の真っ只中だ。,We are in the heyday of youth.
44498bcb07,清純,せいじゅん,seijun,purity; innocence,N1,adj-na; n,1378230,,写真が暴露された後で女優の清純なイメージが汚された。,"After the pictures were revealed, the actress' clean image was tainted."
76dfc8fd35,聖書,せいしょ,seisho,Bible; scriptures,N1,n,1380340,,君は聖書に手をのせて誓うべきだ。,You should swear on the Bible.
129bdb801c,正常,せいじょう,seijou,normalcy; normality; normal,N1,adj-na; n,1377390,,赤ん坊は正常な発育を示した。,The baby showed a normal development.
28e2537426,制する,せいする,seisuru,to control; to command; to get the better of,N1,vs-s; vt,1374630,,彼らは国会で過半数を制した。,They commanded a majority in the Diet.
d35a033fc4,整然,せいぜん,seizen,orderly; regular; well-organized; trim; accurate,N1,adj-t; adv-to,1376200,,その別荘は清潔で整然としていた。,The cottage was clean and tidy.
d12b4a5275,盛装,せいそう,seisou,be dressed up; wear rich clothes,N1,n; vs; vi,1379810,,彼女は盛装してパーティーに出かけて行った。,She dressed up and left for the party.
cc53a14609,盛大,せいだい,seidai,grand; prosperous; magnificent,N1,adj-na; n,1379820,,結婚式の後で盛大な披露宴が催された。,There was a big reception after the wedding.
a3ccbcbc24,清濁,せいだく,seidaku,good and evil; purity and impurity,N1,n,1378350,,清濁あわせのむ。,Accept both good and bad.
7aec647ab2,制定,せいてい,seitei,enactment; establishment; creation,N1,n; vs; vt,1374870,,その法律は明治時代に制定された。,The law was enacted in the Meiji era.
f922826791,静的,せいてき,seiteki,static,N1,adj-na,1381940,,,
ba345bb807,製鉄,せいてつ,seitetsu,iron manufacture,N1,n; adj-no; vs; vi,1380720,,その製鉄工場を建てるのは非常に大変な事業だった。,Building the steel factory was a great enterprise.
048029554e,晴天,せいてん,seiten,fine weather,N1,n,1376550,,雨天の後には晴天が来る。,After rain comes fair weather.
94171ec6a4,正当,せいとう,seitou,just; justifiable; right; due; proper; equitable; reasonable; legitimate; lawful,N1,adj-na; n,1377660,,先生は彼女に正当な取り扱いをしなかった。,The teacher didn't do her justice.
e2de8e9146,成年,せいねん,seinen,majority; adult age,N1,n,1375830,,あなたの娘さんはいつ成年に達したのですか。,When did your daughter come of age?
3f6acc49f6,制服,せいふく,seifuku,uniform,N1,n,1374940,,私たちの学校では制服を着る。,We wear uniforms at our school.
1e58b7331c,征服,せいふく,seifuku,conquest; subjugation; overcoming,N1,n; vs; vt,1375230,,彼はエベレストを征服した。,He conquered Mt. Everest.
6baf342ae6,製法,せいほう,seihou,manufacturing method; recipe; formula,N1,n,1380810,,チーズの製法を教えてください。,Would you teach me how to make cheese?
2609d258b1,精密,せいみつ,seimitsu,precise; exact; detailed; minute; close,N1,adj-na; n,1380190,,精密検査をしましょう。,I'd like you to have a thorough examination.
44daa3efae,税務署,ぜいむしょ,zeimusho,tax office,N1,n,1382190,,税務署は控除を認めた。,The tax agent allowed the deduction.
0ebede63ff,姓名,せいめい,seimei,full name,N1,n,1375210,,あなたの姓名を教えてください。,Please tell me your full name.
265c8a1e27,声明,せいめい,seimei,declaration; statement; proclamation,N1,n; vs; vt; vi,1380540,,彼の声明は疑いの余地がない。,His statement admits of no doubt.
fefc750558,制約,せいやく,seiyaku,limitation; restriction; condition; constraints,N1,n; vs; vt,1374970,,合衆国には小火器の販売に関する法律上の制約はほとんどない。,There are few legal constraints on the sale of firearms in the U.S.
9d947bdc2b,生理,せいり,seiri,physiology; menses,N1,n,1379580,,生理用ナプキンはどこにありますか。,Where are the sanitary napkins?
4831341731,勢力,せいりょく,seiryoku,influence; power; might; strength; potency; force; energy,N1,n,1375150,,台風は勢力を弱め嵐に変わった。,The typhoon became weaker and changed into a storm.
747fdb8e2c,整列,せいれつ,seiretsu,stand in a row; form a line,N1,n; vs; vi,1376300,,軍隊は戦闘の配置で整列していた。,The troops were in battle array.
5fe5d25c22,セール,セール,seeru,sale,N1,n,1074330,,夏物は今セール中です。,The summer goods are now on sale.
c6f82893d4,急かす,せかす,sekasu,to hurry; to urge on,N1,v5s; vt,1228580,,急かしたくはないけど、次のバスに乗ろう。,"I don't want to rush you, but let's try to catch the next bus."
02d1463696,伜,せがれ,segare,son; my son,N1,n,1585440,,叔父の兄の倅が変なビジネスに手を染めて、家名を落とすことになった。,My uncle's brother's son got involved in a shady business and disgraced the family.
7cb281dd9f,責務,せきむ,sekimu,duty; obligation,N1,n,1383230,,私はあなたが新しい責務をうまくこなせるよう願っています。,I wish you good luck with your new responsibilities.
1279de76d3,セクション,セクション,sekushon,section,N1,n,1074490,,,
9d4204d1c1,世辞,せじ,seji,flattery; compliment,N1,n,1374060,,彼女はすぐにお世辞に乗りやすい。,She is readily accessible to flattery.
39fb8eb64c,是正,ぜせい,zesei,correction; revision,N1,n; vs; vt,1374510,,,
bec9e3995a,世帯,せたい,setai,household,N1,n,1374170,,火事で４世帯が焼死した。,Four families were killed in the fire.
c7bba044f2,世代,せだい,sedai,generation; the world; the age,N1,n,1374190,,あの人たちは同じ世代です。,Those men are of a generation.
57054ddfeb,節,せつ,setsu,node; section; occasion; time,N1,n,1386140,,最後の２節を省略して歌いましょうか。,"We'll sing that song, omitting the last two verses."
339518d459,切開,せっかい,sekkai,clearing (land); opening up; cutting through,N1,n; vs; vt,1384980,,,
6155351877,セックス,セックス,sekkusu,sexual intercourse,N1,n; vs; vi,1074570,,,
381b8e830c,切実,せつじつ,setsujitsu,compelling; serious; severe; acute; earnest; pressing; urgent,N1,adj-na; n,1385050,,太っているのが私の切実な問題です。,Being fat is a serious problem for me.
7f9c65e164,接触,せっしょく,sesshoku,touch; contact,N1,n; vs; vi,1385450,,彼は私が誘拐犯人と接触出来るようにしてくれた。,He put me in touch with the kidnappers.
44e52d6c83,接続詞,せつぞくし,setsuzokushi,conjunction,N1,n,1385510,,関係代名詞は「接続詞+代名詞」のはたらきをしています。,Relative pronouns perform as 'conjunction + pronoun'.
cefafca065,設置,せっち,setchi,establishment; institution,N1,n; vs; vt,1386050,,ようやく各店舗に監視カメラが設置されることになった。,Eventually it was decided that the stores be equipped with surveillance cameras.
fddf3c6da3,折衷,せっちゅう,setchuu,compromise; cross; blending; eclecticism,N1,n; vs; vt; adj-no,1385960,,,
675f38a4a5,設定,せってい,settei,establishment; creation,N1,n; vs; vt,1386060,,設定料金に労務費用は含みません。,The stated price does not include labor charges.
669ea4bc3c,説得,せっとく,settoku,persuasion,N1,n; vs; vt,1386440,,私は彼女に気楽にするようにと説得した。,I persuaded her to make herself comfortable.
11f4624f81,切ない,せつない,setsunai,painful; trying; oppressive; suffocating,N1,adj-i,1383770,,ちょっぴり切ない朝を迎えました。,I was greeted with a slightly sad morning.
07e85dc946,絶版,ぜっぱん,zeppan,out of print,N1,n; adj-no,1386940,,この本はかつてはベストセラーだったが、今は絶版になっている。,"This book, which was once a best seller, is now out of print."
ecd2111666,絶望,ぜつぼう,zetsubou,despair; hopelessness,N1,n; vs; vi; adj-no,1386960,,私はしばしば絶望感に襲われた。,I was often seized by despair.
feb47e8478,設立,せつりつ,setsuritsu,establishment; foundation; institution,N1,n; vs; vt,1386090,,わが校は１９００年に設立されました。,Our school was founded in 1990.
b46671b57e,攻め,せめ,seme,attack; offence,N1,n,1279120,,彼は来客攻めにあった。,He was besieged by callers.
f319ccd9ac,ゼリー,ゼリー,zerii,jelly; Jerry,N1,n,1075190,,ピーナツバターとゼリーのをください。,"Peanut butter and jelly, please."
77f1be66cb,セレモニー,セレモニー,seremonii,ceremony,N1,n,1074930,,セレモニーには出席できませんでした。,I couldn't attend the ceremony.
6c8da35d55,世論,せろん,seron,public opinion,N1,n,1606150,,世論は非常に重要である。,Public opinion counts for much.
a509bf3d8a,仙,せん,sen,hermit; wizard,N1,n,1387100,,,
21f2e9018e,前,ぜん,zen,before,N1,n-suf,1392570,,前学期は成績がよかった。,I had a good report last term.
3bddae5639,禅,ぜん,zen,Zen (Buddhism),N1,n,1396420,,禅は私たちの心を鍛練するといわれる。,They say Zen cultivates our mind.
aa90b56516,膳,ぜん,zen,(small) table; tray; meal,N1,n,1396490,,旅館は、上げ膳据え膳がうれしいね。,"At a Japanese-style inn, they take care of your every need, so you don't have to lift a finger."
a0bf0a33e1,繊維,せんい,sen'i,fibre; fiber; textile,N1,n,1391890,,繊維産業をとりまく状況は変化した。,Circumstances surrounding the textile industry have changed.
90d17d2eab,全快,ぜんかい,zenkai,complete recovery of health,N1,n; vs; vi,1394940,,御病気が全快なされるように。,I hope you will be completely cured.
fc38e878fb,選挙,せんきょ,senkyo,election,N1,n; vs; vt,1392190,,その県知事は７月の選挙で勝利をおさめました。,The prefectural governor got the upper hand in the July elections.
d71e349b66,宣教,せんきょう,senkyou,religious mission,N1,n; vs; vi,1389660,,,
e3d5b8418e,宣言,せんげん,sengen,declaration; proclamation; announcement,N1,n; vs; vt,1389680,,その植民地は独立を宣言した。,The colony declared independence.
3da3d2a5a8,先行,せんこう,senkou,preceding; going first,N1,n; vs; vi; adj-no,1387640,,稲光は雷の音に先行する。,The flash of lightning precedes the sound of thunder.
7b6ecce00c,選考,せんこう,senkou,selection; screening,N1,n; vs; vt,1392240,,職員の選考に関する規則を次のように定める。,Rules in connection with staff selection are set as follows.
d5fbb02fb2,戦災,せんさい,sensai,war damage,N1,n,1390230,,,
2115059dfe,専修,せんしゅう,senshuu,specialization,N1,n; vs; vt,1389790,,,
e2849f24af,戦術,せんじゅつ,senjutsu,tactics,N1,n; adj-no,1390280,,副官は戦術の変更を彼に提案した。,The aide suggested a change in tactics to him.
bf7f0061ef,センス,センス,sensu,"good sense (for music, style, tact, etc.)",N1,n,1075000,,彼には素晴らしいユーモアのセンスがある。,He has a great sense of humour.
7aed30adea,潜水,せんすい,sensui,diving,N1,n; vs; vi,1391330,,この潜水時計は少し値段が高すぎます。,This diver's watch is a little too expensive.
48612f2aa4,全盛,ぜんせい,zensei,height of prosperity,N1,n; adj-no,1395560,,その歌手はその歌のときが全盛でした。,The singer was at his best in that song.
6e73a8dba2,先代,せんだい,sendai,family predecessor; previous age; previous generation,N1,n,1388080,,先代はいつでもにこにこしている人だったけど、今度のはどうもお天気屋でいかんね。,"The previous boss smiled all the time, but the current boss has somehow become moody."
72112e3cd6,先だって,せんだって,sendatte,recently; the other day,N1,n; adv,1388100,,先だって彼にあったときには、彼はとても元気だった。,"Last I met him, he was very well."
0fd0a500c6,先着,せんちゃく,senchaku,first arrival,N1,n; vs; vi,1388150,,,
b73454fdf2,前提,ぜんてい,zentei,preamble; premise; reason; prerequisite,N1,n,1393680,,私たちは結婚を前提として交際しています。,We are dating with a view to marriage.
f608306e77,先天的,せんてんてき,sententeki,a priori; inborn; innate; inherent; congenital; hereditary,N1,adj-na,1388200,,その習慣は後天的で、先天的なものではない。,"That habit is acquired, not innate."
30196434a9,前途,ぜんと,zento,future prospects; outlook; the journey ahead,N1,n,1393750,,君には前途がある。,Life lies in front of you.
8a8095c9e5,戦闘,せんとう,sentou,battle; fight; combat,N1,n; vs; vi,1390420,,軍隊は戦闘の配置で整列していた。,The troops were in battle array.
b8322e62d2,潜入,せんにゅう,sennyuu,infiltration; sneaking in,N1,n; vs; vi,1391360,,彼は農夫に身をやつして城下町に潜入した。,"Disguising himself as a peasant, he crept into the castle town."
0c8eee4cc2,船舶,せんぱく,senpaku,ship,N1,n,1392080,,懐中電灯は、船舶同士とか、街の通りを走っている自動車に向けて合図を伝える。,Flashing lights transmit messages between ships and to motorists along city streets.
7373b5fd5b,全滅,ぜんめつ,zenmetsu,annihilation,N1,n; vs; vt; vi,1396240,,その町の住人は全滅した。,The population of the town was wiped out.
8b9fc4a8ec,専用,せんよう,sen'you,exclusive use; personal use,N1,n; vs; vt; n-suf; adj-no,1596240,,ドアにいちばん近い駐車場所は重役専用です。,The parking spaces nearest the door are reserved for executives.
a17c4c4a97,占領,せんりょう,senryou,occupation; capture; possession; have a room to oneself,N1,n; vs; vt,1389610,,この机は場所を占領しすぎる。,This desk takes up too much room.
bf875a6a76,善良,ぜんりょう,zenryou,goodness; excellence; virtue,N1,adj-na; n,1394560,,善良な市民は法律に従う。,A good citizen obeys the laws.
81edb31311,戦力,せんりょく,senryoku,war potential,N1,n,1390660,,さらに、即戦力となる政策関連の科学的成果や手段の提供が必要であると強調した。,"Moreover, they underscored the need for providing policy relevant ready-to-use scientific results and methodology."
26f92d8772,前例,ぜんれい,zenrei,precedent,N1,n,1394190,,このような問題の前例はない。,There is no precedent for such a case.
3931046230,沿い,ぞい,zoi,along,N1,suf,1610080,,船は海岸沿いに航行していた。,The ship sailed along the coast.
cea7557355,沿う,そう,sou,to run along; to follow,N1,v5u; vi,1176700,,私たちは川に沿って散歩した。,We took a walk along the river.
4a1cdc1692,僧,そう,sou,monk; priest,N1,n,1398030,,その僧は子供たちの遊びに参加した。,The priest participated in the children's game.
d3548d2342,総,そう,sou,whole; all; general; gross,N1,pref,1401470,,総入れ歯にする必要があります。,You have to have a full denture.
88225a496f,添う,そう,sou,to accompany; to become married; to comply with,N1,v5u; vi,1440810,,残念ながら、御要望にはそいかねます。,"I am sorry, but I cannot meet your requirement."
ddd21016f5,像,ぞう,zou,statue; image; figure; picture; portrait,N1,n; n-suf,1403110,,その像は型に入れられて作られた。,The statue was cast in a mold.
d5031a76b9,相応,そうおう,souou,suitability; fitness,N1,adj-na; adj-no; n; vs; vi,1400840,,収入相応の暮らしをしなさい。,Try to live within your means.
6e4b411496,総会,そうかい,soukai,general meeting,N1,n,1401490,,１０月に総会を開催すべきだという提案があった。,There was a suggestion that the general meeting should take place in October.
de7656dc28,創刊,そうかん,soukan,launching (e.g. newspaper); first issue,N1,n; vs; vt,1398320,,,
bcb48bd662,早急,そうきゅう,soukyuu,urgent,N1,adj-na; adj-no; n,1581270,,この問題は早急に手を打つ必要がある。,Something must be done immediately to deal with this problem.
5e17635f80,増強,ぞうきょう,zoukyou,augment; reinforce; increase,N1,n; vs; vt,1403190,,語彙力を増強したい。,I want to build up my vocabulary.
34fe80df0d,送金,そうきん,soukin,remittance; sending money,N1,n; vs; vt; vi,1402750,,フランスへの送金の仕方を教えて欲しいんですが。,I'd like to know how to send money to France.
ace5e437d1,走行,そうこう,soukou,running a wheeled vehicle (e.g. car); traveling,N1,n; vs; vi,1402550,,走行中の箱乗りはご遠慮下さい！,Please don't lean out of the window when we're moving.
d56a31e7af,総合,そうごう,sougou,synthesis; coordination; putting together; integration; composite,N1,n; vs; vt,1596380,,このプロダクトはインテリジェント総合情報システムです。,This product is an intelligent integrated information system.
391eb7d396,捜査,そうさ,sousa,search (esp. in criminal investigations); investigation,N1,n; vs; vt; adj-no,1399660,,警察は事件の捜査をした。,The police looked into that incident.
f5560c3e59,捜索,そうさく,sousaku,search (esp. for someone or something missing); investigation,N1,n; vs; vt,1399690,,私たちは散開して森の中を捜索した。,We spread out and began to search through the woods.
89d4b97740,操縦,そうじゅう,soujuu,management; handling; control; manipulation,N1,n; vs; vt,1400080,,ジェット機では不注意な操縦は許されない。,A jet airliner does not admit of careless handling.
689b74b685,蔵相,ぞうしょう,zoushou,Minister of Finance,N1,n,1403520,,,
cfd7167d0f,装飾,そうしょく,soushoku,ornament,N1,n; vs; vt; adj-no,1402340,,その部屋は装飾を凝らしている。,The room is richly ornamented.
db2908b25c,増進,ぞうしん,zoushin,promoting; increase; advance,N1,n; vs; vt; vi,1403270,,新鮮な野菜は健康を増進する。,Fresh vegetables promote health.
1b16857a25,創造,そうぞう,souzou,creation,N1,n; vs; vt,1398560,,神は自分の形に人を創造された。,God created man in his own image.
157822a4e5,壮大,そうだい,soudai,magnificent; grand; majestic; splendid,N1,adj-na; n,1399430,,壮大な眺めですね。,"It's a magnificent view, isn't it?"
829881846f,騒動,そうどう,soudou,strife; riot; rebellion,N1,n; vs; vi,1403080,,警察が騒動に介入した。,The police intervened in the disturbance.
a1e36b55bb,遭難,そうなん,sounan,disaster; shipwreck; accident,N1,n; vs; vi,1402900,,彼らは山で遭難した。,They met with an accident in the mountains.
373d4aa9cc,相場,そうば,souba,market price; speculation; estimation,N1,n,1401070,,そこ知らずの相場だ。,The bottom has fallen out of the market.
a00244f562,装備,そうび,soubi,equipment,N1,n; vs; vt,1402400,,その船にはレーダーが装備されていた。,The boat was equipped with radar.
e8937187a7,創立,そうりつ,souritsu,establishment; founding; organization,N1,n; vs; vt,1398640,,私たちの学校は創立して５０年だ。,Our school is fifty years old.
a55a85577b,添える,そえる,soeru,to add to; to attach; to append; to accompany; to garnish; to imitate; to annex,N1,v1; vt,1596490,,彼は花にきれいなカードを添えて彼女に送った。,"He sent her some flowers, along with a pretty card."
ae9df9c93b,ソース,ソース,soosu,source,N1,n,2843727,,,
5eac5a540a,即座に,そくざに,sokuzani,immediately; right away,N1,adv,1404190,,警官は強盗犯を即座に逮捕しました。,The police arrested the burglar on the spot.
079f60c131,促進,そくしん,sokushin,promotion; acceleration; encouragement; facilitation; spurring on,N1,n; vs; vt; adj-no,1403780,,彼は平和を促進するために尽力した。,He worked hard to promote peace.
457aa713b6,即する,そくする,sokusuru,to conform to; to agree with; to be adapted to; to be based on,N1,vs-s; vi,1404090,,彼の伝記は全くの事実に即して書かれたものだ。,His biography is quite true to life.
437165030b,束縛,そくばく,sokubaku,restraint; shackles; restriction; confinement; binding,N1,n; vs; vt,1404510,,私は一つの会社に束縛されたくない。,I don't want to be tied to one company.
0164f687ce,側面,そくめん,sokumen,side; flank; sidelight; lateral,N1,n,1404040,,さらにまた、その話にはもうひとつの側面がある。,"Again, there is another side to the story."
7c0fdd7d4f,損なう,そこなう,sokonau,to harm; to hurt; to injure; to damage; to fail in doing,N1,v5u; vt,1596510,,彼はその手紙に返事を出し損なった。,He failed to answer the letter.
e2bac0fcd6,そこら,そこら,sokora,everywhere; somewhere; approximately; that area; around there,N1,pn,1006720,其処ら,彼女はそこらにいますか。,Is she anywhere about?
abed633dee,素材,そざい,sozai,raw materials; subject matter,N1,n,1397220,,この素材は決してすり減ったりしない。,This material never wears out.
4fb12cffa9,阻止,そし,soshi,obstruction; check; hindrance; prevention; interdiction,N1,n; vs; vt,1397820,,クーデター計画はぎりぎりのところで阻止されました。,The coup attempt was foiled at the last moment.
7bb825a77f,訴訟,そしょう,soshou,litigation; lawsuit,N1,n; vs; vi,1397740,,その訴訟の判事は公平ではなかった。,The judge in the case was not fair.
f10cd927a7,育ち,そだち,sodachi,breeding; growth,N1,n,1160520,,私は生まれも育ちも東京だ。,I was born and raised in Tokyo.
116afb9f88,措置,そち,sochi,measure; step,N1,n; vs; vt,1396530,,手後れにならないうちに、必要な措置を取るべきです。,We should take the necessary steps before it's too late.
a1c09f1a02,ソックス,ソックス,sokkusu,socks,N1,n,1075420,,みんなソックスを引っ張り上げて。,"Everybody pulled their socks up, yeah."
55c6c669a2,素っ気ない,そっけない,sokkenai,cold; short; curt; blunt,N1,adj-i,1596550,,彼女は彼を素っ気なくあしらった。,She turned up her nose at him.
3fb57d175d,そっぽ,そっぽ,soppo,look (or turn) the other way,N1,n,1204110,外方,彼は眉をひそめてそっぽをむいた。,He frowned and turned away.
47d96ccdae,備え付ける,そなえつける,sonaetsukeru,to provide; to furnish; to equip; to install,N1,v1; vt,1485650,,その船はレーダーを備え付けていない。,The ship is not equipped with radar.
471f1554af,備わる,そなわる,sonawaru,to be furnished with; to be endowed with; to possess; to be among; to be one of; to be possessed of,N1,v5r; vi,1596640,,このホテルには体育館とプールが備わっている。,This hotel has a gym and a swimming pool.
475970fb6d,聳える,そびえる,sobieru,to rise; to tower; to soar,N1,v1; vi,1570770,,その峰は雲の上にそびえている。,The peak rises above the clouds.
17426e635b,素朴,そぼく,soboku,simplicity; artlessness; naivete,N1,adj-na; n,1397390,,素朴な疑問なんだけど、・・・トラとライオンはどっちが強いの？,"This may be a silly question, but which is stronger - a tiger or a lion?"
4d13045508,染まる,そまる,somaru,to dye,N1,v5r; vi,1391100,,悪習に染まるのは簡単だ。,It's easy to fall into bad habits.
685742984b,背く,そむく,somuku,to run counter to; to go against; to disobey; to infringe,N1,v5k; vi,1472680,,彼は親の意に背いて歌手になった。,He became a singer against his parents wishes.
bfe9940eaa,染める,そめる,someru,to dye; to colour,N1,v1; vt,1391160,,この織物を染めて欲しいのです。,I'd like to have this fabric dyed.
fd303281db,逸らす,そらす,sorasu,to turn away; to avert,N1,v5s; vt,1167650,,わたしの気を仕事からそらさないでください。,Please don't take my mind off the work.
71ea9ed1fe,反り,そり,sori,warp; curvature; curve; arch,N1,n,1480110,,,
b2fea90627,其れ共,それとも,soretomo,or; or else,N1,,,,,
5d1b7e0ebd,其れ故,それゆえ,soreyue,therefore; for that reason; so,N1,conj,1406080,,彼は病気になった。それ故外国行きをあきらめた。,"He fell ill, and therefore he gave up going abroad."
2e62a415d0,ソロ,ソロ,soro,solo,N1,n; adj-no,1075630,,彼がソロを歌うとき、音程が外れるんじゃないかって、手に汗握っちゃうよね。,"When he gets up on stage to sing one of his out-of-tune solos, I get so nervous for him that I get sweaty palms."
1399573421,揃い,そろい,soroi,set; suit; uniform,N1,n; adj-no,1406100,,あのチームはつわものぞろいだ。,That team has nothing but strong players.
a6b9cef8b2,ぞんざい,ぞんざい,zonzai,rude; careless; slovenly,N1,adj-na,1007170,,その警官は私に対してかなりぞんざいだった。,The policeman was rather abrupt with me.
d7eae9c8d3,損失,そんしつ,sonshitsu,loss,N1,n,1406750,,私は損失の埋め合わせをしなければならなかった。,I had to make up for the loss.
15230778c8,存続,そんぞく,sonzoku,duration; continuance,N1,n; vs; vt; vi,1406190,,その地方ではその古い風俗がなお存続している。,The old custom is still kept up in that district.
59ac3278b5,ダース,ダース,daasu,dozen,N1,n,1076650,,鉛筆は１ダースいくらで売られる。,Pencils are sold by the dozen.
b450645f7e,他意,たい,tai,ill will; malice; another intention; secret purpose; ulterior motive; fickleness; double-mindedness,N1,n,1406940,,ちょっと絵を描いただけで他意はありません。,"I was just drawing pictures, I had no further intention."
dbe0f53624,第,だい,dai,ordinal,N1,pref,1415260,,まず第１にこの仕事を終えなくてはいけない。,I must finish this work first.
37bf931e32,対応,たいおう,taiou,interaction; correspondence; coping with; dealing with,N1,n; vs; vi,1409840,,その日本語に対応する英語はない。,That Japanese word has no equivalent in English.
a702137b8a,退化,たいか,taika,degeneration; retrogression,N1,n; vs; vi,1411320,,人類は生態系の退化を防ぐことができるだろうか？,Will humanity be able to prevent the degradation of ecosystems?
576dd99374,大概,たいがい,taigai,in general; mainly,N1,adv,1413230,,私の仕事は大概片付いた。,My work is almost finished.
de963dc33f,体格,たいかく,taikaku,physique; constitution,N1,n,1409310,,そのスポーツ選手はがっしりした体格をしていた。,The athlete had a strong build.
608306d673,退学,たいがく,taigaku,dropping out of school,N1,n; vs; vi,1411340,,彼は十七歳で高校を退学した。,He left high school at seventeen.
2e11e80e5f,大金,たいきん,taikin,great cost,N1,n,1413500,,そんな大金を払う余裕はありません。,I cannot afford to pay so much.
175e7d10fb,待遇,たいぐう,taiguu,treatment; reception,N1,n; vs; n-suf; vt,1410610,,彼はいつも待遇が悪いと不平を言っている。,He is always complaining of ill treatment.
1b2f621b2a,対決,たいけつ,taiketsu,confrontation; showdown,N1,n; vs; vi,1410000,,経営側と労働者側との対決があるでしょう。,There is going to be a show-down between management and labor.
92f1f8e6fe,体験,たいけん,taiken,personal experience,N1,n; vs; vt,1409420,,彼は自分の体験を述べた。,He described his own experience.
755114f611,対抗,たいこう,taikou,opposition; antagonism,N1,n; vs; vi,1410020,,ためらうことなく、その陰謀にたいする徹底した対抗処置をとった。,"Without a moment's hesitation, they took drastic action against the conspiracy."
d1273294f7,退治,たいじ,taiji,extermination,N1,n; vs; vt,1411390,,彼はありを退治しようと思った。,He tried to get rid of the ants.
a62d0c6462,対して,たいして,taishite,for; in regard to; per,N1,exp,1409820,,彼女に対してすまない気がします。,I feel sorry for her.
1be293861f,大衆,たいしゅう,taishuu,general public,N1,n; adj-no,1414050,,その問題は大衆を当惑させた。,The problem puzzled the public.
822df1580e,対処,たいしょ,taisho,deal with; cope,N1,n; vs; vi,1410070,,彼は困難な事態に対処することが出来ない。,He can't cope with difficult situations.
ee0ad82b09,退職,たいしょく,taishoku,retirement (from office),N1,n; vs; vi,1411420,,私は退職するつもりだときのう申し出た。,I gave notice at work yesterday.
714f782649,態勢,たいせい,taisei,attitude; conditions; preparations,N1,n,1410770,,５００人の警官が厳重な警備態勢おかれた。,500 policemen were put on strict alert.
2ed30bb458,対談,たいだん,taidan,talk; dialogue; conversation,N1,n; vs; vt; vi,1410230,,その上、ある大学教授と対談しなければならない。,"In addition, I have to interview a professor."
89d988ae18,大胆,だいたん,daitan,bold; daring; audacious,N1,adj-na; n,1414500,,私達は彼の大胆な企てに舌を巻いた。,We marveled at his bold attempt.
6fab55f8fd,対等,たいとう,taitou,equivalent,N1,n; adj-no; adj-na,1410250,,あなたは私と対等で私より下でも上でもない。,You are my equal; not my inferior or superior.
ec37aba7e2,タイトル,タイトル,taitoru,title,N1,n,1075900,,その本のタイトルは何ですか。,What is the title of the book?
5fe58f6863,台無し,だいなし,dainashi,mess; spoiled; (come to) nothing,N1,adj-na; n,1412770,,風やら雨やらで旅行は台無しだった。,"What with the wind and the rain, our trip was spoiled."
b8d950d3f0,滞納,たいのう,tainou,non-payment; default,N1,n; vs; vt,1410940,,数日ならまだしも１０日も滞納している。,"A few days would have been excusable, but you are in arrears for 10 days."
f2db543159,対比,たいひ,taihi,contrast; comparison,N1,n; vs; vt,1410260,,空と山の対比が鮮烈だ。,The contrast between the sky and the mountain is striking.
3a9abb8ed5,タイピスト,タイピスト,taipisuto,typist,N1,n,1075920,,彼女はタイピストの職を得た。,She got a position as a typist.
1fc733c113,大部,たいぶ,taibu,most (e.g. most part); greater; fairly; a good deal; much,N1,n; adv,1414830,,私は仕事をたいぶためてしまった。,I still have a lot of work to do.
699d51dfa0,対辺,たいへん,taihen,(geometrical) opposite side,N1,n,1655340,,長方形の対辺は平行である。,The opposite sides of a rectangle are parallel.
0271585729,代弁,だいべん,daiben,pay by proxy; act for another; speak for another,N1,n; vs; vt,1412300,,彼女は家のない人々の代弁をした。,She spoke for the homeless.
a707d72877,大便,だいべん,daiben,feces; excrement; shit,N1,n,1415010,,病院で大便の検査をした。,I had a stool examination at the hospital.
8edd0be676,待望,たいぼう,taibou,expectant waiting,N1,n; vs; vt,1410650,,残念ながら待望の試合は中止せざるを得なかった。,"To our regret, we were obliged to call off the game, which we had been looking forward to."
0d5bf3cdac,台本,だいほん,daihon,libretto; scenario,N1,n,1412760,,台本に目を通しておいてください。,Please go over the script.
adad28a5c4,タイマー,タイマー,taimaa,timer,N1,n,1075990,,PC内部のタイマー用ボタン電池が切れた。,The button battery in the PC's internal timer has gone flat.
fbea2e401a,怠慢,たいまん,taiman,negligence; procrastination; carelessness,N1,n; adj-na,1410740,,彼は義務怠慢で非難された。,He was blamed for neglect of duty.
d93ec9aaed,タイミング,タイミング,taimingu,timing,N1,n,1076000,,その論文は教授の誕生日とタイミングが合うように出版された。,Publication of the article was timed to coincide with the professor's birthday.
40778a5984,タイム,タイム,taimu,time,N1,n,1076010,,,
f332f3e366,タイムリー,タイムリー,taimurii,timely; run-batted-in (baseball); RBI,N1,n,1076090,,もし彼のタイムリーヒットがなかったら、私たちのチームは試合に負けていただろう。,"If it had not been for his timely hit, our team would have lost the game."
07904649e0,対面,たいめん,taimen,interview; meeting,N1,n; vs; vi,1410270,,,
8d0e3e599c,タイヤ,タイヤ,taiya,tire; tyre,N1,n,1076120,,私はタイヤの跡を見つけた。,I found the track of the tire.
fad025add1,代用,だいよう,daiyou,substitution,N1,n; vs; vt; adj-no,1412360,,この箱はテーブルの代用となる。,This box will serve as a table.
7c8c318865,体力,たいりょく,tairyoku,physical strength,N1,n,1409760,,体力を維持するにはちゃんと食べなければいけません。,You must eat properly to keep up your strength.
66feace6f2,タイル,タイル,tairu,tile,N1,n,1076130,,屋根から落ちてきたタイルは粉々に砕けた。,The tile that fell from the roof broke into pieces.
c119cc0486,対話,たいわ,taiwa,interactive; interaction; conversation; dialogue,N1,n; vs; vt; vi,1410300,,この例においては、その二人の詩人の対話に関する正確な記述がもたらされている。,In this instance we are provided with an exact account of the conversation between the two poets.
c91305c9d6,ダウン,ダウン,daun,down,N1,n; vs; vt; vi,1076980,,彼女は風邪でダウンした。,She came down with a cold.
dd92dc7403,絶える,たえる,taeru,to die out; to peter out; to become extinct,N1,v1; vi,1386710,,この習慣は絶えて久しい。,This custom became extinct a long time ago.
6020741e51,耐える,たえる,taeru,to bear; to endure,N1,v1; vi; vt,1211310,,あの騒音には耐えられないよ。,I can not stand that noise.
3d456d6cf7,高,たか,taka,quantity; amount; volume; number; amount of money,N1,n; n-suf,1633260,,互いに自分の預金高は言い合わなかった。,They did not tell each other about the size of their savings.
4fe941663c,打開,だかい,dakai,break in the deadlock,N1,n; vs; vt,1408850,,われわれは局面の打開を図らなくてはならない。,We must try to break the deadlock.
8c66ef9335,高まる,たかまる,takamaru,to rise; to swell; to be promoted,N1,v5r; vi,1283220,,歓呼の声はどよめきにまで高まった。,The cheers swelled to a roar.
63f8921eaf,焚火,たきび,takibi,(open) fire,N1,n; vs; vi,1504680,,僕たちはたき火の周りを踊って回った。,We danced about the fire.
371c591e26,妥協,だきょう,dakyou,compromise; giving in,N1,n; vs; vi,1408510,,ついに父は妥協した。,"Finally, my father compromised."
c8291517d8,類,たぐい,tagui,a kind,N1,n,1596870,,こういった類の宝石はほとんど価値がない。,These kinds of jewelry are of little value.
6f9cce2604,逞しい,たくましい,takumashii,burly; strong; sturdy,N1,adj-i,1573650,,彼女は逞しく逆境に耐えた。,She bore her misfortunes with a brave spirit.
bcaec73ef9,巧み,たくみ,takumi,skill; cleverness,N1,n,1278290,,彼は、話術が巧みだ。,He has a good art of talking.
2f632ca933,丈,たけ,take,height; stature; length; measure; all (one has),N1,n,1354600,,丈の長いコートは、ほとんどくるぶしまで届いていた。,He was wearing a long black coat that reached almost to his ankles.
60c76df858,打撃,だげき,dageki,blow; shock; strike; damage; batting (baseball),N1,n,1408870,,この何ヶ月かはひどい打撃を受けました。,I took such a hammering over recent months.
4f31153f7d,妥結,だけつ,daketsu,agreement,N1,n; vs; vi,1408530,,,
6ab801e3b9,駄作,ださく,dasaku,poor work; rubbish,N1,n,1409040,,『トムとメアリー』は本当に救いようのない駄作だった。,"""Tom and Mary"" was truly an irredeemable piece of trash."
cc5f0dfb05,足し算,たしざん,tashizan,addition,N1,n,1404680,,うちの息子はまだちゃんと足し算ができない。,My boy can't do addition properly yet.
4c40ca8dfd,多数決,たすうけつ,tasuuketsu,majority rule,N1,n,1407870,,多数決原理が民主主義の根本原則だ。,Majority rule is a basic principle of democracy.
5123dd1f49,助け,たすけ,tasuke,assistance,N1,n,1344390,,けがした男は大声で助けを求めた。,The injured man cried for help.
5abe53229a,携わる,たずさわる,tazusawaru,to participate; to take part,N1,v5r; vi,1250660,,彼は医学の研究に携わっている。,He is engaged in medical research.
2b95723a89,漂う,ただよう,tadayou,to drift about; to float; to hang in air,N1,v5u; vi,1489240,,工場からの煙が町に漂っていた。,The smoke from factories hung over the town.
8ee5c7c8db,立方,たちかた,tachikata,dancing (geisha),N1,n,1551810,,,
e39921582a,立ち寄る,たちよる,tachiyoru,to stop by; to drop in for a short visit,N1,v5r; vi,1551300,,夕方会社にお立ち寄りください。,Drop by my office this evening.
f056b82abe,絶つ,たつ,tatsu,to sever; to cut off; to suppress; to abstain (from),N1,v5t; vt,1597030,,彼は１８年間働いた会社と関係を絶った。,He dissociated himself from the firm he had worked for for eighteen years.
1fd73d0ab0,達者,たっしゃ,tassha,skillful; in good health,N1,adj-na,1416240,,彼女はフランス語が達者だ。,She has a good command of French.
cf719aaae7,脱出,だっしゅつ,dasshutsu,escape,N1,n; vs; vi,1416520,,爺ちゃんはやっとのことで脱出した。,"The old man escaped, but with difficulty."
dc401342c8,脱する,だっする,dassuru,to escape from; to get out,N1,vs-s; vt,1416420,,あの会社は赤字を脱した。,The company stopped losing money.
c755d9154e,達成,たっせい,tassei,achievement,N1,n; vs; vt,1416260,,アンは望んでいた目標を達成した。,Ann has achieved her desired goal.
686d8759b3,たった,たった,tatta,only; merely; but; no more than,N1,adj-f; adv,1007230,,ここから歩いてたった１０分の距離です。,It is no more than ten minutes' walk from here.
bbb456d788,脱退,だったい,dattai,secession,N1,n; vs; vi,1416570,,君は直ちにクラブを脱退したほうがよい。,You may as well withdraw from the club right away.
effb9aa394,貴い,たっとい,tattoi,precious; valuable; priceless; noble; exalted; sacred,N1,adj-i,1598620,,愛より尊い物はない。,Nothing is as precious as love.
589a614801,尊い,たっとい,tattoi,precious; valuable; priceless; noble; exalted; sacred,N1,adj-i,1598620,,愛より尊い物はない。,Nothing is as precious as love.
ee58f26720,尊ぶ,たっとぶ,tattobu,to value; to prize; to esteem,N1,v5b; vt,1598640,,イギリス人は自由を尊ぶ国民である。,The English set a high value on freedom.
a6c7a41684,盾,たて,tate,shield; buckler; escutcheon; pretext,N1,n,1341840,,盾の両面を見よ。,Look on both sides of the shield.
2fb15f5d80,建前,たてまえ,tatemae,face; official stance; public position or attitude (as opposed to private thoughts),N1,n,1597110,,アメリカも本音と建前を使い分ける国だ。,America is also a country that separates its public motives from its private ones.
d583c8f8e6,奉る,たてまつる,tatematsuru,to offer; to present; to revere; to do respectfully,N1,v5r; vt,1584070,,,
18597d193c,他動詞,たどうし,tadoushi,transitive verb (direct obj),N1,n,1407290,,動詞には目的語をとらない自動詞と、目的語をとる他動詞があります。,"With verbs there are intransitive verbs that don't take an object, and transitive verbs that do take an object."
cb1e6d49fa,仮令,たとえ,tatoe,even if; if; though; although,N1,adv,1597125,,たとえ両親が反対しても私は留学したい。,"I want to study abroad, even if my parents are against it."
1ad79e658f,辿り着く,たどりつく,tadoritsuku,to grope along to; to struggle on to; to arrive somewhere after a struggle,N1,v5k; vi,1416680,,私達はついに頂上へたどり着いた。,"At last, we reached the summit."
91ef5b35f4,辿る,たどる,tadoru,to follow (road); to pursue (course); to follow up,N1,v5r; vt,1416690,,森の中の小道を辿っていくのは楽しいことだ。,It's fun to follow the path through the woods.
a7273380c4,頼み,たのみ,tanomi,request; favor; reliance; dependence,N1,n,1610270,,きっぱりと彼の頼みを断りなさい。,Turn him down once for all.
46d9eb73dd,だぶだぶ,だぶだぶ,dabudabu,loose; baggy,N1,adj-na; adj-no; adv; adv-to; vs,1007430,,だぶだぶの上着が最新の流行なのだ。,Loose jackets are the latest fad.
13cfbf92f0,ダブる,ダブる,daburu,to coincide (fall on the same day); to have two of something; to repeat a school year after failing,N1,v5r; vi,1077100,,祭日が日曜にダブると月曜が休みになる。,"When a holiday falls on Sunday, we have an extra holiday on Monday."
ea169df7d8,他方,たほう,tahou,another side; different direction; (on) the other hand,N1,n; adj-no,1407370,,どちらかが他方よりいい、というのではない。,One way is not better than the other.
19edf83342,多忙,たぼう,tabou,busy; pressure of work,N1,n; adj-na; adj-no,1408040,,たとえ多忙でも彼は来るだろう。,"Even if he is busy, he will come."
8ddba4675b,給う,たまう,tamau,to receive; to grant,N1,v5u; vt,1230220,,神、初めに天と地を創り給えり。,In the beginning God created the heaven and the earth.
692bfa601e,溜まり,たまり,tamari,collected things; gathering place; arrears,N1,n,1552620,,雨のあと、道路に水溜まりができた。,"After the rain, there were puddles on the street."
da6e6e95fb,賜る,たまわる,tamawaru,to grant; to bestow,N1,v5r; vt,1312860,,浅学非才の私ではありますが、何とぞ皆様のお力を賜りたく、ここにお願い申し上げる次第です。,"I may not have much to offer in the way of learning or ability, but I want to do whatever I can for us all and humbly ask for your favor."
d16c7a5e1e,例,ためし,tameshi,instance; example; case; precedent; experience; custom; usage; parallel; illustration,N1,n,2713240,,,
caded48b64,保つ,たもつ,tamotsu,to keep; to preserve; to hold; to retain; to maintain; to support; to sustain; to last; to endure; to keep well (food),N1,v5t; vt,1513250,,体面を保つために行った。,"For appearances sake, I went."
8926d1d955,容易い,たやすい,tayasui,easy; simple; light,N1,adj-i,1545360,,君が問題を解く容易さには驚くぜ。,I'm amazed by the ease with which you solve the problem.
b70211c5e0,多様,たよう,tayou,diversity; variety,N1,adj-na; n,1408100,,話題は多様多種だった。,We talked about a variety of topics.
0edcf936db,だらけ,だらけ,darake,implying (negatively) that something is full of e.g. mistakes,N1,n-suf,1007480,,その部屋は紙くずだらけだった。,The room was littered with scraps of paper.
43461422a9,怠い,だるい,darui,sluggish; feel heavy; languid; dull,N1,adj-i,1007520,,だるいし頭がずきずきする。,I feel listless and have a throbbing headache.
3a27cdfca7,弛み,たるみ,tarumi,slack; slackening; dullness; letdown,N1,n,1421570,,,
10b51c7b3d,弛む,たるむ,tarumu,to slacken; to loosen; to relax,N1,v5m; vi,1421580,,,
d3809a260e,垂れる,たれる,tareru,to hang; to droop; to drop; to lower; to pull down; to dangle; to sag; to drip; to ooze; to trickle; to leave behind (at death),N1,v1; vi,1370870,,濡れたタオルから滴が垂れている。,Water is dripping from the wet towel.
9ce64c5023,タレント,タレント,tarento,talent; star; personality,N1,n,1076460,,あのタレントはひっぱりだこである。,That talent is much sought after.
5b13a6dd8f,タワー,タワー,tawaa,tower,N1,n,1076470,,あなたは東京タワーを訪れましたか。,Did you visit the Tokyo Tower?
789cb27c85,歎,たん,tan,grief; sigh; lamentation,N1,n,1891990,,彼は親友の死を嘆き悲しんだ。,He grieved at the death of his best friend.
a6da3499d8,反,たん,tan,roll of cloth (c. 10 yds.); 245 acres; 300 tsubo,N1,n,1480050,,,
8d67659ba3,壇,だん,dan,platform; podium; rostrum; (archaic) mandala,N1,n,1419320,,,
606b4ac32d,単一,たんいつ,tan'itsu,single; simple; sole; individual; unitory,N1,adj-na; adj-no; n,1417100,,ねじ、てこ、くさび、滑車などは単一機械と呼ばれる。,"The screw, the lever, the wedge, the pulley, etc. are called simple machines."
62053b0356,担架,たんか,tanka,stretcher; litter,N1,n,1418150,,,
873a4f5e09,短歌,たんか,tanka,tanka; 31-syllable Japanese poem,N1,n,1418630,,詩歌とは、詩や短歌のことです。,Shika are verses and 31-syllable poems.
fe3835d1e1,短気,たんき,tanki,quick temper,N1,n; adj-na,1418670,,彼の短気は手に負えない。,He has an uncontrollable temper.
bd5b683c73,団結,だんけつ,danketsu,unity; union; combination,N1,n; vs; vi,1419230,,２つのグループが団結して１つの政党になった。,Two groups united to form a party.
06e0608460,探検,たんけん,tanken,exploration; expedition,N1,n; vs; vt,1597250,,この探検には、お金がかかる。,This expedition will be expensive.
2031fc3753,断言,だんげん,dangen,declaration; affirmation,N1,n; vs; vt,1419590,,私は彼が潔白だと断言した。,I affirmed that he was innocent.
63eac2bab5,短縮,たんしゅく,tanshuku,shortening; abbreviation; reduction,N1,n; vs; vt,1418740,,その橋のおかげで、私達は大いに時間が短縮できた。,The bridge saved us a lot of time.
37ca33884e,断然,だんぜん,danzen,firmly; absolutely; definitely,N1,adv; adj-t,1419690,,彼女はクラスの中で、断然歌がいちばんうまかった。,She was by far the best singer in the class.
789e5505bb,炭素,たんそ,tanso,carbon (C),N1,n,1418570,,石炭は大部分が炭素から成っている。,Coal consists mostly of carbon.
1adc698333,短大,たんだい,tandai,junior college,N1,n,1418780,,,
b0f4698e45,単調,たんちょう,tanchou,monotony; monotone; dullness,N1,adj-na; n,1417760,,この話はちょっと単調だ。,This story is rather monotonous.
50fc16df17,単独,たんどく,tandoku,sole; independence; single; solo (flight),N1,adj-no; adj-na,1417780,,不幸は決して単独では来ない。,Misfortunes seldom come singly.
5f504d816e,旦那,だんな,danna,master (of house); husband (informal),N1,n,1418410,,旦那も子供の引き取り権を望んでいた。,Her husband also wanted custody of the children.
6cfc869d84,短波,たんぱ,tanpa,short wave,N1,n; adj-no,1418810,,,
25867f6e37,蛋白質,たんぱくしつ,tanpakushitsu,protein,N1,n,1419070,,卵にはタンパク質が豊富に含まれているんですか？,Are eggs a good source of protein?
848923a56f,ダンプ,ダンプ,danpu,dump,N1,n; vs,1077290,,ダンプカーと正面衝突したタクシーはぐしゃぐしゃになった。,The taxi collided head-on with a dump truck and was badly crushed.
9c3026b5c1,断面,だんめん,danmen,cross section,N1,n,1419810,,,
4c0d39020a,弾力,だんりょく,danryoku,elasticity; flexibility,N1,n,1419530,,,
05bfb28645,治安,ちあん,chian,public order,N1,n,1316840,,最近目に見えて治安が悪くなった。,"Recently, it's become clear that public order has deteriorated."
ac2bf15305,チームワーク,チームワーク,chiimuwaaku,teamwork,N1,n,1077370,,野球の最もすばらしいところはチームワークだ。,The most wonderful thing about baseball is teamwork.
fb8890a428,チェンジ,チェンジ,chenji,change,N1,n; vs; vt; vi,1077650,,坂道でギアーをチェンジしたよ。,I changed gear as the road sloped.
daf445d53b,違える,ちがえる,chigaeru,to change,N1,v1; vt,1158890,,,
2aa5332b10,近付く,ちかづく,chikazuku,to approach; to get near; to get acquainted with; to get closer,N1,v5k; vi,1242170,,クリスマスが近づいてきた。,Christmas is fast approaching.
581e19094b,契る,ちぎる,chigiru,to pledge; to promise; to swear,N1,v5r,1250160,,,
28f2878a0d,畜産,ちくさん,chikusan,animal husbandry,N1,n,1422180,,,
10df370c17,畜生,ちくしょう,chikushou,beast; brute; damn,N1,int,1422200,,畜生！バーミセリがもうないんだよ！,Crap! We're out of vermicelli!
57d8c94dfd,蓄積,ちくせき,chikuseki,accumulation; accumulate; store,N1,n; vs; vt; vi,1422440,,彼は富を蓄積しようとした。,He tried to accumulate wealth.
d5004218c7,地形,ちけい,chikei,terrain; geographical features; topography,N1,n,1421030,,ヘリコプターの運転席からなら、その地の素晴らしい地形を見渡すのは容易い。,It's easy to see the area's majestic topography from the cockpit of a helicopter.
88267f6d71,知性,ちせい,chisei,intelligence,N1,n,1420630,,読書は知性を発展させることができる。,Reading can develop your mind.
df0cb2db26,乳,ちち,chichi,milk; breast; loop,N1,n,1464980,,うちの牛は全く乳が出ない。,Our cow doesn't give us any milk.
c59f528609,縮まる,ちぢまる,chijimaru,to be shortened; to be contracted; to shrink,N1,v5r; vi,1337540,,,
73d9a1776d,秩序,ちつじょ,chitsujo,order; regularity; system; method,N1,n,1422520,,保安官は、その町の秩序を確立した。,The sheriff established order in the town.
18e91a1d53,窒息,ちっそく,chissoku,suffocation,N1,n; vs; vi; adj-no,1422540,,お菓子で赤ちゃんが窒息するところだった。,The baby almost choked on a piece of candy.
3d4be6166f,知的,ちてき,chiteki,intellectual,N1,adj-na,1420650,,知的な会話が好きです。,I enjoy intellectual conversations.
63928faaaf,チャイム,チャイム,chaimu,chime,N1,n,1077890,,教室に入って席に着くのとほぼ同時に、始業を知らせるチャイムの音が鳴り響く。,"About the same time as he entered the classroom and arrived at his seat, the chime to announce class rings across the school."
fd6d1d2bef,着,ちゃく,chaku,counter for suits of clothing; arriving at ..,N1,ctr,1597470,,私たちは午後９時シカゴ着の予定だった。,We were arriving in Chicago at 9:00 p.m.
f31c4cf8e7,着手,ちゃくしゅ,chakushu,embarkation; launch,N1,n; vs; vi,1423060,,彼はたくさんの仕事に着手した。,He undertook a great deal of work.
61c73272dd,着色,ちゃくしょく,chakushoku,colouring; coloring,N1,n; vs; vt; vi; adj-no,1423090,,,
691a8e48a0,着席,ちゃくせき,chakuseki,sit down; seat,N1,n; vs; vi,1423130,,どうぞご着席ください、みなさん。,"Please be seated, ladies and gentlemen."
69b1a0c00c,着目,ちゃくもく,chakumoku,attention,N1,n; vs; vi,1423260,,,
1a5860e867,着陸,ちゃくりく,chakuriku,landing; alighting; touch down,N1,n; vs; vi,1423280,,その飛行機は申し分のない着陸をした。,The plane made a perfect landing.
e8c36bb150,着工,ちゃっこう,chakkou,start of (construction) work,N1,n; vs; vi,1423030,,そのビルの建設は来年着工されます。,The construction of the building will be started next year.
ded9d444a6,茶の間,ちゃのま,chanoma,living room (Japanese style),N1,n,1422600,,山羽さんが茶の間の大きい盆に胡桃を盛った。,Mr Yamaha filled the big tray in his living room with walnuts.
3025545197,茶の湯,ちゃのゆ,chanoyu,tea ceremony,N1,n,1422610,,,
c94579f9e8,ちやほや,ちやほや,chiyahoya,pamper; make a fuss of; spoil,N1,vs; vt; adv; adv-to,1007620,,,
81f6ea6bb3,チャンネル,チャンネル,channeru,a channel,N1,n,1077960,,チャンネルを替えてもかまわない？,Do you mind if I change the channel?
73761da587,宙返り,ちゅうがえり,chuugaeri,somersault; looping-the-loop,N1,n; vs; vi,1426110,,宙返りするジェットコースターに乗ったら、気持ち悪くなっちゃった。,I got sick riding the roller coaster with the loop-the-loop.
cbbf9a270d,中継,ちゅうけい,chuukei,relay; hook-up,N1,n; vs; vt,1424040,,テレビ中継された大阪での追跡劇の末、彼は逮捕された。,He was arrested by police after a TV chase in Osaka.
168c31d617,忠告,ちゅうこく,chuukoku,advice; warning,N1,n; vs; vt; vi,1426140,,私は彼に煙草を吸うなと忠告した。,I advised him against smoking.
05dfa1ae82,忠実,ちゅうじつ,chuujitsu,fidelity; faithfulness,N1,adj-na; n,1012210,,あの翻訳は原文に忠実だそうだ。,That translation is said to be true to the original.
858ac29e35,中傷,ちゅうしょう,chuushou,slander; libel; defamation,N1,n; vs; vt,1424500,,その程度の中傷はほうっておきなさい。,Just pass such an insult.
4201f02f16,中枢,ちゅうすう,chuusuu,centre; pivot; mainstay; nucleus; backbone; central figure; pillar; key man,N1,n,1424660,,東京は今や世界経済の中枢だ。,Tokyo is now a center of the world economy.
5526cb6819,抽選,ちゅうせん,chuusen,lottery; raffle; drawing (of lots),N1,n; vs; vi,1426220,,,
89c0b0d65d,中断,ちゅうだん,chuudan,interruption; suspension; break,N1,n; vs; vt; vi,1424900,,病気のため休暇が中断した。,Illness cut short his vacation.
8814988b80,中腹,ちゅうっぱら,chuuppara,irritated; offended,N1,,,,その丘の中腹に家が一軒あった。,There was a cottage on the side of the hill.
cc066cbad3,中毒,ちゅうどく,chuudoku,poisoning,N1,n; vs; vi,1425160,,私はテレビ中毒です。,I'm a TV addict.
05d567554c,中立,ちゅうりつ,chuuritsu,neutrality,N1,n,1425540,,その国は第二次世界大戦中は中立を保っていた。,That country remained neutral throughout World War II.
200363d3b2,中和,ちゅうわ,chuuwa,neutralize; counteract,N1,n; vs; vi,1425670,,アルカリは酸を中和する。,Alkalis neutralize acids.
af46eccd57,庁,ちょう,chou,government office,N1,n; n-suf,1427590,,,
1a43d6fb73,腸,ちょう,chou,guts; bowels; intestines,N1,n,1428960,,腸の具合が悪い。,I have trouble with my bowels.
5102b2e1b9,蝶,ちょう,chou,butterfly,N1,n,1429010,,私は美しい蝶を捕まえた。,I caught a beautiful butterfly.
d447766d5e,超,ちょう,chou,super-; ultra-; hyper-,N1,pref,1429340,,超高速がコンコルド機の特徴だ。,Great speed is a feature of the Concorde.
91a314706a,調印,ちょういん,chouin,signature; sign; sealing,N1,n; vs; vi,1429080,,その条件は日本、ドイツ、イギリス、アメリカの間で調印された。,"Terms were signed between Japan, Germany, Great Britain and the United States."
c22bf75839,聴覚,ちょうかく,choukaku,the sense of hearing,N1,n,1428880,,その子の聴覚は鋭い。,The kid has a keen sense of hearing.
4164dbc390,長官,ちょうかん,choukan,chief; (government) secretary,N1,n,1429820,,長官は彼に全権を委任した。,The governor invested him with full authority.
b0d32e92df,聴講,ちょうこう,choukou,lecture attendance; auditing,N1,n; vs; vt; vi,1428890,,聴講切符を前もって入手しておかなければならない。,You must get lecture tickets in advance.
4c00360769,徴収,ちょうしゅう,choushuu,collection; levy,N1,n; vs; vt,1428110,,国は国民から税を徴収する。,A country collects taxes from its people.
759fdce75d,聴診器,ちょうしんき,choushinki,stethoscope,N1,n,1428920,,医者は患者の胸に聴診器を当てた。,The doctor placed a stethoscope on the patient's chest.
f132c3c98e,挑戦,ちょうせん,chousen,challenge; defiance,N1,n; vs; vi,1428240,,スカイダイビングに挑戦したいんです。,I'd like to try out skydiving.
82d51c348a,長大,ちょうだい,choudai,very long; great length,N1,adj-na; n,1610340,,,
69359d3bc0,調停,ちょうてい,choutei,arbitration; conciliation; mediation,N1,n; vs; vt,1429260,,彼は両当事者の間を調停した。,He mediated between the two parties.
4fcd36d323,長編,ちょうへん,chouhen,"long (e.g. novel, film)",N1,n,1430110,,私は週末を長編小説を読んで過ごした。,I spent the weekend reading a long novel.
e33292ff3a,重宝,ちょうほう,chouhou,priceless treasure; convenience; usefulness,N1,n,1579990,,車は持っていると重宝なものだ。,A car is a handy thing to own.
c73ec3073c,丁目,ちょうめ,choume,district of a town; city block (of irregular size),N1,suf,1427420,,４０丁目で車を降りた。,I got out of the car at 40th Street.
6ccc056ebf,調理,ちょうり,chouri,cooking,N1,n; vs; vt,1429310,,卵はどのように調理いたしましょうか。,How do you like your eggs done?
74af193f01,調和,ちょうわ,chouwa,harmony,N1,n; vs; vi; adj-no,1429330,,彼らの間に調和の精神が広がった。,A harmony prevailed among them.
9246139579,ちょくちょく,ちょくちょく,chokuchoku,often; frequently; now and then; occasionally,N1,adv,1007790,,だってお隣さんだし。ちょくちょくお邪魔するから。,"Well, we're neighbours. I'll be popping over all the time."
48116559a0,直面,ちょくめん,chokumen,confrontation,N1,n,1431540,,我々は一大危機に直面している。,We are facing a violent crisis.
d48c7f2f28,著書,ちょしょ,chosho,literary work; book,N1,n,1427140,,彼は物理学の著書を出版した。,He had a book on physics published.
bb19f947be,貯蓄,ちょちく,chochiku,savings,N1,n; vs; vt; vi,1597700,,まさかのときに備えて貯蓄せよ。,Keep something for a rainy day.
dacd397f83,直感,ちょっかん,chokkan,intuition,N1,n; vs; vt,1430850,,警官は彼が犯人だと直感した。,The police spotted him at once as the offender.
c321a340ef,著名,ちょめい,chomei,well-known; noted; celebrated,N1,adj-na; n,1427150,,スミス氏は著名なバイオリニストである。,Mr Smith is an eminent violinist.
a9f3b0c184,ちらっと,ちらっと,chiratto,at a glance; by accident,N1,adv,1007920,,私は彼女の顔をちらっと見かけた。,I caught a glimpse of her face.
ac8c6a57b9,塵取り,ちりとり,chiritori,dustpan,N1,n,1369920,,,
68fc255618,治療,ちりょう,chiryou,medical treatment,N1,n; vs; vt,1316890,,治療よりも予防。,Prevention is better than cure.
ea425ea76b,賃金,ちんぎん,chingin,wages,N1,n,1431990,,彼はわたしらに少ない賃金しかくれなかった。,He has given us indecent wages.
e73b56703b,沈殿,ちんでん,chinden,precipitation; settlement,N1,n; vs; vi,1431790,,,
0721111f31,沈没,ちんぼつ,chinbotsu,sinking; foundering,N1,n; vs; vi,1431800,,彼らは沈没する船を見捨てた。,They abandoned the sinking ship.
7958a1a674,沈黙,ちんもく,chinmoku,silence; reticence,N1,n; vs; vi,1431810,,それから長い沈黙が続いた。,There followed a long silence.
d0ef9d6c62,陳列,ちんれつ,chinretsu,exhibition; display; show,N1,n; vs; vt,1432210,,キャビネットは集めたものを陳列するための食器棚である。,A cabinet is a cupboard used for displaying things.
553d0c1010,追及,ついきゅう,tsuikyuu,gaining on; carrying out; solving (crime),N1,n; vs; vt,1432480,,追及されて、つい、見え透いた嘘をついてしまった。,I was pressed by their questioning and slipped into telling an obvious lie.
8e4b4adca3,追跡,ついせき,tsuiseki,pursuit,N1,n; vs; vt; adj-no,1432560,,その警官は泥棒を追跡した。,The policeman chased the thief.
8b8ee45ad6,次いで,ついで,tsuide,next; secondly; subsequently,N1,adv; conj,1316390,,それは教育に次いで大きな問題だ。,That is the principle problem next to education.
23e1db8f06,追放,ついほう,tsuihou,exile; banishment,N1,n; vs; vt,1432670,,支配者は打倒され国外に追放された。,The ruler was overthrown and banished from the country.
20ac1171ef,費やす,ついやす,tsuiyasu,to spend; to devote; to waste,N1,v5s; vt,1484600,,つまらないことに時間を費やすな。,Don't waste your time on trifles.
286333828b,墜落,ついらく,tsuiraku,falling; crashing,N1,n; vs; vi,1432240,,上へ昇れば昇るほど、それだけ墜落の程度は大きくなる。,"The higher you climb, the greater the fall."
151c9084b7,通,つう,tsuu,connoisseur; counter for letters,N1,ctr,1432840,,ここにあなたあての手紙が何通かあります。,Here are some letters for you.
57978c598e,痛感,つうかん,tsuukan,feeling keenly; fully realizing,N1,n; vs; vt,1432760,,あの事故を見て自然の力を痛感した。,That accident brought home to me the power of nature.
c6f69808b7,通常,つうじょう,tsuujou,common; general; usually,N1,adj-no; n; adv,1433280,,彼は、通常バスで学校へ行きます。,He usually goes to school by bus.
2ea8895f87,痛切,つうせつ,tsuusetsu,keen; acute,N1,adj-na; n,1432790,,算数教育が非常に大事だと痛切に感じていた。,I was acutely aware of how very important mathematical education was.
6bd8f39ea4,杖,つえ,tsue,cane,N1,n,1356620,,杖は彼に何の役にも立たなかった。,The stick didn't help him any.
0bfbb7af91,遣い,つかい,tsukai,mission; simple task; doing,N1,n,1305720,,ひとことで言えば、彼はおべっか使いだ。,"In a word, he is a flatterer."
aa0f93504f,使い道,つかいみち,tsukaimichi,use,N1,n,1305900,,鉄は使い道の多い金ぞくだ。,Iron is a metal with many uses.
521e3dc77f,仕える,つかえる,tsukaeru,to serve; to work for,N1,v1; vi,1304760,,コックは家族に長年仕えた。,The cook served the family for many years.
be3990b6a4,司る,つかさどる,tsukasadoru,to rule; to govern; to administer,N1,v5r; vt,1306630,,市長は市政を司る。,The mayor administers the affairs of the city.
f908b2fcd8,束の間,つかのま,tsukanoma,moment; brief time; brief; transient,N1,exp; n; adj-no,1404490,,がっかりしたことに、彼の勝利は、つかの間の勝利にすぎなかった。,"To my regret, his was nothing but a short-lived triumph."
5680067b6b,付き,つき,tsuki,attached to; impression; sociality; appearance; furnished with; under; to,N1,n; n-suf,1583630,,ああ、バスタブ付きがいいな。,"Oh, a bath, please."
7831f2b02c,月並み,つきなみ,tsukinami,every month; common,N1,n; adj-no,1255810,,月並みのパーティーだったよ。,That was just another party.
54a5fd6985,継ぎ目,つぎめ,tsugime,a joint; joining point,N1,n,1251860,,いすの継ぎ目はぐらぐらしていた。,The joints of the chair were loose.
353975152e,尽きる,つきる,tsukiru,to be used up; to be run out; to be exhausted; to be consumed; to come to an end,N1,v1; vi,1370070,,探検隊の糧食はすぐ尽きてしまった。,The expedition's supplies soon gave out.
08cfe03cb3,吐く,つく,tsuku,to breathe; to tell (lies); to vomit; to disgorge,N1,v5k; vt,1444150,,息を深く吸ったり吐いたりしてください。,"Take a deep breath in and out, please."
b0dfaaf7ed,継ぐ,つぐ,tsugu,to succeed,N1,v5g; vt,1251750,,彼に家業を継ぐようにときつけた。,I persuaded him to take on the family business.
2e6b817c6f,接ぐ,つぐ,tsugu,to join; to piece together; to set (bones); to graft (trees),N1,v5g; vt,1385340,,枝が伸び、実が成ることを想定して接ぐ場所を選びましょう。,Select the graft point after imagining how the branches will extend and fruit grow.
a942fde509,尽くす,つくす,tsukusu,to exhaust; to run out; to serve (a person); to befriend,N1,v5s; vt,1370090,,彼は全力を尽くして彼女を救った。,He did his best to rescue her.
617364b915,作り,つくり,tsukuri,make-up; sliced raw fish,N1,n,1297250,,芝刈り機が簡素な作りの荷車に積んである。,Some lawn equipment is loaded into the jerry-built cart.
5b0c727913,造り,つくり,tsukuri,make up; structure; physique,N1,n,1297250,,あの家はレンガ造りだ。,That house is built of bricks.
6686f635d7,造る,つくる,tsukuru,to make; to create; to manufacture; to draw up; to write; to compose; to build; to coin; to cultivate,N1,v5r; vt,1597890,,そして世はこの方によって造られた。,And the world was made through him.
88bf13c181,繕う,つくろう,tsukurou,to mend; to repair; to fix; to patch up; to darn; to tidy up; to adjust; to trim,N1,v5u; vt,1396480,,猿たちは互いに毛繕いし合っている。,The monkeys are grooming each other.
6a852ae347,付け加える,つけくわえる,tsukekuwaeru,to add one thing to another,N1,v1; vt,1495790,,リストに彼の名前をつけ加えた。,I added his name to the list.
4b3148b7e1,告げる,つげる,tsugeru,to inform,N1,v1; vt,1285990,,真っ赤な夕焼けは明日の晴天を告げた。,The deep red of the setting sun portended fine weather.
134e796195,辻褄,つじつま,tsujitsuma,coherence; consistency,N1,n,1433730,,統計の数字を理論とつじつまの合うように変える。,I accommodate statistics to theory.
8ba1e58b80,銃,つつ,tsutsu,gun,N1,n,2864475,,警察は簡単に銃を使ってはいけない。,Police can't be trigger happy.
c002a107c0,筒,つつ,tsutsu,pipe; tube,N1,n,1449590,,,
2564dfcfcb,突く,つつく,tsutsuku,to thrust; to strike; to attack; to poke; to nudge; to pick at,N1,v5k; vt,1456895,,やぶを突いて蛇をだすな。,Let sleeping dogs lie.
0738098ee1,慎む,つつしむ,tsutsushimu,to be careful; to be chaste or discreet; to abstain or refrain,N1,v5m; vt,1598000,,時が時だからことばを慎みなさい。,"As the situation is delicate, you should be careful of what you say."
70d41d423d,突っ張る,つっぱる,tsupparu,to support; to become stiff; to become taut; to thrust (ones opponent); to stick to (ones opinion),N1,v5r; vi,1610410,,,
00c77c36b3,勤まる,つとまる,tsutomaru,to be fit for; to be equal to; to function properly,N1,v5r; vi,1240800,,彼はとてもその仕事が勤まらなかった。,He fell lamentably short of his duty.
847b810d08,勤め先,つとめさき,tsutomesaki,place of work,N1,n,1240910,,彼の勤め先はどこですか。,Where does he work?
f7acf9c5b4,努めて,つとめて,tsutomete,make an effort!; work hard!,N1,adv,1445110,,水面から飛び立つ鳥は努めてあとを濁さぬようにする。,A bird flying out of the water is careful not to cause turbulence.
e90119f304,津波,つなみ,tsunami,tsunami; tidal wave,N1,n,1432220,,津波で流されてしまったのです。,It is carried away by tidal waves.
637c1223d2,抓る,つねる,tsuneru,to pinch,N1,v5r; vt,1567230,,彼女は私の腕をきつくつねった。,She pinched my arm sharply.
3a6a16d2af,募る,つのる,tsunoru,to invite; to solicit help participation etc,N1,v5r; vt,1514800,,会社は退職者を募った。,The company appealed for people to take voluntary resignation.
fac8d25e69,唾,つば,tsuba,saliva; sputum,N1,n,1408410,,吐いた唾は飲めぬ。,"A word, once out, flies everywhere."
1d6e69684f,呟く,つぶやく,tsubuyaku,to mutter; to murmur,N1,v5k; vt; vi,1565120,,彼は学校に対する不満をつぶやいた。,He muttered complaints against the school.
a5bd04e61d,瞑る,つぶる,tsuburu,to close the eyes,N1,v5r; vt,1585820,,あまりに光が強いので彼女は目をつぶった。,She shut her eyes because the light was so strong.
ff6c18c3ce,壷,つぼ,tsubo,tsubo jar; pot; vase,N1,n,1433870,,これは彼が最も大切にしているつぼだ。,This is the pot he treasures most of all.
a72d0a162f,蕾,つぼみ,tsubomi,bud; flower bud,N1,n,1571800,,バラのつぼみは摘めるうちに摘め。,Gather ye rosebuds while ye may.
691f993a5a,摘む,つまむ,tsumamu,to pinch; to hold; to pick up,N1,v5m; vt,1598080,,息を止めて鼻をつまみなさい。,Hold your breath and pinch your nostrils.
1cad4b9af1,露,つゆ,tsuyu,dew,N1,n,1560070,,芝生に露が降りている。,Dew has formed on the lawn.
b341206308,強まる,つよまる,tsuyomaru,to get strong; to gain strength,N1,v5r; vi,1236130,,その言葉で彼に対する疑惑はさらに強まった。,The words confirmed him in his suspicions.
f507f7f8a6,強める,つよめる,tsuyomeru,to strengthen; to emphasize,N1,v1; vt,1236150,,活動家たちは反対運動を強めています。,Activists are stepping up their protest drive.
17ba5166b9,連なる,つらなる,tsuranaru,to extend; to stretch out; to stand in a row,N1,v5r; vi,1559240,,,
4786dd1bfd,貫く,つらぬく,tsuranuku,to go through,N1,v5k; vt,1215070,,大きな川がその市を貫いて流れている。,A broad river runs through the city.
24aea90de3,連ねる,つらねる,tsuraneru,to link; to join; to put together,N1,v1; vt,1559250,,,
34f200e33e,釣鐘,つりがね,tsurigane,hanging bell,N1,n,1434090,,,
763f0e37f3,吊り革,つりかわ,tsurikawa,strap,N1,n,1773770,,つり革につかまりなさい。電車がすぐ動き出すだろうから。,Hold on to the strap. The train will start to move soon.
21fc5b6373,出合う,であう,deau,to meet by chance; to come across; to happen to encounter; to hold a rendezvous; to have a date,N1,v5u; vi,1598530,,きのう旧友の一人に出会った。,I saw an old friend of mine yesterday.
232bbc0cc6,手当て,てあて,teate,allowance; compensation; treatment; medical care,N1,n; vs,1598240,,彼は痛む腕を手当してもらった。,He had his sore arm dressed.
060bd26d75,体,てい,tei,appearance; air; condition; state; form,N1,n,1409160,,奥さんのがみがみ小言にフレッドさんは大弱りの体であった。,Fred was very troubled by his wife's nagging.
80ca5a134c,定義,ていぎ,teigi,definition,N1,n; vs; vt,1435530,,定義するのが難しい語もある。,Some words are hard to define.
bb77560bcb,提供,ていきょう,teikyou,offer; tender; program sponsoring; furnishing,N1,n; vs; vt,1436360,,私たちは彼によい仕事を提供した。,We offered him a nice job.
207bda82fe,提携,ていけい,teikei,cooperation; tie-up; joint business; link-up,N1,n; vs; vt; vi,1436380,,うちの会社はあの合弁会社と提携している。,We are affiliated with the new joint venture company.
66ade36f4f,体裁,ていさい,teisai,decency; style; form; appearance; show; get-up; format,N1,n,1409480,,彼女は彼の紳士らしい体裁にだまされてしまった。,She was taken in by his gentlemanly appearance.
82e39c46a6,梯子,ていし,teishi,ladder; stairs,N1,n,2869275,,彼は平衡を失ってはしごから落ちた。,He lost his balance and fell off the ladder.
b12f437f19,提示,ていじ,teiji,presentation; exhibit; suggest; citation,N1,n; vs; vt,1436400,,下記に対して価格を提示してください。,I'd like a quote for the following.
d525e3a83a,定食,ていしょく,teishoku,set meal; special (of the day),N1,n,1435650,,日替わり定食にしませんか。,How about getting the special of the day?
f6de4ac7bc,訂正,ていせい,teisei,correction; revision,N1,n; vs; vt; adj-no,1436710,,間違っていれば私のつづりを訂正してください。,Correct my spelling if it's wrong.
f25d2a8993,停滞,ていたい,teitai,stagnation; tie-up; congestion; retention; accumulation; falling into arrears,N1,n; vs; vi,1435010,,その船は海岸を少し離れて停滞していた。,The ship stopped a little way off the shore.
89c0c2a328,邸宅,ていたく,teitaku,mansion; residence,N1,n,1436820,,彼女はちょっとした邸宅に住んでいる。,She lives in quite a big mansion.
df4eaa5b9f,ティッシュペーパー,ティッシュペーパー,tisshupeepaa,tissue paper,N1,n,1079110,,,
0d7b0235f9,定年,ていねん,teinen,retirement age,N1,n,1435740,,私の会社では６０歳が定年である。,"At our company, the retirement age is 60."
4634e54c9a,堤防,ていぼう,teibou,bank; weir,N1,n,1435350,,子供たちは堤防をすべりおりた。,The children slid down the bank.
0c72f993c8,データ,データ,deeta,data,N1,n,1081190,,そのデータは全く役に立たなかった。,The data was completely useless.
b54b2396f3,手遅れ,ておくれ,teokure,too late; belated treatment,N1,n,1328120,,手後れにならないうちに、必要な措置を取るべきです。,We should take the necessary steps before it's too late.
bcaa9a7e21,でかい,でかい,dekai,huge,N1,adj-i,1008370,,こんなデカイのがチャリの荷台に乗るわけないだろ。,There's no way one that big is going to go on a bike's luggage rest.
8bfa06b980,手掛かり,てがかり,tegakari,contact; trail; scent; on hand; hand hold; clue; key,N1,n,1598300,,ここの下りも手掛かりがないので危険だ。,The downclimb here is also dangerous as there are no handholds.
608257c42c,手掛ける,てがける,tegakeru,to handle; to manage; to work with; to rear; to look after; to have experience with,N1,v1; vt,1327390,,私は４年前からこの仕事を手がけています。,I started doing this work 4 years ago.
3551552ed7,手軽,てがる,tegaru,easy; simple; informal; offhand; cheap,N1,adj-na; n,1327530,,年来の経済病には手軽にきく万能薬などありません。,There is no easy cure-all for old economic ills.
a50ce976f1,的,てき,teki,-like; typical,N1,suf; adj-na,1437260,,その女性は非常に協力的である。,The women are very supportive.
a188a8c649,適応,てきおう,tekiou,adaptation; accommodation; conformity,N1,n; vs; vi,1437350,,この規則はすべてのケースに適応する。,This rule applies to all cases.
3d2ff7e701,適宜,てきぎ,tekigi,suitability,N1,adj-na; adj-no,1437380,,,
e0b835d42a,適性,てきせい,tekisei,aptitude,N1,n,1437410,,天才とは忍耐に堪え得る偉大な適性に外ならぬ。,Genius is nothing but a great aptitude for patience.
d43a9fda61,出来物,できもの,dekimono,able man; tumour; growth; boil; ulcer; abcess; rash; pimple,N1,n,1580150,,,
be922b216d,出切る,できる,dekiru,to be out of; to have no more at hand,N1,v5r; vt,1339500,,,
6a2c9761cf,手際,てぎわ,tegiwa,performance; skill; tact,N1,n,1327690,,恵子が手際よく食器を重ねて、シンクへ運んでゆく。,Keiko deftly piles up the cutlery and takes them to the sink.
b3e5a1f6cc,出くわす,でくわす,dekuwasu,to happen to meet; to come across,N1,v5s; vi,1337950,,我々はニューヨークで彼らに出くわした。,We came upon them in New York.
6f8843433d,デコレーション,デコレーション,dekoreeshon,decoration,N1,n,1082810,,,
dd601f9a30,デザート,デザート,dezaato,dessert,N1,n,1082850,,,
221e4e0f2e,デザイン,デザイン,dezain,design,N1,n; vs; vt,1082900,,彼のデザインは大変独創的だ。,His designs are highly original.
e6a3f2b972,手順,てじゅん,tejun,process; procedure; protocol,N1,n,1327810,,弁護士は行動の手順を決定した。,The lawyer determined his course of action.
69b1fa0cc4,手錠,てじょう,tejou,handcuffs; manacles,N1,n,1327900,,抗議することもできないうちに、僕は手錠をかけられ、留置場に送られていた。,"Before I could protest, I was handcuffed and was on my way to prison."
37cffd52d1,手数,てすう,tesuu,number of moves; trouble,N1,n,1327970,,お手数かけてどうもすいません。,I'm sorry to bother you.
74d5bfd2bf,手近,てぢか,tejika,near; handy; familiar,N1,adj-na; adj-no,1327490,,いつも手近に辞書を持っていなさい。,Always have your dictionary near at hand.
0b8c036a0e,てっきり,てっきり,tekkiri,surely; certainly; beyond doubt,N1,adv,1008290,,てっきりあなたが我々といっしょに来られるものと思っていました。,I took it for granted that you would come with us.
b1491faa86,鉄鋼,てっこう,tekkou,iron and steel,N1,n,1437880,,鉄鋼は基幹産業である。,Steel is a key industry.
20886c9138,デッサン,デッサン,dessan,rough sketch (fr: dessin),N1,n; vs; vt,1083290,,私たちはその少年のデッサンのすばらしさに驚嘆した。,We were amazed at the excellence of the boy's drawings.
5975722676,徹する,てっする,tessuru,to sink in; to penetrate; to devote oneself; to believe in; to go through,N1,vs-s; vi,1598340,,夜を徹するか否か。,Should I stay up all night or not?
c710a69f99,鉄片,てっぺん,teppen,iron scraps,N1,n,1779480,,線路の上に鉄片があったために列車は脱線した。,The train was derailed by a piece of iron on the track.
c3e581afc7,鉄棒,てつぼう,tetsubou,iron rod; crowbar; horizontal bar (gymnastics),N1,n,1438030,,体操競技の中では、鉄棒の大車輪が好きです。,I like to see a gymnast do the giant swing on the high bar.
e1ea2bb61d,出直し,でなおし,denaoshi,adjustment; touch up,N1,n; vs; vi,1339740,,出直しましょう。,Let's make a fresh start.
8d4d7b12ab,掌,てのひら,tenohira,the palm,N1,n,1580300,,彼の手のひらに硬貨を置く。,Place a coin in the palm of his hand.
a4eceaa662,手配,てはい,tehai,arrangement; search (by police),N1,n; vs; vt,1328260,,何とか手配してあげましょう。,Let's try to arrange something.
a98d722351,手筈,てはず,tehazu,arrangement; plan; programme,N1,n,1328290,,夏の旅行の手はずはついていると父はほのめかした。,My father implied our summer trip was arranged.
dfce23b181,手引き,てびき,tebiki,guidance; guide; introduction,N1,n; vs; vt,1598410,,,
1149c0fbcc,手本,てほん,tehon,model; pattern,N1,n,1328390,,彼の行儀をお手本にしなさい。,Model your manners on his.
384a40ef0e,手回し,てまわし,temawashi,preparations; arrangements,N1,n,1327380,,,
4ac77d3574,手元,てもと,temoto,on hand; at hand; at home,N1,adv,1327560,,私はいつも辞典を３冊手元に置いています。,I always keep three dictionaries at hand.
74326edf30,デモンストレーション,デモンストレーション,demonsutoreeshon,demonstration,N1,n,1084080,,７地区で新製品のデモンストレーションを行い、成功しました。,Successfully demonstrated a new product in 7 districts.
91bce7894c,照り返す,てりかえす,terikaesu,to reflect; to throw back light,N1,v5s; vi,1350850,,太陽の照り返しが強い。,There's a lot of glare.
fca7216c97,テレックス,テレックス,terekkusu,telex; teletypewriter exchange,N1,n,1080460,,テレックスでご返事ください。,Please answer by telex.
3efeebae61,手分け,てわけ,tewake,division of labour,N1,n; vs; vt; vi,1328340,,医学生が手分けして勉強することはまれである。,Shared studying among premeds is rare.
1941689b4f,店,てん,ten,store; shop; establishment,N1,n-suf,1582125,,私はこのペンを近所の文房具店で買った。,I bought this pen at the stationer's around the corner.
6ff25789fe,田園,でんえん,den'en,country; rural districts,N1,n,1442740,,都市化が田園生活をどんどん侵食しています。,Urbanization is encroaching on rural life.
dea89b7d91,点火,てんか,tenka,ignition; lighting; set fire to,N1,n; vs; vt; vi,1441440,,2021年、大坂なおみ選手は東京2020オリンピックの聖火台に点火しました。,Naomi Osaka lit the Olympic flame for the 2020 Tokyo Olympics in 2021.
5b19240e41,転回,てんかい,tenkai,revolution; rotation,N1,n; vs; vt; vi,1441070,,,
10919d474c,転換,てんかん,tenkan,convert; divert,N1,n; vs; vt; vi; adj-no,1441080,,工場は石炭から、より清潔な燃料への転換を強く要求されている。,Factories have been urged to switch from coal to a cleaner fuel.
f3edf4d6f4,転居,てんきょ,tenkyo,moving; changing residence,N1,n; vs; vi,1441100,,ご両親は転居されたんですか？,Are your parents relocating?
f9c618271f,転勤,てんきん,tenkin,transfer; transmission,N1,n; vs; vi,1441120,,ニュージーランドへ転勤になります。,She will be relocated to New Zealand.
3893318870,点検,てんけん,tenken,inspection; examination; checking,N1,n; vs; vt,1441540,,緩い結び目をすべて点検してしっかりしめなさい。,Check all the loose knots and fasten them tight.
89781dc3a2,電源,でんげん,dengen,"source of electricity; power (button on TV, etc.)",N1,n,1443220,,回路を調べる前に、電源のスイッチを切りなさい。,You must switch off the power before checking the circuit.
06898872e1,転校,てんこう,tenkou,change schools,N1,n; vs; vi,1441140,,転校したそうですね。,You say you changed schools.
4548e5ac9d,天国,てんごく,tengoku,paradise; heaven; Kingdom of Heaven,N1,n,1439080,,天国で愛しあえるまで待ってるよ。,I can wait to love in heaven.
99b2e77abf,伝言,でんごん,dengon,message; verbal message; word (from someone),N1,n; vs; vt,1582180,,私宛に何か伝言がとどいていませんか。,Are there any messages for me?
12e69b9ccd,天才,てんさい,tensai,genius; prodigy; natural gift,N1,n,1439090,,私たちは彼を天才だと思った。,We thought of him as a genius.
36c896b63d,天災,てんさい,tensai,natural calamity; disaster,N1,n,1439110,,地震や洪水は天災です。,Earthquakes and floods are natural disasters.
dcfe32da1f,展示,てんじ,tenji,exhibition; display,N1,n; vs; vt,1440610,,その店のウインドウには最新のファッションが展示してある。,The shop windows display the latest fashion.
97b418dbf8,天井,てんじょう,tenjou,ceiling; ceiling price,N1,n,1438340,,ハエは天井を歩くことができる。,A fly can walk on the ceiling.
22b728e889,転じる,てんじる,tenjiru,to turn; to shift; to alter; to distract,N1,v1; vt; vi,1441040,,災いを転じて福としなさい。,Turn your misfortune to account.
2788360295,伝説,でんせつ,densetsu,tradition; legend; folklore,N1,n; adj-no,1442100,,その歌は伝説に由来する物だった。,The song descended from a legend.
17c604c3de,点線,てんせん,tensen,dotted line; perforated line,N1,n,1441690,,,
26b5d39346,電線,でんせん,densen,electric line,N1,n,1443570,,電流が流れる電線にコイルを近づけると、コイルにも電気が流れます。,When a coil is moved near to a wire with current flowing in it current flows in the coil as well.
ab565da65e,天体,てんたい,tentai,heavenly body,N1,n,1439740,,地球以外の天体に生物はいますか。,Is there life on other worlds?
c410adfcf0,伝達,でんたつ,dentatsu,transmission (e.g. news); communication; delivery,N1,n; vs; vt,1442240,,意思伝達は色々な形をとる。,Communication takes many forms.
1ecdf1e6a6,天地,てんち,tenchi,heaven and earth; the universe; nature; top and bottom; realm; sphere; world,N1,n,1582090,,この天地の間にはな、所謂哲学の思いも及ばぬ大事があるわい。,"There are more things in Heaven and Earth, Horatio, than are dreamt of in your philosophy."
9f3db67bab,てんで,てんで,tende,(not) at all; altogether; entirely,N1,adv,1008320,,てんで見当がつきません。,I don't have the slightest idea.
24cccbf181,転任,てんにん,tennin,change of post,N1,n; vs; vi,1441320,,,
00f9ac5fce,展望,てんぼう,tenbou,view; outlook; prospect,N1,n; vs; vt,1440640,,あのビルの屋上からの展望はすばらしかった。,The view from the top of that building was magnificent.
c2f7a54ea2,伝来,でんらい,denrai,ancestral; hereditary; imported; transmitted; handed down,N1,n; vs; vi,1442450,,私達の生活様式はヨーロッパ文明の伝来以来変化してきた。,Our mode of life has changed since the introduction of European civilization.
82a0ad0df4,転落,てんらく,tenraku,fall; degradation; slump,N1,n; vs; vi,1441370,,彼はまっさかさまに川に転落した。,He fell head-long into the river.
290e4e8db6,と,と,to,if (conjunction); promoted pawn (shogi) (abbreviation),N1,prt; conj,1008490,,驚かない所をみると知ってたのね。,"Seeing that you're not surprised, I think you must have known."
43f119940b,問い合わせる,といあわせる,toiawaseru,to enquire; to seek information,N1,v1; vt,1535960,,この本が図書館にあるかどうか問い合わせて下さい。,Please ask whether they have this book at the library.
991db5e590,棟,とう,tou,place; section; building,N1,n,1448340,,３棟の家屋が全壊しました。,Three homes were completely destroyed.
46f330a564,等,とう,tou,"et cetera, etc.; and the like",N1,suf,1582305,,,
5b7ec81584,問う,とう,tou,to ask; to question; to charge (i.e. with a crime); to accuse; without regard to (neg),N1,v5u-s; vt,1536000,,彼にもう一杯いかがかと問う。,Ask if he wants another drink.
52d97339d1,同,どう,dou,the same; the said; ibid.,N1,pref,1451730,,英語はドイツ語と同語族である。,The English language is cognate to the German language.
1e2592203e,胴,どう,dou,trunk; body; frame,N1,n,1454010,,ダックスフントは、非常に長い胴と短い足をしたドイツ犬である。,A dachshund is a dog from Germany with a very long body and short legs.
b808627399,同意,どうい,doui,agreement; consent; same meaning; same opinion; approval,N1,n; vs; vi,1451850,,ボブはその計画に同意しなかった。,Bob did not agree to the plan.
b67eebb3d5,動員,どういん,douin,mobilization,N1,n; vs; vt,1451260,,,
9cfded4a30,同感,どうかん,doukan,agreement; same opinion; same feeling; sympathy; concurrence,N1,n; vs; vi,1452020,,税金に関するあなたの意見に同感です。,I agree with your opinion about taxes.
4d569aae89,陶器,とうき,touki,pottery; ceramics,N1,n,1450610,,陶器は火で焼かれた。,The pottery was baked by fire.
dc02744e3e,討議,とうぎ,tougi,debate; discussion,N1,n; vs; vt,1449960,,その問題が彼らによって討議されています。,They are discussing the problem.
dd3bb2afb6,動機,どうき,douki,motive; incentive,N1,n,1451310,,あの人の動機が信用できなかった。,I was distrustful of his motives.
b37c919059,等級,とうきゅう,toukyuu,grade; class,N1,n,1449410,,,
c5eee7f304,同級,どうきゅう,doukyuu,the same grade; same class,N1,n,1452110,,,
4c0cf6cbce,同居,どうきょ,doukyo,living together,N1,n; vs; vi,1452130,,キムはケンと同居している。,Kim is living with Ken.
886d9fe5b2,登校,とうこう,toukou,attendance (at school),N1,n; vs; vi,1444760,,私たちはみな、制服を着て登校する。,We all wear uniforms to school.
579129d0a8,統合,とうごう,tougou,integration; unification; synthesis,N1,n; vs; vt,1449760,,天皇は国民の統合の象徴である。,The Emperor is the symbol of the unity of the people.
27dd28bd9a,動向,どうこう,doukou,trend; tendency; movement; attitude,N1,n,1451330,,新聞は世の動向を左右する。,Newspapers influence the current of time.
f0c81f542a,倒産,とうさん,tousan,(corporate) bankruptcy; insolvency,N1,n; vs; vi,1445890,,その会社はまもなく倒産するだろう。,The company will soon go bankrupt.
2cb81ea096,投資,とうし,toushi,investment,N1,n; vs; vt; vi,1447230,,彼は自分のお金を株に投資した。,He invested his money in stocks.
c4e90fc977,同士,どうし,doushi,fellow; companion; comrade,N1,n; n-suf,1452400,,１０代の友だち同士が徹夜でおしゃべりした。,The teenage friends stayed up talking all night.
b478df3132,同志,どうし,doushi,same mind; comrade; kindred soul,N1,n,1452410,,彼らは同志である。,They are in the same camp.
fe59788bbf,同情,どうじょう,doujou,sympathy; compassion; sympathize; pity; feel for,N1,n; vs; vi,1452720,,彼のことを同情せずにはいられない。,I cannot but feel sorry for him.
bb8010df59,道場,どうじょう,doujou,dojo; hall used for martial arts training; mandala,N1,n,1454220,,,
fe1257bd71,統制,とうせい,tousei,regulation; control,N1,n; vs; vt,1449820,,その国では政府が物価を統制している。,In that country the government controls prices.
457e7304b4,当選,とうせん,tousen,being elected; winning the prize,N1,n; vs; vi,1449180,,私が投票した候補者は当選した。,The candidate whom I cast a vote for was elected.
851186f25b,逃走,とうそう,tousou,flight; desertion; escape,N1,n; vs; vi; adj-no,1450450,,少年がいくらかお金を持って逃走した。,A boy made off with some money.
d48091d525,統率,とうそつ,tousotsu,command; lead; generalship; leadership,N1,n; vs; vt,1449840,,船長は船と乗組員を統率する。,A captain controls his ship and its crew.
4a985a772f,到達,とうたつ,toutatsu,reaching; attaining; arrival,N1,n; vs; vi,1449860,,彼は目標に到達しようと努力している。,He endeavors to attain his goal.
309beae024,統治,とうち,touchi,rule; reign; government; governing,N1,n; vs; vt,1449790,,かつてサルタンが今日のトルコを統治していた。,Once the Sultan ruled over what today is Turkey.
96331e2c44,同調,どうちょう,douchou,sympathy; agree with; alignment; tuning,N1,n; vs; vi,1453120,,その計画では彼に同調できました。,We went with him on that plan.
b40c224700,到底,とうてい,toutei,(cannot) possibly,N1,adv,1449880,,あなたの話は到底真実だと思えない。,I can't possibly think your story is true.
0c87fb60a6,動的,どうてき,douteki,dynamic; kinetic,N1,adj-na,1451440,,,
02783d9713,丁々,とうとう,toutou,clashing of swords; felling of trees; ringing of an ax,N1,adv-to; adj-t,2857308,,,
a33f42ca60,同等,どうとう,doutou,equality; equal; same rights; same rank,N1,adj-na; adj-no; n,1453190,,１メートルは１ヤードとは完全に同等ではない。,A meter is not quite equivalent to a yard.
77bd8bb5f8,堂々,どうどう,doudou,magnificent; grand; impressive,N1,adj-t; adv-to,1599260,,彼はその式典で堂々と振る舞った。,He bore himself well at the ceremony.
e4735c6771,どうにか,どうにか,dounika,in some way or other; one way or another,N1,adv; vs,1008990,,私はどうにか家族を養っている。,I manage to support my family.
f72997fceb,投入,とうにゅう,tounyuu,throw; investment; making (an electrical circuit),N1,n; vs; vt,1447300,,敵は新兵力を投入した。,The enemy flung fresh troops into the battle.
13932201b5,導入,どうにゅう,dounyuu,introduction; bringing in; leading in,N1,n; vs; vt,1453790,,いまだにインターネットの導入を検討している会社がある。,Some companies are still debating whether to get Internet access.
bf4ab57086,当人,とうにん,tounin,the one concerned; the said person,N1,n,1449120,,当人のいないところで悪口を言うべきでない。,You shouldn't speak ill of a man behind his back.
13a335defb,同封,どうふう,doufuu,enclosure (e.g. in a letter),N1,n; vs; vt; adj-no,1453340,,彼女は小切手を同封して私に送ってくれた。,She sent me the enclosed check.
a46b92c65a,逃亡,とうぼう,toubou,escape,N1,n; vs; vi,1450470,,その少年たちは逃亡を試みたが失敗した。,"The boy attempted an escape, but failed."
26dc9a9e28,冬眠,とうみん,toumin,hibernation; winter sleep,N1,n; vs; vi,1446150,,どうして人間は冬眠しないのですか？,Why don't people hibernate?
8bbeac3005,同盟,どうめい,doumei,alliance; union; league,N1,n; vs; vi,1599290,,戦争の直前、日本がフランスと同盟を結びました。,Japan entered into an alliance with France just before the war.
f49ebb3f1c,どうやら,どうやら,douyara,it seems like; somehow or other,N1,adv,1009020,,どうやら食べ過ぎたみたいだ。,I'm afraid I've eaten too much.
9844a165bc,動揺,どうよう,douyou,disturbance; unrest; shaking; trembling; pitching; rolling; oscillation; agitation; excitement; commotion,N1,n; vs; vi,1451630,,このニュースを聞いて非常に動揺した。,I was profoundly disturbed by this news.
e05c40bb3c,動力,どうりょく,douryoku,power; motive power; dynamic force,N1,n,1451660,,そのボートは動力にモーターを使用している。,The boat uses a motor for the power.
7842fa57fd,登録,とうろく,touroku,registration; register; entry; record,N1,n; vs; vt,1444810,,今登録されれば、１年間無料です。,Join now and pay nothing for a whole year.
f03d0950ca,討論,とうろん,touron,debate; discussion,N1,n; vs; vt,1449980,,私たちはとても活発な討論をした。,We had a very vigorous debate.
aa03ba1775,遠ざかる,とおざかる,toozakaru,to go far off,N1,v5r; vi,1177830,,船は岸壁からしだいに遠ざかって行った。,The boat moved slowly away from the quay.
8c52d34fc9,遠回り,とおまわり,toomawari,detour; roundabout way,N1,n,1177930,,もし遠回りでなければポストに入れてください。,Please drop it in the mail if it's not out of your way.
d49ecb6fe8,トーン,トーン,toon,tone,N1,n,1084780,,私は事務所にストーン氏を訪ねていった。,I called for Mr Stone at the office.
2df626326b,兎角,とかく,tokaku,anyhow; anyway; somehow or other; generally speaking; in any case; this and that; many; be apt to,N1,adv,1444050,,あの人にはとかくのうわさがあった。,There were some unsavory rumors about him.
c4a19532a5,咎める,とがめる,togameru,to blame; to find fault; to take someone to task; to aggravate (an injury),N1,v1; vt,1565100,,先生は彼女が間違ったことを咎めた。,The teacher blamed her for the mistake.
61384ae276,時折,ときおり,tokiori,sometimes,N1,adv,1598670,,私は時おり学校で彼に会う。,I meet him at school now and then.
c7ae16d498,跡切れる,とぎれる,togireru,to pause; to be interrupted,N1,v1; vi,1598690,,交通の流れにはとぎれがなかった。,There was no gap in the stream of traffic.
1aae8e7f19,説く,とく,toku,to explain; to advocate; to preach; to persuade,N1,v5k; vt,1386420,,彼は私達に健康の重要性を説いた。,He preached to us about the importance of good health.
c290d45d0e,研ぐ,とぐ,togu,to sharpen; to grind; to scour; to hone; to polish; to wash (rice),N1,v5g; vt,1598700,,彼はナイフを研いでいました。,He was sharpening a knife.
c81695532d,特技,とくぎ,tokugi,special skill,N1,n,1454740,,特技はどこでも寝られることです。,My special skill is being able to sleep anywhere.
d66de4083e,独裁,どくさい,dokusai,dictatorship; despotism,N1,n; vs; vi,1455800,,要するに、独裁とは「黙れ」ということ、民主主義とは「話し続けろ」ということである。,"Dictatorship can be summed up by ""shut up!"", democracy by ""keep talking""."
4cfa1859c8,特産,とくさん,tokusan,specialty; special product,N1,n; vs; vt,1454920,,,
8d4e07c793,独自,どくじ,dokuji,original; peculiar; characteristic,N1,adj-no; adj-na; n,1455810,,どの民族も独自の神話を持っている。,Every nation has its own myths.
ba4cc6d7fc,読者,どくしゃ,dokusha,reader,N1,n,1456400,,この本は若い読者にも理解できる。,This book is within the capacity of young readers.
b45b17d66b,特集,とくしゅう,tokushuu,feature (e.g. newspaper); special edition; report,N1,n; vs; vt,1455060,,次号では離婚について特集します。,The next issue will feature articles on divorce.
8754a51980,独占,どくせん,dokusen,monopoly,N1,n; vs; vt,1455870,,彼は独占に反対していた。,He was opposed to monopolies.
28703048eb,独創,どくそう,dokusou,originality,N1,n; vs,1455920,,,
d7b013684f,得点,とくてん,tokuten,score; points made; marks obtained; runs,N1,n; vs; vi,1454590,,ハーフタイムでの得点はどうでしたか。,What was the score at halftime?
2eb5d6529f,特派,とくは,tokuha,send specially; special envoy,N1,n; vs; vt,1455230,,,
c21c8f79da,特有,とくゆう,tokuyuu,characteristic (of); peculiar (to),N1,adj-no; adj-na,1455370,,この習慣は日本に特有のものである。,This custom is peculiar to Japan.
c3f48454f3,刺,とげ,toge,thorn; splinter; spine; biting words,N1,n,1598710,,この指に刺がささって取れません。,I can't get this splinter out of my finger.
ef80281ecf,遂げる,とげる,togeru,to accomplish; to achieve; to carry out,N1,v1; vt,1372620,,浪士は本懐を遂げた。,The rōnin attained their long-cherished ambition.
75abef3a63,床,とこ,toko,bed; sickbed; alcove; padding,N1,n,1349370,,私が床に入るか入らないうちに電話が鳴りだした。,I had hardly gotten into bed when the telephone began to ring.
e5f9192daa,土産,どさん,dosan,product of the land,N1,n,1702340,,,
7f7552dfdc,年頃,としごろ,toshigoro,age; marriageable age; age of puberty; adolescence; for some years,N1,n; adj-no,1468660,,大体君と同じ年頃の若い娘だった。,She was a young girl about your age.
2a6adce990,戸締り,とじまり,tojimari,closing up; fastening the doors,N1,n; vs; vt; vi,1267060,,戸締まりをするの忘れるなよ。,Don't forget to bolt the door.
53a5166545,途上,とじょう,tojou,en route; half way,N1,n; adv,1444870,,彼の車は会社への途上で、故障した。,His car broke down on the way to work.
7e9c5f0365,綴じる,とじる,tojiru,to bind; to file,N1,v1; vt,1433770,,紙を綴じるのにホチキスはとても便利です。,A stapler is very useful for attaching papers together.
74fb00cbe2,土台,どだい,dodai,foundation; base; basis,N1,n,1445450,,この家は土台がしっかりしている。,This house has a solid foundation.
f7f005f251,途絶える,とだえる,todaeru,to stop; to cease; to come to an end,N1,v1; vi,1444900,,大雪で交通が途絶えた。,The traffic was interrupted by the heavy snow.
70b4d1e574,特許,とっきょ,tokkyo,special permission; patent,N1,n,1454780,,,
1927098b36,特権,とっけん,tokken,privilege; special right,N1,n; adj-no,1454870,,彼は特権を乱用したに違いない。,He must have abused the privilege.
f291ca1d87,咄嗟,とっさ,tossa,moment; instant,N1,n; adj-no,1565170,,社長のとっさのひらめきなんだって。,It came to the president like a bolt of lightning.
dfe5d66fb1,突如,とつじょ,totsujo,suddenly; all of a sudden,N1,adv; adv-to; adj-t,1457090,,トムの怒りは突如燃え上がった。,Tom's anger blazed out suddenly.
8be707a42d,取っ手,とって,totte,handle; grip; knob,N1,n,1598780,,私は戸に新しい取っ手を付けた。,I put a new handle to the door.
a75a59840b,突破,とっぱ,toppa,breaking through; breakthrough; penetration,N1,n; vs; vt,1457100,,アメリカの対外債務は５０００億ドルを突破しましたよ。,America's foreign debt shot past $500 billion.
150cea0f30,土手,どて,dote,embankment; bank,N1,n,1445370,,彼の家はその川の土手にある。,His house is on the bank of the river.
d102cfbac6,届け,とどけ,todoke,report; notification; registration,N1,n; n-suf,1598810,,盗難の届をだしたいのですけど。,I would like to report a theft.
d71baf9f53,滞る,とどこおる,todokooru,to stagnate; to be delayed,N1,v5r; vi,1410920,,支払いを滞る原因となるような問題があるのですが。,I have run into a problem that is causing the delay of my payment.
e2a1bdd30c,整える,ととのえる,totonoeru,to put in order; to get ready; to arrange; to adjust,N1,v1; vt,1376140,,私の姉は毎週、髪を整えてもらう。,My sister has her hair done each week.
e9f0941d9e,止まる,とどまる,todomaru,to be limited to,N1,v5r; vi,2657130,,ここにとどまっていても何の得もない。,There is no advantage in staying here.
7515db0cfd,止める,とどめる,todomeru,to stop; to cease; to put an end to,N1,v1; vt,1598820,,彼の勇気は歴史に名をとどめた。,His courage went down in history.
d067bdf300,留める,とどめる,todomeru,to stop; to cease; to put an end to,N1,v1; vt,1598820,,虎は死して皮を留め、人は死して名を残す。,A great man will be remembered for his achievements.
fdd80dff37,唱える,となえる,tonaeru,to recite; to chant; to call upon,N1,v1; vt,1347490,,彼は減税を唱えた。,He advocated reduction of taxes.
2ed570cfb3,殿様,とのさま,tonosama,feudal lord,N1,n,1442650,,,
850d0b8295,帳,とばり,tobari,curtain,N1,n,2546060,,夜のとばりが下りつつある。,Darkness is falling.
9ed26e130c,土俵,どひょう,dohyou,arena,N1,n,1445550,,,
65aef9dac8,扉,とびら,tobira,door; opening,N1,n,1483380,,その扉は永久に閉ざされた。,The door was closed for good.
ad3cb7a4b7,徒歩,とほ,toho,walking; going on foot,N1,n; adj-no,1444510,,ジョンは彼のオフィスへ徒歩で行きます。,John goes to his office on foot.
ecec76a53b,土木,どぼく,doboku,public works,N1,n,1445570,,,
60498e7544,乏しい,とぼしい,toboshii,meagre; scarce; limited; destitute; hard up; scanty; poor,N1,adj-i,1584130,,この国には石油が乏しい。,Oil is scarce in this country.
3c21ade525,富,とみ,tomi,wealth; fortune,N1,n,1496730,,神は私に富をお恵みくださった。,God has blessed me with riches.
aa3dae369b,富む,とむ,tomu,to be rich; to become rich,N1,v5m; vi,1496740,,その土壌は腐植に富んでいます。,That soil is rich in humus.
3f741eec1a,共,とも,tomo,both; neither (neg); all; and; as well as; including; with; together with; plural ending,N1,suf,1578040,,両国とも今は平和な状態にある。,Both countries are now at peace.
b6b8baaa21,共稼ぎ,ともかせぎ,tomokasegi,working together; (husband and wife) earning a living together,N1,n; vs; vi; adj-no,1234340,,アメリカでは多くの夫婦が収支をあわせるため共稼ぎをしている。,Many couples in America both work to make ends meet.
9db5fc5943,灯,ともしび,tomoshibi,light,N1,n,2850328,,,
8e13072b37,伴う,ともなう,tomonau,to accompany; to bring with; to be accompanied by; to be involved in,N1,v5u; vt,1478370,,戦争には悲惨と悲しみが伴う。,Misery and sorrow accompany war.
5c95d2786a,共働き,ともばたらき,tomobataraki,dual income,N1,n; vs; vi; adj-no,1234760,,「少しうちに寄っていかない？」「いいの？」「うち共働きで親は遅いの」,"""Want to drop round my place?"" ""Can I?"" ""My parents come home late as they both work."""
fd888ecdd5,ドライ,ドライ,dorai,dry,N1,adj-na; n,1088450,,彼にはドライなユーモアはわかりませんよ。,He doesn't have a dry sense of humor.
bf4278079e,ドライクリーニング,ドライクリーニング,doraikuriiningu,dry cleaning,N1,n,1088480,,タールがどうしても落ちない。このスカートはドライクリーニングに出さなきゃならないだろう。,The tar won't come off. I'm going to have to take this skirt to the dry cleaner.
cb0a964ac5,ドライバー,ドライバー,doraibaa,driver; screwdriver,N1,n,1088560,,このドライバーは小さすぎて役に立たない。,This screwdriver is too small to be any use.
cc10bd8df6,ドライブイン,ドライブイン,doraibuin,drive in,N1,n; n-pref,1088590,,街道沿いのドライブインで昼食をとった。,We had lunch at a roadside restaurant.
e3426a80fa,トラブル,トラブル,toraburu,trouble (sometimes used as a verb),N1,n,1085920,,私はトラブルに巻き込まれた。,I was involved in the trouble.
35b3613e22,トランジスター,トランジスター,toranjisutaa,transistor,N1,n,1086180,,トランジスターの発明は新時代を画した。,The invention of the transistor marked a new era.
2923222f81,取りあえず,とりあえず,toriaezu,at once; first of all; for the time being,N1,adv,1598980,,とりあえずこれをやってしまおう。,Let's do this first of all.
c3c0a73472,取り扱い,とりあつかい,toriatsukai,treatment; service; handling; management,N1,n,1598990,,先生は彼女に正当な取り扱いをしなかった。,The teacher didn't do her justice.
abfc489fce,取り扱う,とりあつかう,toriatsukau,to treat; to handle; to deal in,N1,v5u; vt,1326540,,算数は数を取り扱う。,Arithmetic deals with numbers.
de86cdf652,鳥居,とりい,torii,torii (Shinto shrine archway),N1,n,1430280,,鳥居と言うと、階段を上がったところにあった赤いオブジェ？,By 'Torii' you mean that red objet d'art at the top of the steps?
edbf2bae34,取り替え,とりかえ,torikae,swap; exchange,N1,n,1599020,,この雨戸もそろそろ取り替え時ね。,It's about time to replace these shutters.
cfeca5e5ef,取り組む,とりくむ,torikumu,to tackle; to wrestle with; to engage in a bout; to come to grips with,N1,v5m; vi,1326820,,そろそろ本気で仕事に取り組むころだよ。,It is time you get down to work.
9ece123d2a,取り締まり,とりしまり,torishimari,control; management; supervision,N1,n,1599070,,警察は違法駐車の取り締まりを始めた。,The police began a crackdown on illegal parking.
78d8978095,取り締まる,とりしまる,torishimaru,to manage; to control; to supervise,N1,v5r; vt,1326860,,市は飲酒運転を非常に厳しく取り締まって、罰金を課している。,The city is cracking down on drunk drivers and giving them fines.
b921800266,取り調べる,とりしらべる,torishiraberu,to investigate; to examine,N1,v1; vt,1326840,,事件の原因を取り調べるために実情調査委員会が作られた。,A fact-finding committee was set up to determine the cause of the incident.
8302e4c473,取り立てる,とりたてる,toritateru,to collect; to extort; to appoint; to promote,N1,v1; vt,1326960,,王は人民から税を厳しく取り立てた。,The king exacted taxes from his people.
926d078a4a,取り次ぐ,とりつぐ,toritsugu,to act as an agent for; to announce (someone); to convey (a message),N1,v5g; vt,1326760,,,
6964beadb0,取り除く,とりのぞく,torinozoku,to remove; to take away; to set apart,N1,v5k; vt,1326780,,私は庭から雑草を取り除いた。,I rid the garden of the weeds.
84712a74c1,取り引き,とりひき,torihiki,transactions; dealings; business,N1,n; vs; vt,1599120,,ぜひ取引させていただきたいと思います。,We would love to work with you.
6b96945112,取り巻く,とりまく,torimaku,to surround; to circle; to enclose,N1,v5k; vt,1326610,,老年は死に取り巻かれている島である。,Old age is an island surrounded by death.
edbb308319,取り混ぜる,とりまぜる,torimazeru,to mix; to put together,N1,v1; vt,1326730,,,
2bd8a385f3,取り戻す,とりもどす,torimodosu,to take back; to regain,N1,v5s; vt,1326940,,私たちは、失った時間を取り戻さなくてはならない。,We must make up for lost time.
5ce219cc8b,取り寄せる,とりよせる,toriyoseru,to order; to send away for,N1,v1; vt,1326620,,お取り寄せいたしましょうか。,Would you like me to order it?
c239ea3b65,ドリル,ドリル,doriru,drill,N1,n,1089070,,これはドリルではない。,This isn't a drill.
00214393d1,とりわけ,とりわけ,toriwake,especially; above all,N1,adv,1599150,取り分け,とりわけ子供たちは愛情を必要とする。,"Above all, children need love."
4ec7fe1166,何々,どれどれ,doredore,which (emphatic),N1,,,,,
a6b3309e5a,とろける,とろける,torokeru,to be enchanted with,N1,v1; vi,1599170,蕩ける,,
4fa38f27ac,度忘れ,どわすれ,dowasure,lapse of memory; forget for a moment,N1,n; vs; vt; vi,1445240,,私は彼女の名前を度忘れした。,For a moment I forgot what her name was.
ff9d085860,鈍感,どんかん,donkan,thickheadedness; stolidity,N1,adj-na; n,1457600,,概してエリート達は批判に対して鈍感である。,"On the whole, the elite are not sensitive to criticism."
9a7c2e79ba,とんだ,とんだ,tonda,terrible; awful; serious; preposterous; absolutely not,N1,adj-pn,1008770,,彼は非常に想像力にとんだ作家です。,He is a very imaginative writer.
d67d98f36f,問屋,とんや,ton'ya,wholesale store,N1,n,1584790,,そうは問屋がおろさないぞ。,You won't get it so easily.
dcfe83aa60,内閣,ないかく,naikaku,cabinet; (government) ministry,N1,n,1457910,,内閣は辞職するそうだ。,They say the Cabinet will resign.
0f465008eb,乃至,ないし,naishi,from...to; between...and; or,N1,conj,1469810,,月に三ないし四回映画を見に行く。,I go to the movies three or four times a month.
d29d292f57,内臓,ないぞう,naizou,internal organs; intestines; viscera,N1,n,1458740,,胃は内臓の一つである。,The stomach is one of the internal organs.
7b11453390,ナイター,ナイター,naitaa,game under lights (e.g. baseball) (lit: nighter); night game,N1,n,1089740,,私はよくテレビでナイターを見る。,I often watch night games on TV.
14e970343a,内部,ないぶ,naibu,interior; inside; internal,N1,n; adj-no,1459030,,この図解は地球の深い内部を示している。,The illustration shows the deep interior.
e77eee8954,内乱,ないらん,nairan,civil war; insurrection; rebellion; domestic conflict,N1,n,1459460,,イングランドはかつて内乱で分裂したことがあった。,England was once torn by civil war.
ee686f4d3d,内陸,ないりく,nairiku,inland,N1,n; adj-no,1459500,,彼は中国の内陸を旅行しました。,He traveled through inland China.
c0f7ee5ea3,苗,なえ,nae,rice seedling,N1,n,1490470,,彼は種からトマトの苗を育てた。,He raised tomato plants from seed.
5311aefc83,尚更,なおさら,naosara,all the more; still less,N1,adv,1349320,,期待していたので、尚更がっかりした。,I was all the more disappointed because of my expectations.
2b6f94e367,流し,ながし,nagashi,sink,N1,n,1552100,,彼は流しのタクシーを止めた。,He hailed a cruising taxi.
a45d9c6b07,長々,ながなが,naganaga,long; drawn-out; very long,N1,adv-to; adv,1599440,,ジョンは長いすに長々と寝そべっていた。,John stretched out on the couch.
356de62d21,中程,なかほど,nakahodo,middle; midway,N1,n,1424990,,バスの中ほどへ詰めて下さい。,"Move into the bus, please!"
cfcf176af8,嘆く,なげく,nageku,to sigh; to lament; to grieve,N1,v5k; vt; vi,1418090,,「財布を無くした」ジョンは嘆いた。,"""I lost my wallet,"" lamented John."
df0769de6d,投げ出す,なげだす,nagedasu,to throw down; to abandon; to sacrifice; to throw out,N1,v5s; vt,1447040,,運転手は運転台からもんどり打って投げ出された。,The driver was thrown from his seat head over heels.
08c6648742,仲人,なこうど,nakoudo,go-between; matchmaker,N1,n,1425960,,あの夫婦は私たちの仲人です。,That couple is our go-between.
c4f8f62a17,和やか,なごやか,nagoyaka,mild; calm; gentle; quiet; harmonious,N1,adj-na,1561940,,オフィスにはなごやかな雰囲気がある。,There is a friendly atmosphere in the office.
f0daebddc3,名残,なごり,nagori,remains; traces; memory,N1,n,1531530,,大聖堂は西の扉にロマネスク様式の名残があり、半円状のアーチを見ることができる。,"There are traces of Romanesque style at the west gate of the cathedral, such as a semi-circular arch."
0d977668eb,情け,なさけ,nasake,sympathy; compassion,N1,n,1356220,,旅は道連れ世は情け。,No road is long with good company.
1208bff351,情け深い,なさけぶかい,nasakebukai,tender-hearted; compassionate,N1,adj-i,1599490,,あんなに愛情深いご両親がいらっしゃるなんてあなたは幸運です。,You are fortunate to have such loving parents.
4956c845dc,詰る,なじる,najiru,to rebuke; to scold; to tell off,N1,v5r; vt,1226560,,世の中をなじる者は世の中からなじられる。,He who rebukes the world is rebuked by the world.
a299ed22cd,名高い,なだかい,nadakai,famous; celebrated; well-known,N1,adj-i,1531490,,その教授はシェークスピアの研究で名高い。,The professor is noted for his study of Shakespeare.
cde25b33c0,雪崩,なだれ,nadare,avalanche,N1,n,1386690,,雪崩で道路がふさがった。,The road was blocked by an avalanche.
c714cc1e51,懐く,なつく,natsuku,to become emotionally attached,N1,v5k; vi,1200510,,この犬はこの猫よりも私たちになつく。,This dog is more attached to us than this cat.
5d2540f37c,名付ける,なづける,nazukeru,to name (someone),N1,v1; vt,1531790,,彼女は子猫をジャガーと名付けた。,"She called the kitten ""Jaguar""."
28c61d9d2a,何気ない,なにげない,nanigenai,casual; unconcerned,N1,adj-i,1599570,,彼女はその本に何気なく目をやった。,She took a casual glance at the book.
9570ac7fed,何卒,なにとぞ,nanitozo,please; kindly; by all means,N1,adv,1189140,,浅学非才の私ではありますが、何とぞ皆様のお力を賜りたく、ここにお願い申し上げる次第です。,"I may not have much to offer in the way of learning or ability, but I want to do whatever I can for us all and humbly ask for your favor."
db403717e5,何より,なにより,naniyori,most; best,N1,exp; adj-no; n,1188530,,一日中働いたあとは、一杯のビールが何よりだ。,There is nothing like a glass of beer after a whole day's work.
9cf8caaf7c,ナプキン,ナプキン,napukin,napkin,N1,n,1090630,,生理用ナプキンはどこにありますか。,Where are the sanitary napkins?
e12aa3df38,名札,なふだ,nafuda,name plate; name tag,N1,n,1531510,,彼は彼女の名札をちらりと見た。,He glanced at her name tag.
ba1748f1df,生臭い,なまぐさい,namagusai,smelling of fish or blood; fish or meat,N1,adj-i,1379110,,まな板が生臭いです。,The chopping board smells fishy.
64ae2006dd,生温い,なまぬるい,namanurui,lukewarm; halfhearted,N1,adj-i,1378810,,その水、生ぬるいよ。,The water is lukewarm.
432e75bc0b,生身,なまみ,namami,living flesh; flesh and blood; the quick,N1,n; adj-no,1379160,,,
6c7a3fe563,鉛,なまり,namari,lead (the metal),N1,n,1178500,,鉛と金とでは、どちらが重いんですか。,"Which is heavier, lead or gold?"
d39ee7b933,並み,なみ,nami,average; medium; common; ordinary,N1,adj-no; n,1599620,,これは並の能力ではない。,This isn't any ordinary ability.
26e6475d25,滑らか,なめらか,nameraka,smoothness; glassiness,N1,adj-na,1208560,,このテーブルの表面は滑らかだ。,This table has a smooth surface.
3917b83619,なめる,なめる,nameru,to lick; to taste; to experience; to make fun of; to make light of; to put down; to treat with contempt,N1,v1; vt,1571320,舐める; 嘗める,そのジャムをちょっとなめてみた。,I had a lick at the jam.
bad8c2fee2,悩ましい,なやましい,nayamashii,seductive; melancholy; languid,N1,adj-i,1469830,,彼女は悩ましい目つきで僕を見た。,She looked at me seductively.
e9cfb54883,悩ます,なやます,nayamasu,to afflict; to torment; to harass; to molest,N1,v5s; vt,1469840,,そんなささいなことで私を悩まさないでくれ。,Don't bother me with such trifles.
64d39b7bc3,悩み,なやみ,nayami,trouble(s); worry; distress; anguish; agony; problem,N1,n,1469850,,それはぜいたくな悩みだよ。,"Gee, I wish I had that problem."
c4be7bde99,慣らす,ならす,narasu,to accustom,N1,v5s; vt,1212650,,彼はピューマを慣らすのに大いに骨を折った。,He took great pains in taming a puma.
c35361ecb7,馴らす,ならす,narasu,to domesticate; to tame,N1,v5s; vt,1212650,,このライオンはよく飼い馴らされている。,This lion is very tame.
2ee52d40e1,並びに,ならびに,narabini,and,N1,conj,1508350,,,
3837730fa3,成り立つ,なりたつ,naritatsu,"to conclude; to consist of; to be practical (logical, feasible, viable); to hold true",N1,v5t; vi,1375600,,君の理論は成り立たないと思う。,I think your theory does not hold water.
c88fd01898,なるたけ,なるたけ,narutake,as much as possible; if possible,N1,adv,1375630,成る丈,,
8d6d7688de,慣れ,なれ,nare,practice; experience,N1,n,1212660,,兵士たちは危険な事に慣れている。,Soldiers are used to danger.
6bd687836f,馴れ馴れしい,なれなれしい,narenareshii,over-familiar,N1,adj-i,1459780,,彼は私の妻になれなれしすぎだ。,He is getting far too familiar with my wife.
67f7a8d49f,南,なん,nan,south,N1,n,2833068,,,
855ce6b835,難,なん,nan,difficulty; hardships; defect,N1,n; n-suf,1460830,,父にとって酒を止めるのは難しい。,It's hard for my father to give up drinking.
2cd8f09df7,なんか,なんか,nanka,things like ...; or something like that .. (often derogatory),N1,prt; adv,1009500,,この仕事は決してやさしくなんかないんだよ。,This work is anything but easy.
7432246708,ナンセンス,ナンセンス,nansensu,nonsense,N1,n; adj-na,1090840,,それは、いくぶんナンセンスな趣きの楽しさがあった。,It was a delightful bit of nonsense.
0e04473eff,何だか,なんだか,nandaka,a little; somewhat; somehow,N1,adv,1188350,,彼のねらいが何だかわかってきた。,I began to see what he was getting at.
9bd5945236,なんだかんだ,なんだかんだ,nandakanda,something or other,N1,adv,1188360,,彼は、なんだかんだ言って支払いを延期した。,He delayed payment on some pretext or other.
fcc6b37129,何て,なんて,nante,how...!; what...!,N1,adj-f; adv,1188370,,彼女は何ておしゃべりなんだろう。,How she talks!
73baff290d,何と,なんと,nanto,what; how; whatever,N1,adv,1188410,,英語でこの昆虫を何といいますか。,What do you call this insect in English?
ecb2bd27c4,何なり,なんなり,nannari,any; anything; whatever,N1,adv,1188460,,何なりと言って下さい。,Just tell me what you'd like me to do.
b68826cd51,荷,に,ni,load; baggage; cargo,N1,n,1195250,,船はその港で荷を下ろされた。,The ship was unloaded at the port.
0a44c1f364,似通う,にかよう,nikayou,to resemble closely,N1,v5u; vi,1314700,,あなたと私の悩みは似通っている。,Your problem and mine are similar.
0225c64108,にきび,にきび,nikibi,pimple; acne,N1,n,1533600,面皰,ニキビが治りません。,I can't get rid of my pimples.
b89194a740,賑わう,にぎわう,nigiwau,to prosper; to flourish; to do thriving business; to be crowded with people,N1,v5u; vi,1463500,,この町は以前ほどにぎわっていない。,This city is not so busy as it used to be.
2e8753951c,悪い,にくい,nikui,hateful; abominable; poor-looking,N1,adj-i,1403390,,一度悪い評判が立ったらどうにもならぬ。,Give a dog a bad name and hang him.
a7c3dfe336,憎しみ,にくしみ,nikushimi,hatred,N1,n,1403400,,恋は盲目。憎しみもまたしかり。,Love is blind. Hatred is also blind.
5a16d4bb86,肉親,にくしん,nikushin,blood relationship; blood relative,N1,n,1463640,,彼女は肉親の一人を失った。,She lost one of her flesh and blood.
2499a79801,肉体,にくたい,nikutai,the body; the flesh,N1,n,1463650,,肉体は滅んでいく。,The flesh is mortal.
81115b78b4,逃げ出す,にげだす,nigedasu,to run away; to escape from,N1,v5s; vi,1450390,,その男は町から逃げ出した。,The man got away from the city.
0de9f6ef1f,西日,にしび,nishibi,westering sun,N1,n,1381010,,僕の部屋は西日をまともにうける。,The afternoon sun comes directly into my room.
fdb80c541c,滲む,にじむ,nijimu,to run; to blur; to spread; to blot; to ooze,N1,v5m; vi,1568800,,ドレスを洗ったら色がにじんだ。,The color ran when the dress was washed.
6465bd7862,贋物,にせもの,nisemono,imitation; counterfeit; forgery; sham,N1,n,1577800,,この本物の宝石とその偽物とを比較してみなさい。,Compare this genuine jewel with that imitation.
b91e19a03b,日夜,にちや,nichiya,day and night; always,N1,adv; n,1464870,,看護婦たちは、日夜患者の世話をしている。,The nurses attend to the patient day and night.
f3e15d0ae8,荷造り,にづくり,nizukuri,packing; baling; crating,N1,n; vs; vi,1195270,,荷作りはもう終わりましたか。,Have you finished packing yet?
70608dfcae,日当,にっとう,nittou,daily allowance,N1,n,1464310,,この部屋は日当たりがいいですよ。,This room gets a lot of sunshine.
c88c8e2462,担う,になう,ninau,to carry on shoulder; to bear (burden); to shoulder (gun),N1,v5u; vt,1599900,,この梱包材が断熱機能を担っている。,This packaging material provides heat insulation.
a5fb8ab81f,鈍る,にぶる,niburu,to become less capable; to grow dull; to become blunt; to weaken,N1,v5r; vi,1582440,,テレビは創造力を鈍らせる力がある。,Television can dull our creative power.
b481bbc58e,にも拘らず,にもかかわらず,nimokakawarazu,in spite of; nevertheless,N1,exp,1612900,,それにも関わらず彼は試験に合格することができた。,And yet he could pass the exam.
35e0c31550,ニュアンス,ニュアンス,nyuansu,nuance,N1,n,1092110,,その言葉には微妙なニュアンスがある。,This word has a subtle nuance to it.
c2bed1715c,ニュー,ニュー,nyuu,new,N1,adj-f,1091340,,スティービー・ワンダーのニューアルバムはありますか。,Do you have Stevie Wonder's new album?
cd6328c488,入手,にゅうしゅ,nyuushu,obtaining; coming to hand,N1,n; vs; vt,1466290,,これらの品目は入手がかなり困難だ。,These items are rather hard to obtain.
340d51444a,入賞,にゅうしょう,nyuushou,winning a prize or place (in a contest),N1,n; vs; vi,1466330,,その少女はリサイタルでのすばらしい踊りで、入賞した。,The girl took the cake for her wonderful dancing at the recital.
7e1cd0971f,入浴,にゅうよく,nyuuyoku,bathe; bathing,N1,n; vs; vi,1466820,,私は１日おきに入浴する。,I take a bath every other day.
921b6cc773,尿,にょう,nyou,urine,N1,n,1467040,,いつもより尿の回数が多いです。,I urinate more often than usual.
013e8ffafb,認識,にんしき,ninshiki,recognition; cognizance,N1,n; vs; vt,1467550,,美の認識は倫理の検査となり得る。,The perception of beauty is a moral test.
483fe21dee,人情,にんじょう,ninjou,humanity; empathy; kindness; sympathy; human nature; common sense; customs and manners,N1,n,1368180,,隣近所に対して見栄を張るのは人情ですよ。,It's only natural to keep up with the Joneses.
f91583d66a,妊娠,にんしん,ninshin,conception; pregnancy,N1,n; vs; vi,1467350,,妊娠検査を受けたいのです。,I'd like to get a pregnancy test.
5419458333,任務,にんむ,ninmu,duty; function; office; mission; task,N1,n,1467260,,大使はその任務に対して責任がある。,The ambassador is responsible for the assignment.
513b728441,任命,にんめい,ninmei,appointment; nomination; ordination; commission; designation,N1,n; vs; vt,1467280,,私たちはウッド氏を議長に任命した。,We appointed Mr Wood chairman.
d82897d470,抜かす,ぬかす,nukasu,to omit; to leave out,N1,v5s; vt,1478120,,どうして試験で最初の問題を抜かしたの？,Why did you leave out the first question in the exam?
1190b0f9c4,抜け出す,ぬけだす,nukedasu,to slip out; to sneak away; to excel,N1,v5s; vi,1478220,,あ、みんなには内緒だよ？寮を夜中に抜け出すのは厳罰だからね？,"Oh, that's a secret, OK? Because slipping out of the dorm in the night is severely punished."
44894d8fd0,盗み,ぬすみ,nusumi,stealing,N1,n,1448400,,その少年は盗みをしかねない。,The boy is capable of robbery.
54bb39a184,沼,ぬま,numa,swamp; bog; pond; lake,N1,n,1350010,,その沼にはサギがたくさん住んでいる。,Lots of herons live in the marsh.
88e26cec55,音,ね,ne,sound; note,N1,n,2859162,,音は静まり次第に消えて行った。,The music gradually died away.
376a26250c,音色,ねいろ,neiro,tone color; tone quality; timbre; synthesizer patch,N1,n,1576910,,このギターは音色があっている。,The guitar is in tune.
82499bdec6,値打ち,ねうち,neuchi,value; worth; price; dignity,N1,n,1420340,,この車は修理するだけの値打ちはない。,It isn't worth repairing this car.
17b1b51e96,ネガ,ネガ,nega,(photographic) negative,N1,n,1092770,,,
4c90b6d71c,寝かせる,ねかせる,nekaseru,to put to bed; to lay down; to ferment,N1,v1; vt,1359970,,彼女は子供をそっと寝かせた。,She laid the child down gently.
d512e45d85,ねじ回し,ねじまわし,nejimawashi,screwdriver,N1,n,1009890,,そのねじまわしを私は、友人から借りた。,I borrowed the screwdriver from a friend of mine.
a8b71cab9b,捻じれる,ねじれる,nejireru,to twist; to wrench; to screw,N1,v1; vi,1600150,,ほのかな光が俺のねじれた視界を幻影に変えてゆく。,Light shines on my sigh of doubt.
1ac6d9ceaf,鼠,ねず,nezu,mouse; rat; dark gray; slate color,N1,n,2863070,,鼠は沈みかかった船を見捨てる。,Rats desert a sinking ship.
ab01ab7345,妬む,ねたむ,netamu,to be jealous; to be envious,N1,v5m; vt,1444380,,彼は君の成功をねたんでいる。,He begrudges you your success.
9b6551f601,強請る,ねだる,nedaru,to tease; to coax; to solicit; to demand,N1,v5r; vt,1236410,,彼は父にねだってとうとう新車を買ってもらった。,He finally talked his father into buying a new car.
0424f1858b,熱意,ねつい,netsui,zeal; enthusiasm,N1,n,1467760,,彼女は自分の仕事にぜんぜん熱意を示さない。,She shows no zeal for her work.
9dd688ef2b,熱湯,ねっとう,nettou,boiling water,N1,n,1467960,,ポットに熱湯をいっぱい入れてください。,Please fill the teapot with boiling water.
64e8f7eda0,熱量,ねつりょう,netsuryou,temperature,N1,n,1468010,,,
13c19c8395,粘り,ねばり,nebari,stickyness; viscosity,N1,n,1469670,,次には、これらのやの上に絹の糸をさらに張り、巣の中央に滑らかで、粘りのない部分を残す。,"Then it draws more silky lines across these spokes, leaving a smooth, non-sticky patch in the middle of the web."
946e4b8b9b,粘る,ねばる,nebaru,to be sticky; to be adhesive; to persevere; to persist; to stick to,N1,v5r; vi,1469700,,トムはマラソン大会で最後まで粘るも、ライバルに敗れた。,"Even though Tom stuck it out to the end of the marathon, he lost to his rival."
9f42d19e42,値引き,ねびき,nebiki,price reduction; discount,N1,n; vs; vt,1600190,,価格を値引きする店もあります。,Some stores discount the price.
48a804961e,根回し,ねまわし,nemawashi,making necessary arrangements,N1,n; vs; vi,1290090,,大統領は辞任する前にお金に困らないように根回しした。,The president made certain that he lined his pockets before he resigned.
f373251362,眠たい,ねむたい,nemutai,sleepy,N1,adj-i,1529360,,その薬を飲むと私はとても眠たくなりました。,The medicine made me very sleepy.
3e7fc9179d,練る,ねる,neru,to knead; to work over; to polish up,N1,v5r; vt,1559140,,私の心と思いとを練り清めてください。,Try out my reins and my heart.
418d241aaa,念,ねん,nen,sense; idea; thought; feeling; desire; concern; attention; care,N1,n,1469320,,その光景を見て私は驚異の念にうたれた。,The sight struck me with wonder.
ce58be090e,年鑑,ねんかん,nenkan,yearbook,N1,n,1468370,,この年鑑には美しい写真がたくさん載っている。,This yearbook is illustrated with a lot of beautiful photographs.
f8ba57f00f,年号,ねんごう,nengou,name of an era; year number,N1,n,1468650,,1989年1月昭和天皇の没後、年号が「平成」と改まりました。,"The emperor passed away in January of 1989. Therefore, the name of the era changed from Showa to Heisei."
b4a78b922a,燃焼,ねんしょう,nenshou,burning; combustion,N1,n; vs; vi,1469640,,この種の汚染物質は主として自動車エンジンの燃焼から生まれる。,Pollutants like this derive mainly from the combustion of fuel in car engines.
a81a657a28,年生,ねんせい,nensei,pupil in .... year; student in .... year,N1,suf,1468900,,彼は２年生のとき学校を中退した。,He dropped out of school in his second year.
6a7773d61c,年長,ねんちょう,nenchou,seniority,N1,adj-no; adj-na; n,1469030,,年長の息子たちは今は父親からまったく独立している。,The elder sons are now quite independent of their father.
fd6003e8b5,燃料,ねんりょう,nenryou,fuel,N1,n,1469660,,この暖房装置は石油を燃料とする。,This heating system burns oil.
2bc12ccbaf,年輪,ねんりん,nenrin,annual tree ring,N1,n,1469260,,,
34eeb4ae79,ノイローゼ,ノイローゼ,noirooze,(de:) (n) neurosis (de: Neurose),N1,n,1093780,,本物のノイローゼの奴がノイローゼだなんて自称するのかね？,Do you think real neurotics really go and call themselves such?
4ac13343dc,脳,のう,nou,brain; memory,N1,n,1470380,,その男は自分の脳を撃ち抜いた。,The man blew out his own brains.
c67f56091c,農耕,のうこう,noukou,farming; agriculture,N1,n,1470680,,,
bdbf18b1d1,農場,のうじょう,noujou,farm (agriculture),N1,n,1470720,,大勢の人々がこの農場で働いている。,A lot of people work on farms.
9c37735220,農地,のうち,nouchi,agricultural land,N1,n,1470740,,河川の盆地には普通肥沃な農地がある。,The basin of a river usually has rich farmland.
6d57e2cc71,納入,のうにゅう,nounyuu,payment; supply,N1,n; vs; vt,1470090,,,
eecad7aa7d,逃す,のがす,nogasu,to let loose; to set free; to let escape,N1,v5s; vt,1450430,,この好機を逃すな。,Don't let this chance slip by.
a982de9434,逃れる,のがれる,nogareru,to escape,N1,v1; vi,1450440,,責任から逃れようことはできない。,You can't back out of your responsibilities.
7c05439ccd,軒並み,のきなみ,nokinami,row of houses,N1,n,1260380,,,
2278a3e4a3,望ましい,のぞましい,nozomashii,desirable; hoped for,N1,adj-i,1519610,,その会合には出席されることが望ましい。,It is desirable that you should attend the meeting.
6772563bb9,臨む,のぞむ,nozomu,to look out on; to face; to deal with; to attend (function),N1,v5m; vi,1555560,,彼はレースにのぞんで精神統一した。,He psyched himself up for the race.
f4567b25f5,乗っ取る,のっとる,nottoru,to capture; to occupy; to usurp,N1,v5r; vt,1354700,,,
7b38fa3613,長閑,のどか,nodoka,tranquil; calm; quiet,N1,adj-na,1429840,,こんなのどかな眺めは見たことがない。,Never have I seen such a peaceful scene.
6cbe3e8ae9,罵る,ののしる,nonoshiru,to speak ill of; to abuse,N1,v5r; vt,1471520,,彼女はさんざん私の事をののしった。,She called me many terrible things.
ee708f5bbd,延べ,のべ,nobe,futures; credit (buying); stretching; total,N1,n,1176380,,わが戦闘機の延べ出撃機数は平均１日４３０機であった。,Our fighters averaged 430 missions a day.
10a1ffe4df,飲み込む,のみこむ,nomikomu,to gulp down; to swallow deeply; to understand; to take in; to catch on to; to learn; to digest,N1,v5m; vt,1600400,,洪水がその村を飲み込んでしまった。,The flood overwhelmed the village.
115e6f8702,乗り込む,のりこむ,norikomu,to board; to embark on; to get into (a car); to ship (passengers); to man (a ship),N1,v5m; vi,1354910,,ロンドン行きの列車に乗り込んだ。,I got on the train for London.
661d1ef651,刃,は,ha,edge (of a sword),N1,n,1369820,,私のナイフの刃は、とても鋭い。,My knife has such a fine edge.
7abab0200b,派,は,ha,clique; faction; school,N1,n; n-suf,1471120,,その彫刻家はルネサンス派に属する。,The sculptor belongs to the Renaissance school.
19f66d37d7,バー,バー,baa,bar,N1,n,1096970,,二人の男はバーで飲んでいた。,The two men were drinking in a bar.
128e858d57,把握,はあく,haaku,grasp; catch; understanding,N1,n; vs; vt,1470910,,そのスピーチの要点は把握できた。,I was able to grasp the main points of the speech.
7afb21c39b,肺,はい,hai,lung,N1,n,1472870,,喫煙が彼の肺を冒した。,Smoking has affected his lungs.
0eb30dd86f,廃棄,はいき,haiki,annullment; disposal; abandon; scrap; discarding; repeal,N1,n; vs; vt,1472030,,政府はこれらの法規を廃棄すべきである。,The government should do away with these regulations.
d59e92f5eb,配給,はいきゅう,haikyuu,"distribution (eg. films, rice)",N1,n; vs; vt,1473030,,戦時中政府は肉を配給にした。,The government rationed meat during the war.
4fe5047b84,黴菌,ばいきん,baikin,bacteria; germ(s),N1,n,1575400,,ばい菌扱いするなよ。,Don't treat me like I am a disease.
23a4264046,配偶者,はいぐうしゃ,haiguusha,spouse; wife; husband,N1,n,1473060,,彼女は彼が貧しいときも彼を支えるすばらしい配偶者だった。,She was an excellent spouse who stood by him through poverty.
cb2008f46b,拝啓,はいけい,haikei,Dear (so and so),N1,n,1472260,,,
29b10e360f,背景,はいけい,haikei,background; scenery; setting; circumstance,N1,n,1472720,,彼は経済的背景がしっかりしている。,His economical backing is secure.
25abc3f3fb,背後,はいご,haigo,back; rear,N1,n; adj-no,1472730,,「びっくりさせないでよ」と彼女は彼が背後に近づいた時言った。,"""Don't scare me!"" she screamed as he came up behind her."
58b8070ec3,廃止,はいし,haishi,abolition; repeal,N1,n; vs; vt,1472100,,アメリカは奴隷制を廃止した。,America did away with slavery.
35c99c026b,拝借,はいしゃく,haishaku,borrowing,N1,n; vs; vt,1472280,,ちょっとお知恵を拝借願えませんか？,Could you give me some advice?
13d06bf02b,排除,はいじょ,haijo,exclusion; removal; rejection,N1,n; vs; vt,1472370,,暴力は排除しなければならない。,We must do away with violence.
de208b6d57,賠償,ばいしょう,baishou,reparations; indemnity; compensation,N1,n; vs; vt,1474110,,彼は怪我の賠償として多額の金を受け取った。,He received a large sum of money in compensation for his injury.
121f05e948,排水,はいすい,haisui,drainage,N1,n; vs; vt; vi,1472380,,学校はプールの水を月一回排水する。,The school drains the pool once a month.
cfdafe64c4,敗戦,はいせん,haisen,defeat; losing a war,N1,n; vs; vi,1472560,,敗戦のうわさが広まった。,Rumors of defeat were abroad.
e52ae45f67,配置,はいち,haichi,arrangement (of resources); disposition,N1,n; vs; vt,1473150,,軍隊は戦闘の配置で整列していた。,The troops were in battle array.
9a048b8df1,配布,はいふ,haifu,distribution,N1,n; vs; vt; adj-no,1473190,,先生はチラシを配布した。,The teacher distributed the leaflets.
ec7bd683ba,配分,はいぶん,haibun,distribution; allotment,N1,n; vs; vt; adj-no,1473200,,医療品は被災者たちに配分された。,The medical supplies were allocated to the victims of the disaster.
c6304d0283,倍率,ばいりつ,bairitsu,diameter; magnification,N1,n,1473340,,有名大学は倍率が高いから受験者も必死です。,"The acceptance rates for famous universities are low, so examinees must try their hardest to get in."
672ae372a7,配慮,はいりょ,hairyo,consideration; concern; forethought,N1,n; vs; vt; vi,1473210,,看護婦は患者の快適さに配慮しなくてはいけない。,The nurses must see to the comfort of their patients.
1819ab5ac3,配列,はいれつ,hairetsu,arrangement; array (programming),N1,n; n-suf,1473220,,,
a15b42b14f,映える,はえる,haeru,to shine; to look attractive; to look pretty,N1,v1; vi,1600620,,夕空に映えて塔が美しく見える。,The tower looks beautiful against the evening sky.
373d4785f7,破壊,はかい,hakai,destruction,N1,n; vs; vt; vi,1471250,,その台風は多くの家を破壊した。,The typhoon destroyed many houses.
0d807d23a0,捗る,はかどる,hakadoru,to make progress; to move right ahead (with the work); to advance,N1,v5r; vi,1430570,,仕事は非常にはかどっている。,The work is marching right along.
59c95b5d68,はかない,はかない,hakanai,fleeting; transient; short-lived; momentary; vain; fickle; miserable; empty; ephemeral,N1,adj-i,1600630,儚い,人生は儚いよ、と人は言う。,People say that life is short.
58a5941703,馬鹿馬鹿しい,ばかばかしい,bakabakashii,stupid,N1,adj-i,1471740,,ばかばかしいとしか言いようがない。,It is neither more nor less than absurd.
396285155e,諮る,はかる,hakaru,to consult with; to confer,N1,v5r; vt,1312650,,意志疎通のはかり方は、文化によって決まるからである。,The methods of communication are determined by their cultures.
a8376ded3d,図る,はかる,hakaru,to plot; to attempt; to plan; to take in; to deceive; to devise; to design; to refer A to B,N1,v5r; vt,1600660,,その会社は市場を拡大するために最近の製品の多角化を図った。,The firm has recently diversified its products so as to extend its market.
fd8bebdc50,破棄,はき,haki,revocation; annulment; breaking (e.g. treaty),N1,n; vs; vt,1471300,,彼らは婚約を破棄した。,They called off their engagement.
ccd39dd447,泊,はく,haku,counter for nights of a stay,N1,ctr,1919550,,１月３日から３泊、お願いします。,"For three nights starting January 3rd, please."
3f2e377124,剥ぐ,はぐ,hagu,to tear off; to peel off; to rip off; to strip off; to skin; to flay; to disrobe; to deprive of,N1,v5g; vt,1582990,,少年は木の皮を剥いだ。,The boy stripped a tree of the bark.
d5abf5baa9,迫害,はくがい,hakugai,persecution,N1,n; vs; vt,1475730,,ローマ人はキリスト教徒を迫害した。,The Romans persecuted Christians.
8996248374,薄弱,はくじゃく,hakujaku,feebleness; weakness; weak,N1,n; adj-na,1475590,,,
10bd68b7e8,白状,はくじょう,hakujou,confession,N1,n; vs; vt,1475230,,彼は過ちをあからさまに白状した。,He openly confessed his faults.
988a31e98d,漠然,ばくぜん,bakuzen,obscure; vague; equivocal,N1,adj-t; adv-to,1475790,,,
5f88d07bc6,爆弾,ばくだん,bakudan,bomb,N1,n,1475870,,この爆弾はたくさんの人を殺すことができる。,This bomb can kill many people.
79dbad028d,爆破,ばくは,bakuha,blast; explosion; blow up,N1,n; vs; vt,1475900,,作業員が岩を爆破しているのを見た。,We saw laborers blasting rocks.
bb5ca4e9bd,暴露,ばくろ,bakuro,disclosure; exposure; revelation,N1,n; vs; vt; vi,1601280,,ついに正体を暴露したな。,Now you've given yourself away.
7ea060b767,励ます,はげます,hagemasu,to encourage; to cheer; to raise (the voice),N1,v5s; vt,1557350,,その調子で勉強を続けなさいと先生が励ましてくれた。,My teacher encouraged me in my studies.
2ea4ecdaab,励む,はげむ,hagemu,to be zealous; to brace oneself; to endeavour; to strive; to make an effort,N1,v5m; vi,1557390,,今まで以上にいっそう勉強に励みなさい。,You should study even more than before.
1b0c715111,剥げる,はげる,hageru,to come off; to be worn off; to fade; to discolor,N1,v1; vi,1474390,,壁からペンキが剥げ始めていた。,The paint was coming off the wall.
c59d6e396d,化ける,ばける,bakeru,to appear in disguise; to take the form of; to change for the worse,N1,v1; vi,1186710,,猫は化けると言われる。,It is said that cats can change shape.
8cd57dd5b8,派遣,はけん,haken,dispatch; send,N1,n; vs; vt,1471130,,彼は特派員として海外に派遣された。,He was sent abroad as a correspondent.
9eb0cbae51,恥,はじ,haji,shame; embarrassment,N1,n,1421590,,このようなスラム街は市の恥だ。,These slums are a disgrace to the city.
08fac022a1,弾く,はじく,hajiku,to flip; to snap,N1,v5k; vt,1419360,,彼は私の顔を指先でぽんとはじいた。,He flicked me in the face.
47d9978eab,始め,はじめ,hajime,beginning; start; origin,N1,n; adv,1342540,,会うは別れの始め。,To meet is to part.
58733f2d10,パジャマ,パジャマ,pajama,pajamas; pyjamas,N1,n; adj-no,1101430,,このパジャマはよく汗を吸収します。,These pajamas absorb sweat well.
fd0167bb1a,柱,はしら,hashira,pillar; post,N1,n,1426480,,この橋は１０本の柱で支えられている。,The bridge is supported by 10 posts.
29adcf634d,恥じらう,はじらう,hajirau,to feel shy; to be bashful; to blush,N1,v5u; vi,1421600,,花も恥じらう乙女たちに囲まれ、トムは緊張を隠せなかった。,Tom couldn't hide his nervousness at being surrounded by a group of excessively lovely maidens.
9b14b42627,恥じる,はじる,hajiru,to feel ashamed,N1,v1; vt,1421610,,私はそうしたのを恥じている。,I am ashamed of having done so.
e6a2f28faa,橋渡し,はしわたし,hashiwatashi,bridge building; mediation,N1,n; vs; vi,1237440,,,
27f69b4df3,蓮,はす,hasu,lotus,N1,n,1559200,,蓮の花はなんとも言えない芳香をはなっていた。,The lotus blossoms diffused an inexpressibly pleasant scent.
aec7b25baf,弾む,はずむ,hazumu,to spring; to bound; to bounce; to be stimulated; to be encouraged; to get lively; to treat oneself to,N1,v5m; vi,1419400,,彼の胸は期待に弾んだ。,His heart bounded with expectation.
39752dcb45,破損,はそん,hason,damage,N1,n; vs; vt; vi,1471380,,屋根が破損した家は今では修理が完了している。,The house with the damaged roof has been repaired.
31ce220a2e,機,はた,hata,loom,N1,n,1220760,,私の祖母ははたを織るのが好きだ。,My grandmother likes to weave things.
a4108bfef5,裸足,はだし,hadashi,barefoot,N1,n; adj-no,1547660,,彼はびっくりして裸足で外に飛び出した。,He was so startled that he ran outside barefoot.
2177b63eb2,果たす,はたす,hatasu,to accomplish; to fulfill; to carry out; to achieve,N1,v5s; vt,1192850,,君はその義務を果たすべきである。,You must perform your duty.
5fa4cbe539,罰,ばち,bachi,(divine) punishment; curse; retribution,N1,n,1478050,,,
5c73b68e41,蜂蜜,はちみつ,hachimitsu,honey,N1,n,1517860,,彼は砂糖の代わりにハチミツを使う。,He uses honey instead of sugar.
548a31eef6,パチンコ,パチンコ,pachinko,pachinko (Japanese pinball),N1,n,1101660,,次郎はパチンコでガッポリもうけて上機嫌だった。,Jiro was all smiles after he made a bundle at the pachinko parlor.
8517e2459f,初,はつ,hatsu,first; new,N1,adj-no; n; n-pref; n-suf,1342530,,彼らはエベレストに初登頂した。,They made first ascent of Mount Everest.
9298e216ea,発,はつ,hatsu,departure; beginning; counter for gunshots,N1,ctr,1477120,,彼は３発撃った。,He fired three shots.
e685744c25,発育,はついく,hatsuiku,(physical) growth; development,N1,n; vs; vi,1477140,,赤ん坊は正常な発育を示した。,The baby showed a normal development.
7444ba3ed5,発芽,はつが,hatsuga,burgeoning,N1,n; vs; vi,1477190,,,
ef477d1ab9,発掘,はっくつ,hakkutsu,excavation; exhumation,N1,n; vs; vt,1477290,,新しい遺跡で未発掘はいくつだったのですか。,How many new sites were uncovered?
65fb50ee7c,発言,はつげん,hatsugen,utterance; speech; proposal,N1,n; vs; vt; vi,1477350,,ジムはよけいな発言をした。,Jim made a superfluous remark.
bbc31b510f,バッジ,バッジ,bajji,badge,N1,n,1099110,,男子生徒のめいめいが帽子に学校のバッジをつけています。,Each boy student has a school badge on his cap.
f50d895a2a,発生,はっせい,hassei,outbreak; spring forth; occurrence; incidence; origin,N1,n; vs; vi,1477620,,一酸化炭素とは炭素化合物の不完全燃焼で発生する有害物質です。,Carbon monoxide is a poisonous substance formed by the incomplete combustion of carbon compounds.
3089867b81,バット,バット,batto,bat; vat,N1,n,1099230,,,
52a27aec4f,発病,はつびょう,hatsubyou,attack (disease),N1,n; vs; vi,1477870,,,
45f5de7d2d,初耳,はつみみ,hatsumimi,something heard for the first time,N1,n,1342770,,初耳ですね。,This is the first time I heard about it.
750951d516,果て,はて,hate,the end; the extremity; the limit(s); the result,N1,n,1192860,,この汽車は世界の果て行きの終列車です。,This train is the last train to the world's end.
3573716a63,果てる,はてる,hateru,to end; to be finished; to be exhausted; to die; to perish,N1,v1; vi,1192910,,私達は疲れ果てるまで何時間も、その音楽に合わせて踊った。,We danced to the music for hours until we were all exhausted.
b493e331ab,ばてる,ばてる,bateru,to be exhausted; to be worn out,N1,v1; vi,1010300,,彼はすっかりばてていたが、働き続けなければならなかった。,"Although he was exhausted, he had to keep working."
3122744f68,パトカー,パトカー,patokaa,patrol car,N1,n,1101950,,パトカーを見て彼は逃げた。,He ran away at the sight of a police patrol.
6e3cda5641,甚だ,はなはだ,hanahada,very; greatly; exceedingly,N1,adv,1370000,,彼はやたらに故事来歴に詳しいけれど、それが人生の役に立っているのかはなはだ疑問だね。,He has a great storehouse of knowledge about historical details but I seriously doubt that's of any use in life.
8616dbfe4e,華々しい,はなばなしい,hanabanashii,brilliant; magnificent; spectacular,N1,adj-i,1600960,,,
047bfb10cf,花びら,はなびら,hanabira,(flower) petal,N1,n,1194520,,このバラの花びらはとても柔らかい。,The petals of this rose are very tender.
e6917c64a6,華やか,はなやか,hanayaka,gay; showy; brilliant; gorgeous; florid,N1,adj-na,1600990,,ショービジネスというのは本当に華やかだ。,Show business is really glamorous.
360aad068d,阻む,はばむ,habamu,to keep someone from doing; to stop; to prevent; to check; to hinder; to obstruct; to oppose; to thwart,N1,v5m; vt,1397800,,彼らは大きな川に前進を阻まれた。,Their progress was stopped by a wide river.
d02723096e,浜,はま,hama,beach; seashore,N1,n,1490710,,私たちは浜へ泳ぎに行った。,We went swimming at the beach.
7f5bba0531,浜辺,はまべ,hamabe,beach; foreshore,N1,n,1490720,,ボートが浜辺に引き上げられている。,The boats are abandoned on shore.
5f261717b0,はまる,はまる,hamaru,to get into; to go into; to fit; to be fit for; to suit; to fall into; to plunge into; to be deceived,N1,v5r; vi,1601030,嵌まる; 填まる,彼女は編み物にはまっている。,She is absorbed in knitting.
6fc9543bfe,生やす,はやす,hayasu,to grow; to cultivate; to wear beard,N1,v5s; vt,1378760,,彼は休暇中にあごひげを生やした。,He grew a beard while he was on holiday.
270dc2bedf,早める,はやめる,hayameru,to hasten; to quicken; to expedite; to precipitate; to accelerate,N1,v1; vt,1601080,,その薬が成長の過程を早めた。,The medicine hastened the process of growth.
505203967e,腹立ち,はらだち,haradachi,anger,N1,n,1501290,,彼は腹立ちまぎれにテーブルをたたいた。,He pounded the table in a fit of anger.
66748989bb,原っぱ,はらっぱ,harappa,open field; empty lot; plain,N1,n,1261150,,,
af13ed2a6d,ばらまく,ばらまく,baramaku,to disseminate; to scatter; to give money freely,N1,v5k; vt,1601320,ばら撒く; 散蒔く,ベンは悪意から私の噂をばらまいた。,Ben spread a rumor about me out of malice.
8d0c7227fb,張り紙,はりがみ,harigami,paper patch; paper backing; poster,N1,n,1427820,,張り紙お断り。,Post No Bills.
398c83bac1,遥か,はるか,haruka,far; far-away; distant; remote; far off,N1,adj-na; adv,1546930,,私の故郷は海のはるか向こうにある。,My home lies far across the sea.
4da424bbd5,破裂,はれつ,haretsu,explosion; rupture; break off,N1,n; vs; vi,1471470,,水道管が凍って破裂したんです。,The water pipes froze and then burst.
e3a908e6d8,腫れる,はれる,hareru,to swell (from inflammation); to become swollen,N1,v1; vi,1328910,,腫れるかもしれませんが気にしないでください。,"You may have swelling, but don't worry about it."
6c1de07dfd,判,はん,han,seal; stamp; monogram signature; judgment,N1,n,1478440,,この駐車券に判を押して下さい。,Can you validate this parking ticket?
6b5f079fa9,版,はん,han,edition,N1,n; n-suf,1481480,,この辞書は簡約版だ。,This dictionary is an abridged edition.
dcd00f82ed,班,はん,han,group; party; section (mil),N1,n; n-suf,1481640,,サマーキャンプでは、彼女が私の班の責任者になった。,"At the summer camp, she was in charge of the group I belonged to."
8aea8207d5,繁栄,はんえい,han'ei,prospering; prosperity; thriving; flourishing,N1,n; vs; vi,1481670,,繁栄は勤勉にかかっている。,Prosperity depends on hard work.
31652ca46f,版画,はんが,hanga,art print,N1,n,1481510,,,
02e6ac02bf,ハンガー,ハンガー,hangaa,hangar; (coat) hanger; hunger,N1,n,1096430,,,
ebea08a82f,反感,はんかん,hankan,antipathy; revolt; animosity,N1,n,1480260,,私は話し手に対して反感を持った。,I experienced a feeling of antipathy towards the speaker.
ebb9dafc92,反響,はんきょう,hankyou,echo; reverberation; repercussion; reaction; influence,N1,n,1480310,,その部屋に彼の声が反響した。,The room echoes with his voice.
24aad19c86,パンク,パンク,panku,(abbreviation) puncture; bursting; punk,N1,n; vs; vi,1103110,,,
e4a7d6466e,反撃,はんげき,hangeki,counterattack; counteroffensive; counterblow,N1,n; vs; vi,1480340,,そのクモは素早い反撃をする。,The spider responds with a swift attack.
f0e1839e03,判決,はんけつ,hanketsu,judicial decision; judgement; sentence; decree,N1,n; vs; vt,1478520,,彼に不利な判決がでた。,The judgement went against him.
c50f3eed79,反射,はんしゃ,hansha,reflection; reverberation,N1,n; vs; vt; vi,1480420,,目が部屋の明かりを反射したときに彼女の目は輝いた。,Her eyes shone as they reflected the light of the room.
d215cf494b,繁盛,はんじょう,hanjou,prosperity; flourishing; thriving,N1,n; vs; vi,1481710,,今あまり繁盛していません。,My business is slow right now.
9af4af395e,繁殖,はんしょく,hanshoku,breed; multiply; increase; propagation,N1,n; vs; vi,1481700,,８月下旬に彼らは繁殖のために長い旅に出発します。,"In late August, they set off on a long journey for breeding."
4445a67af3,万人,ばんじん,banjin,all people; everybody; 10000 people,N1,n,1584500,,死は万人に来るべきもの、すべて人は死すべきものなり。,"Death is certain to all, all shall die."
100b82539f,反する,はんする,hansuru,to be inconsistent with; to oppose; to contradict; to transgress; to rebel,N1,vs-s; vi,1480080,,お金を借りる事は私の主義に反する。,It is against my principles to borrow money.
bc77005dc0,判定,はんてい,hantei,judgement; decision; award; verdict,N1,n; vs; vt,1478660,,審判の判定は絶対だ。,The judge's decision is final.
8b03fa57c9,反応,はんのう,hannou,reaction; response,N1,n; vs; vi,1480210,,ツベルクリン反応は疑陽性でした。,The tuberculin reaction was pseudopositive.
c7ea9c58c5,万能,ばんのう,bannou,all-purpose; almighty; omnipotent,N1,adj-no; n,1584530,,人間は神ほど万能ではない。,Man is not as almighty as God.
b6ee1dd14e,半端,はんぱ,hanpa,remnant; fragment; incomplete set; fraction; odd sum; incompleteness,N1,n; adj-na,1479640,,半端な時間に自転車に乗るだけだ。,I only ride a bicycle at odd times.
85bfcd7326,反発,はんぱつ,hanpatsu,repelling; rebound; recover; oppose,N1,n; vs; vi,1480890,,若者達は本来、親の考えに対して反発するものだ。,It is quite natural for young people to rebel against their parents.
21d892acef,番目,ばんめ,banme,cardinal number suffix,N1,ctr,1482410,,３番目の星はある王様の物でした。,The third star belonged to a certain king.
9e54509094,反乱,はんらん,hanran,insurrection; mutiny; rebellion; revolt; uprising,N1,n; vs; vi,1481090,,軍隊は簡単に反乱を鎮圧した。,The troops easily put down the rebellion.
e1fb008280,氾濫,はんらん,hanran,overflowing; flood,N1,n; vs; vi,1481420,,川が氾濫して広い地域が水浸しになった。,The river flooded a large area.
962a85276b,費,ひ,hi,cost; expense,N1,n-suf,1484590,,製造費は予算の３６パーセントと見積もっている。,I estimate the production costs to be 36 percent of the budget.
02a57db00d,非,ひ,hi,faulty-; non-,N1,pref,1484710,,彼は自分の非を認めましたか。,Did he admit that he was wrong?
b25cbb229f,美,び,bi,beauty,N1,n; n-suf,1486350,,私は美を愛する人間である。,I am a lover of the beautiful.
6a84853cf2,延いては,ひいては,hiitewa,not only...but also; in addition to; consequently,N1,adv,1010470,,テストでは辞書をひいてはいけません。,Consulting a dictionary is not allowed during the exam.
2879a950d7,ビールス,ビールス,biirusu,virus,N1,n,2843940,,,
d4c885f1dc,控室,ひかえしつ,hikaeshitsu,waiting room,N1,n,1601430,,ここはお客様用の控え室です。,This is a waiting room for guests.
9b0e88db96,控える,ひかえる,hikaeru,to draw in; to hold back; to make notes; to be temperate in,N1,v1; vt,1279060,,彼女は入試を控えて神経質になっていた。,She was nervous before the entrance exam.
4f910a19d7,悲観,ひかん,hikan,pessimism; disappointment,N1,n; vs; vt; vi,1483240,,彼女は悲観する傾向がある。,She has a tendency to look on the dark side of things.
fd5a222e6e,匹,ひき,hiki,head; small animal counter; roll of cloth,N1,ctr,1583370,,私たちは１匹の犬と１匹の猫を飼っている。,We own a dog and a cat.
cf4cad10bf,引き上げる,ひきあげる,hikiageru,to withdraw; to leave; to pull out; to retire,N1,v1; vt,1601480,,彼は夕食後自室に引き上げた。,He retired to his own room after supper.
5250cd2fa9,率いる,ひきいる,hikiiru,to lead; to spearhead (a group); to command (troops),N1,v1; vt,1551210,,指揮官は軍を率いて敵地に入った。,The commanding officer led his army into enemy territory.
05503a9f2f,引き起こす,ひきおこす,hikiokosu,to cause,N1,v5s; vt,1168880,,彼の不注意な運転が事故を引き起こした。,His careless driving caused the accident.
bf60aacbc5,引き下げる,ひきさげる,hikisageru,to pull down; to lower; to reduce; to withdraw,N1,v1; vt,1601600,,米国連邦準備銀行は金利を引き下げました。,The Federal Reserve slashed interest rates.
295f2cbf59,引きずる,ひきずる,hikizuru,to seduce; to drag along; to pull; to prolong; to support,N1,v5r; vt,1169000,,彼は彼女の腕を取り、引きずっていった。,He seized her hand and dragged her away.
34e2aab83f,引き取る,ひきとる,hikitoru,to take charge of; to take over; to retire to a private place,N1,v5r; vt,1168960,,私は苦情を言ったが、店ではこのセーターを引き取るのを拒んだ。,"I complained, but they refused to take this sweater back."
e97e75f2c1,否決,ひけつ,hiketsu,rejection; negation; voting down,N1,n; vs; vt,1482980,,議案はたぶん否決されるだろう。,The chances are that the bill will be rejected.
790bed33e0,非行,ひこう,hikou,delinquency; misconduct,N1,n; adj-no,1484870,,学校をさぼるのは非行の第一段階である。,Cutting school is the first stage of delinquency.
130277718b,日頃,ひごろ,higoro,normally; habitually,N1,adv; n,1464070,,日頃のご愛顧にお礼申し上げます。,We really thank you for your patronage.
b430f3039d,久しい,ひさしい,hisashii,long; long-continued; old (story),N1,adj-i,1227340,,彼が学校を出てからずいぶん久しい。,It's such a long time since he left school.
eb729b5f01,悲惨,ひさん,hisan,misery,N1,adj-na; n,1483290,,戦争には悲惨と悲しみが伴う。,Misery and sorrow accompany war.
edfcab4b38,ビジネス,ビジネス,bijinesu,business,N1,n,1104780,,私のビジネスは再び回復しつつあります。,My business is picking up again.
1340293e34,比重,ひじゅう,hijuu,specific gravity,N1,n,1483640,,,
c0d21785c4,美術,びじゅつ,bijutsu,art; fine arts,N1,n,1486440,,トムは現代美術を見る目がある。,Tom has an eye for modern art.
c1eb4a6e5e,秘書,ひしょ,hisho,(private) secretary,N1,n; adj-no,1484060,,社長はブザーで秘書を呼んだ。,The boss buzzed his secretary.
ec976107e1,微笑,びしょう,bishou,smile,N1,n; vs; vi,1485990,,彼は私を見て皮肉な微笑を浮かべた。,He smiled a cynical smile at me.
3a891bf639,密か,ひそか,hisoka,secret; private; surreptitious,N1,adj-na,1612520,,彼は密かに遊びたいと思っている。,He has a secret desire to play.
3c973bbe09,浸す,ひたす,hitasu,to soak; to dip; to drench,N1,v5s; vt,1362560,,鳥は首をひょいと水に浸した。,The bird dipped its head into the water.
53b486764f,ひたすら,ひたすら,hitasura,earnestly,N1,adv; adj-na,1010530,一向,彼はひたすら成功を望んで懸命に働く。,He works hard because he is anxious to succeed.
8e175c1a31,左利き,ひだりきき,hidarikiki,left-handedness; sake drinker; left-hander,N1,n; adj-no,1601860,,ティムはまるで左利きのような書き方をする。,Tim writes as if he were left-handed.
b274381220,引っ掻く,ひっかく,hikkaku,to scratch,N1,v5k; vt,1169430,,虫に刺された跡を引っかかないようにした方がいいよ。,You should try not to scratch insect bites.
b820289c1d,引っ掛ける,ひっかける,hikkakeru,to hang (something) on (something); to throw on (clothes); to hook; to catch; to trap; to ensnare,N1,v1; vt,1169360,,彼女は上着を引っかけると外へ出た。,She threw on a coat and went outside.
096c8b698e,未,ひつじ,hitsuji,"eighth sign of Chinese zodiac (The Ram, 1pm-3pm, south-southwest, June)",N1,n,1527090,,,
d4cad7dfef,必修,ひっしゅう,hisshuu,required (subject),N1,n; adj-no,1487510,,体育の授業は全員が必修です。,The physical fitness courses are required for everyone.
fc6b31a5c2,びっしょり,びっしょり,bisshori,wet through; drenched,N1,adj-na; adv,1010760,,彼女の顔は汗でびっしょりだった。,Her face was drenched with sweat.
bc0cae48eb,必然,ひつぜん,hitsuzen,inevitable; necessary,N1,adj-no; adj-na,1487570,,偶然も３度重なれば必然になる。,"In addition, coincidences inevitably come in threes."
982542665c,匹敵,ひってき,hitteki,comparing with; match; rival; equal,N1,vs; vi,1487250,,あなたは知力で彼に匹敵している。,You are equal to him in intelligence.
f3c62d6d70,一息,ひといき,hitoiki,puffy; a breath; a pause; an effort,N1,n,1164390,,もう一息努力すれば成功するだろう。,"Make one more effort, and you will succeed."
77a848f1a4,単,ひとえ,hitoe,one layer; single,N1,n; adj-no,1601920,,美貌は皮一重。,Beauty is but skin deep.
0de8e592e2,人柄,ひとがら,hitogara,personality; character; personal appearance; gentility,N1,adj-na; n,1369200,,彼女は魅力的な人柄である。,She has a magnetic personality.
29d531837a,一頃,ひところ,hitokoro,once; some time ago,N1,n; adv,1162570,,彼はひところの元気がない。,He isn't as energetic as he once was.
208f1838bd,人質,ひとじち,hitojichi,hostage; prisoner,N1,n,1367960,,人質は解放されるだろう。,The hostages will be released.
6fed3799fa,一筋,ひとすじ,hitosuji,a line; earnestly; blindly; straightforwardly,N1,n,1575970,,スプリンクラーが芝生の一条の水を噴出している。,The sprinkler is shooting out a stream of water onto the grass.
d3286be832,人目,ひとめ,hitome,glimpse; public gaze,N1,n,1580760,,その家は高い塀で人目から遮られている。,The house is screened from view with a high fence.
b9ec7cb6d7,日取り,ひどり,hidori,fixed date; appointed day,N1,n,1464140,,彼らは結婚式の日取りを繰り上げた。,They advanced the wedding date.
d4a59bb971,雛,ひな,hina,young bird; chick; doll,N1,n,2847628,,ムクドリのヒナを親鳥に返せますか。,Can you return starling chicks to their parents?
f028179494,日向,ひなた,hinata,sunny place; in the sun,N1,n,1464050,,日向にあまり長くいてはいけません。,Don't stay in the sun too long.
58e8f6d00f,避難,ひなん,hinan,taking refuge; finding shelter,N1,n; vs; vi,1484660,,彼は雨を避ける避難場所を捜した。,He sought shelter from the rain.
bcf51a7086,非難,ひなん,hinan,blame; attack; criticism,N1,n; vs; vt,1483410,,彼はその男性が盗みを働いたことを非難した。,He blamed the man for stealing.
69ce5c06bb,日の丸,ひのまる,hinomaru,the Japanese flag,N1,n,1463780,,その日、日の丸の旗がはためいていた。,"On that day, Japanese flags were flying."
9bdf0cd381,火花,ひばな,hibana,spark,N1,n,1193760,,小さな火花はしばしば大きな炎を起こす。,A small spark often kindles a large flame.
5e7b4e3b6c,日々,ひび,hibi,every day; daily; day after day,N1,adv,1602120,,野菜の値段は日々変わる。,The price of vegetables varies from day to day.
dd1da8888a,悲鳴,ひめい,himei,shriek; scream,N1,n,1483350,,蛇をみたとき、彼女は悲鳴をあげた。,She screamed when she saw a snake.
6166957ca4,冷やかす,ひやかす,hiyakasu,to banter; to make fun of; to jeer at; to cool; to refrigerate,N1,v5s; vt,1556760,,人前で彼を冷やかすなんて君は意地悪だ。,It is mean of you to ridicule him in public.
35ce366d44,日焼け,ひやけ,hiyake,sunburn,N1,n; vs; vi,1602220,,私の肌は日焼けしやすい。,My skin burns easily.
de4f14f8da,票,ひょう,hyou,label; ballot; ticket; sign,N1,n-suf; n,1489320,,議案は１０票の小差で通過した。,The bill passed by a small majority of 10 votes.
4adf021ad8,標語,ひょうご,hyougo,motto; slogan; catchword,N1,n,1488680,,「注意周到」を僕は標語としている。,"My motto is ""be careful and cautious."""
c5c782c558,描写,びょうしゃ,byousha,depiction; description; portrayal,N1,n; vs; vt,1490140,,その美しさを言葉では描写できない。,Words cannot describe the beauty.
5d58c89d14,ひょっと,ひょっと,hyotto,possibly; accidentally,N1,adv; vs,1010640,,ひょっとしたら勝つかもしれない。,I may win by some chance.
5e960abe59,平たい,ひらたい,hiratai,flat; even; level; simple; plain,N1,adj-i,1506900,,古代人たちは地球は平たいと信じていた。,The ancients believed the earth was flat.
3b112744fa,びり,びり,biri,last on the list; at the bottom,N1,n,1010790,,彼はクラスでびりだった。,He was at the bottom of the class.
79e5cee9cb,比率,ひりつ,hiritsu,ratio; proportion; percentage,N1,n,1483680,,親に対する子どもの比率が大きくなればなるほど子どもを育てるのは難しくなる。,"The higher the ratio of children to parents, the harder it is to bring up the children."
7a621e52ae,肥料,ひりょう,hiryou,manure; fertilizer,N1,n,1484310,,肥料のやりすぎで花が枯れてしまった。,The flowers died from over-fertilization.
508ca723f8,微量,びりょう,biryou,minuscule amount; extremely small quantity,N1,n; adj-na; adj-no,1486200,,,
6d94f7f103,昼飯,ひるめし,hirumeshi,lunch; midday meal,N1,n,1426410,,昼飯でもいっしょにどうですか。,Why don't we have lunch together?
14d90b82f3,比例,ひれい,hirei,proportion,N1,n; vs; vi,1483700,,給与が増えるに比例して、所得税率もあがっていく。,The income tax rate increases in proportion as your salary rises.
9168af0619,疲労,ひろう,hirou,fatigue; weariness,N1,n; vs; vi,1483780,,疲労が彼の健康をむしばんでいる。,Fatigue is undermining his health.
462a180308,広まる,ひろまる,hiromaru,to spread; to be propagated,N1,v5r; vi,1278450,,そのうわさはすぐ広まった。,The rumors spread soon abroad.
3e0f9f6085,敏感,びんかん,binkan,sensibility; susceptibility; sensitive (to); well attuned to,N1,adj-na; n,1491070,,私は寒さに敏感だ。,I am very sensitive to the cold.
f1fafc0b38,貧困,ひんこん,hinkon,poverty; lack,N1,n; adj-na; adj-no,1490830,,貧困は幸福への障害とはならない。,Poverty is not a bar to happiness.
95bddfce2a,品質,ひんしつ,hinshitsu,quality,N1,n,1490580,,もっと品質の良いものはありますか。,Do you have better quality ones?
0fe98bc40d,貧弱,ひんじゃく,hinjaku,poor; meagre; insubstantial,N1,adj-na; n,1490850,,私のドイツ語の知識は貧弱です。,My knowledge of German is poor.
eda690b2a4,品種,ひんしゅ,hinshu,brand; kind; description,N1,n,1490620,,除草剤耐性品種でなぜ収量が増えるのか？,Why do yields increase with herbicide-resistant varieties?
4080fb1160,ヒント,ヒント,hinto,hint,N1,n,1104300,,彼は私にヒントをくれた。,He gave me a hint.
d8165931bc,頻繁,ひんぱん,hinpan,frequency,N1,adj-na,1491050,,電車はバスより頻繁に来ます。,Trains come more often than buses.
4860a4efe0,貧乏,びんぼう,binbou,poverty; destitute; poor,N1,adj-na; n; vs; vi,1490900,,その頃、私は非常に貧乏だった。,I was very poor in those days.
6898b85866,歩,ふ,fu,pawn (in chess or shogi),N1,n,1514290,,,
2ec5748d47,部,ぶ,bu,department; part; category; counter for copies of a newspaper or magazine,N1,ctr,1499290,,新サービスの料金設定はマーケティング部が行う。,The marketing department is responsible for pricing new service.
a6b276960f,ファイト,ファイト,faito,fight,N1,n,1107700,,映画「ファイトクラブ」のエンディングには驚かされた。,"The movie ""Fight Club"" has a surprise ending."
5b8eefb9aa,ファイル,ファイル,fairu,file,N1,n,1107800,,このファイルは削除して下さい。,Please delete this file.
ed2719ab9d,ファン,ファン,fan,fan; fun,N1,n,1108540,,イギリスのサッカーファンはときどきまったく手に負えなくなる。,British soccer fans sometimes get completely out of hand.
c88a44b1e4,不意,ふい,fui,sudden; abrupt; unexpected; unforeseen,N1,adj-na; adj-no; n,1491210,,伝染病が不意にその町を襲った。,A contagious disease descended on the town.
3fa2ddfa8c,フィルター,フィルター,firutaa,(camera) filter,N1,n,1109330,,,
337eea6b53,封,ふう,fuu,seal,N1,n,1499580,,いったん封を切るとそのテープは返品できません。,"Once you break the seal, you can't return the tape."
9b20402a09,封鎖,ふうさ,fuusa,blockade; freezing (funds),N1,n; vs; vt,1499650,,この港は封鎖されうる。,The harbor can be blocked.
9dfd9234b7,風習,ふうしゅう,fuushuu,custom,N1,n,1499890,,その風習はすたれつつある。,That custom is on the decrease.
621681c86d,風俗,ふうぞく,fuuzoku,manners; customs; sex service; sex industry,N1,n,1499960,,その地方ではその古い風俗がなお存続している。,The old custom is still kept up in that district.
10b8b07120,ブーツ,ブーツ,buutsu,boots,N1,n,1113130,,私はスキーのブーツを１足買いたい。,I want to buy a pair of ski boots.
41d4fc2b08,風土,ふうど,fuudo,natural features; topography; climate; spiritual features,N1,n,1500020,,スポロアウト先生が植物を新しい風土に馴染ませた。,Professor Sprout acclimated the plant to a new environment.
484b3552ce,ブーム,ブーム,buumu,boom,N1,n; n-suf,1113160,,小型車のブームは終わろうとしている。,The small car boom is ending.
afaaa117eb,フェリー,フェリー,ferii,ferry,N1,n,1109980,,大波がフェリーを転覆させた。,A big wave turned the ferry over.
0101791a03,フォーム,フォーム,foomu,foam; form,N1,n,1110340,,リフォームに結構お金がかかった。,I spent a lot of money remodeling my house.
fd04af50fd,部下,ぶか,buka,subordinate person,N1,n,1499350,,主任は部下を意のままに支配している。,The boss controls his men at will.
fc498a2e83,不可欠,ふかけつ,fukaketsu,indispensable; essential,N1,adj-na; n,1491400,,自由こそ不可欠なものだ。,Freedom is the breath of life.
37209bb11e,ぶかぶか,ぶかぶか,bukabuka,too big; baggy,N1,adj-no; adj-na; adv; adv-to; vs,1011130,,このドレスは私にはぶかぶかです。,This dress is too big for me.
40770ec448,深める,ふかめる,fukameru,to deepen; to heighten; to intensify,N1,v1; vt,1362680,,時は友情を深めるが、恋愛を弱める。,"Time, which strengthens friendship, weakens love."
4426ad2212,不吉,ふきつ,fukitsu,ominous; sinister; bad luck; ill omen; inauspiciousness,N1,adj-na; n,1491910,,１３日の金曜日は不吉な日だと言われている。,It is said that Friday the 13th is an unlucky day.
e1c0f62e13,不況,ふきょう,fukyou,recession; depression; slump,N1,n,1491950,,好況と不況は交互に来る。,Good times alternate with bad.
3626ea1d71,布巾,ふきん,fukin,tea-towel; dish cloth,N1,n,1496850,,マユコはふきんでテーブルをふいた。,Mayuko wiped a table with a cloth.
3951ae3c0c,福,ふく,fuku,good fortune,N1,n,1501020,,災いを転じて福としなさい。,Turn your misfortune to account.
6c9f684168,複合,ふくごう,fukugou,composite; complex,N1,n; vs; adj-no; vt; vi,1501320,,,
a45caec8b5,福祉,ふくし,fukushi,welfare; well-being,N1,n,1501060,,彼の福祉の概念はかなり観念的だ。,His notion of welfare is pretty abstract.
07145cdc5b,覆面,ふくめん,fukumen,mask; veil; disguise,N1,n; vs; vi; adj-no,1501520,,覆面をした男達が旅客を襲って金を奪った。,Masked men held up the passengers and robbed them of their money.
5a2eb94f94,膨れる,ふくれる,fukureru,to get cross; to get sulky; to swell (out); to expand; to be inflated; to distend; to bulge,N1,v1; vi,1602550,,たくさん食べたので腹が膨れた。,"I've had enough, so my stomach is full."
1bbd2517e0,不景気,ふけいき,fukeiki,business recession; hard times; depression; gloom; sullenness; cheerlessness,N1,n; adj-na,1492120,,不景気になってきているみたいね。,We're in store for a recession.
d0acb6f006,老ける,ふける,fukeru,to age,N1,v1; vi,1561010,,彼は老けて見えるが、まだ２０代だ。,"He looks old, but he is still in his twenties."
ffcf0345e3,富豪,ふごう,fugou,wealthy person; millionaire,N1,n,1496780,,その大富豪は貧しい少年として生涯を始めた。,The millionaire began life as a poor boy.
069d11eed6,布告,ふこく,fukoku,edict; ordinance; proclamation,N1,n; vs; vt,1496860,,その国は隣国に対し宣戦を布告した。,The country declared war against its neighbor.
89a29c6889,ブザー,ブザー,buzaa,buzzer,N1,n,1113300,,社長はブザーで秘書を呼んだ。,The boss buzzed his secretary.
f80f3a3afd,負債,ふさい,fusai,debt; liabilities,N1,n,1498080,,その金は負債の支払いに充当することになっている。,The money is to be applied to the debt.
20c6eaa724,不在,ふざい,fuzai,absence,N1,n; adj-no,1492460,,私は彼女が不在なので失望した。,I was disappointed at her absence.
e1f751b05f,相応しい,ふさわしい,fusawashii,appropriate,N1,adj-i,1400850,,そのような行為は紳士に相応しくない。,Such conduct does not become a gentleman.
ddc46fb610,不順,ふじゅん,fujun,irregularity; unseasonableness,N1,adj-na; n,1492810,,今年は天候不順だった。,The weather has been unusual this year.
4731a01f1c,負傷,ふしょう,fushou,injury; wound,N1,n; vs; vt; vi,1498100,,彼はその事故で負傷した。,He was injured in the accident.
acbafa1c75,侮辱,ぶじょく,bujoku,insult; contempt; slight,N1,n; vs; vt,1498260,,上司を侮辱するような危険をおかすな。,Don't risk insulting your boss.
91e50c07de,不審,ふしん,fushin,incomplete understanding; doubt; question; distrust; suspicion; strangeness; infidelity,N1,n; adj-na,1493120,,警官が不審な歩行者をじっと見つめていた。,A policeman was gazing at a suspicious pedestrian.
f478815aa4,不振,ふしん,fushin,dullness; depression; slump; stagnation,N1,n; adj-no; adj-na,1493150,,株式市場は長い不振を続けている。,The stock market is in a prolonged slump.
0226b9bd74,武装,ぶそう,busou,arms; armament; armed,N1,n; vs; vi,1498740,,彼らは銃で武装した。,They armed themselves with guns.
6f8b6b1121,付属,ふぞく,fuzoku,attached; belonging; affiliated; annexed; associated; subordinate; incidental; dependent; auxiliary,N1,n; vs; vi; adj-no,1602700,,そのカレッジは大学に付属している。,The college is affiliated with the university.
ea12ba0789,負担,ふたん,futan,burden; charge; responsibility,N1,n,1498130,,彼は、両親の負担になった。,He was a burden to his parents.
f73bb800e0,斑,ぶち,buchi,spots; speckles; mottles,N1,n,1583240,,,
969a3774bd,不調,ふちょう,fuchou,bad condition; not to work out (ie a deal); disagreement; break-off; disorder; slump; out of form,N1,n; adj-no; adj-na,1493840,,商売は先月ちょっと不調だった。,Business was a little slow last month.
7911dfc293,仏,ふつ,futsu,French,N1,n,1501740,,,
05e2d4d19d,復活,ふっかつ,fukkatsu,revival (e.g. musical); restoration,N1,n; vs; vt; vi,1500700,,いわば彼は死から復活したのだ。,"He rose from the dead, so to speak."
def523b3e8,物議,ぶつぎ,butsugi,public discussion (criticism),N1,n,1502450,,その作品が画壇に大いに物議をかもした。,This artwork excited much controversy in the world of art.
d73957716e,復旧,ふっきゅう,fukkyuu,restoration; restitution; rehabilitation,N1,n; vs; vt; vi,1500740,,現在、通常のサービスの早急な復旧に努めています。,We are currently working to restore normal service as soon as possible.
bee440edd5,復興,ふっこう,fukkou,revival; renaissance; reconstruction,N1,n; vs; vt; vi,1500750,,それはさらにいっそうの活力で復興した。,It revived with even greater vigor.
1986f292d9,物資,ぶっし,busshi,goods; materials,N1,n,1502540,,それは物資を直接交換する制度である。,It is a system of direct exchange of goods.
66748b6cfa,仏像,ぶつぞう,butsuzou,Buddhist image (statue),N1,n,1502190,,この仏像の年代は正確に推定することができない。,This Buddhist image cannot be dated exactly.
16434bd461,物体,ぶったい,buttai,body; object,N1,n,1502680,,私は空に不思議な動く物体を見た。,I saw a strange moving object in the sky.
81dd8f026d,沸騰,ふっとう,futtou,boiling; seething,N1,n; vs; vi,1501720,,水は摂氏100度で沸騰する。,Water boils at 100 degrees Celsius.
1523ebeef5,不当,ふとう,futou,injustice; impropriety; unreasonableness; undeservedness; unfair; invalid,N1,adj-na; n,1494120,,その女性は不当に私を責めた。,That woman has wrongly accused me.
c1bdf75397,不動産,ふどうさん,fudousan,real estate,N1,n,1494220,,不動産が高すぎるという意見に賛成だ。,I agree with the opinion that real estate is overpriced.
55f4daa66e,無難,ぶなん,bunan,safety; security,N1,adj-na; n,1530750,,男性の一部と女性の一部が計算は速いと言うほうが無難だ。,It is safer to say that some men and some women are good at figures.
281d9aa72f,赴任,ふにん,funin,(proceeding to) new appointment,N1,n; vs; vi,1498200,,,
946014cf8a,腐敗,ふはい,fuhai,decay; depravity,N1,n; vs; vi,1497870,,食品包装は腐敗を減らす。,Food packaging reduces spoilage.
077604c438,不評,ふひょう,fuhyou,bad reputation; disgrace; unpopularity,N1,n; adj-no,1494640,,国会は多分この不評の法律を改正するだろう。,The Diet is likely to amend this unpopular law.
2e2b2bb861,不憫,ふびん,fubin,pity; compassion,N1,adj-na; n,1602810,不便,,
393877926f,不服,ふふく,fufuku,dissatisfaction; discontent; disapproval; objection; complaint; protest; disagreement,N1,n; adj-na,1494700,,彼は不服そうに口をとがらせた。,He pouted with dissatisfaction.
f6810ec488,普遍,ふへん,fuhen,universality; ubiquity; omnipresence,N1,adj-no; n,1602820,,,
772d057f4c,踏まえる,ふまえる,fumaeru,to be based on; to have origin in,N1,v1; vt,1450110,,この段階を踏まえ、抑圧という概念をさらに詳細に検証していくことになります。,From this point we go on to an even more detailed examination of the concept of repression.
856da87e15,文,ふみ,fumi,letter; writings,N1,n,1505080,,ネットワークの発達で、かつてないほど大量の文が世界中を駆け巡っています。,With the development of networks a huge and unprecedented volume of messages flies around the world.
4302df1674,不明,ふめい,fumei,unknown; obscure; indistinct; uncertain; ambiguous; ignorant; lack of wisdom; anonymous; unidentified,N1,adj-na; n,1495060,,彼がそれをした時間は不明である。,The time when he did it was not known.
651eb5c20b,部門,ぶもん,bumon,class; group; category; department; field; branch,N1,n; adj-no,1499540,,歴史学は人文科学の一部門である。,History is a branch of the humanities.
61145dbc05,扶養,ふよう,fuyou,support; maintenance,N1,n; vs; vt,1496990,,彼には扶養すべき大家族がある。,He has a large family to provide for.
2eff177d9a,ぶらぶら,ぶらぶら,burabura,dangle heavily; swing; sway to and fro; aimlessly; idly; lazily; loiter; loaf; be idle; stroll idly,N1,adv; adv-to; vs,1011230,,ちょっとその辺をブラブラしました。,I wandered around for a while.
471e8a709b,振り,ふり,furi,pretence; show; appearance,N1,n,1361130,,彼はここではよそ者の振りをする。,He pretends that he's a stranger here.
5b99825c62,振り出し,ふりだし,furidashi,outset; starting point; drawing or issuing (draft),N1,n,1602990,,振り出しに戻ってしまった。,We were back to square one.
f64c527a25,不良,ふりょう,furyou,badness; delinquent; inferiority; failure,N1,n; adj-no; adj-na,1495290,,彼は不良仲間とぐるになっていた。,He fell into bad company.
bfcaf39312,浮力,ふりょく,furyoku,buoyancy; floating power,N1,n,1497580,,塩水の方が淡水よりも浮力が大きい。,Salt water is more buoyant than fresh water.
fb44d951d9,武力,ぶりょく,buryoku,armed might; military power; the sword; force,N1,n,1499000,,国際紛争解決のために武力に訴えてはならない。,We should not resort to arms to settle international disputes.
4036541a77,ブルー,ブルー,buruu,blue,N1,n; adj-no,1114310,,あなたはブルーの服を着るととてもすてきだ。,You are very attractive in blue.
ad9000928d,震わせる,ふるわせる,furuwaseru,to be shaking; to be trembling,N1,v1; vt,1366330,,彼女は怒りに声を震わせていた。,Her voice was shaking with anger.
5f87b1f4e5,無礼,ぶれい,burei,impolite; rude,N1,n; adj-na,1531060,,彼の無礼さには我慢出来ない。,I can't stand his impoliteness.
5ecbf5fb51,付録,ふろく,furoku,appendix; supplement,N1,n,1603100,,今月の付録はアニメのDVDです。,The free gift this month is an anime DVD.
8dab8e36d8,フロント,フロント,furonto,front,N1,n,1112990,,貴重品はフロントにお預けください。,Please check your valuables at the front desk.
9e39f13090,分,ふん,fun,minute,N1,n,1502840,,１０時４０分から１１時まで休み時間です。,We have a break from 10:40 to 11:00.
488c0046f9,憤慨,ふんがい,fungai,indignation; resentment,N1,n; vs; vt; vi,1504650,,彼は友人の行動に憤慨した。,He resented his friend's action.
fdb85e4f99,文化財,ぶんかざい,bunkazai,cultural assets; cultural property,N1,n,1505150,,奈良は、国宝や重要文化財が豊富である。,Nara is rich in National Treasures and Important Cultural Assets.
cf01dd19c5,分業,ぶんぎょう,bungyou,division of labor; specialization; assembly-line production,N1,n; vs; vt; vi,1503390,,,
a988a95058,文語,ぶんご,bungo,written language; literary language,N1,n,1505370,,,
0736fad52a,分散,ぶんさん,bunsan,dispersion; decentralization; variance (statistics),N1,n; vs; vt; vi,1503580,,その会社はいろいろな国に投資を分散しているね。,The company spreads their investment into a variety of countries.
84ad27c633,分子,ぶんし,bunshi,numerator; molecule,N1,n,1503630,,水分子は、２個の水素原子と１個の酸素原子からなる。,A water molecule has two hydrogen atoms and one oxygen atom.
f832961b4a,紛失,ふんしつ,funshitsu,losing something,N1,n; vs; vt; vi,1505050,,あなたのために紛失した指輪を探してあげましょう。,I will find you your lost ring.
a54d1e0237,噴出,ふんしゅつ,funshutsu,spewing; gushing; spouting; eruption; effusion,N1,n; vs; vt; vi,1504600,,その煙突は真っ黒い煙を噴出している。,The chimney is belching black smoke.
e0a5244310,文書,ぶんしょ,bunsho,document; writing; letter; note; records; archives,N1,n,1583840,,この文書はあなたのお目にだけ留めていただきたい。,This document is for your eyes only.
b94b6e4b5c,紛争,ふんそう,funsou,dispute; trouble; strife,N1,n; vs; vi,1505060,,紛争のない人間社会はありえない。,There can be no human society without conflict.
b09d417ce5,ふんだん,ふんだん,fundan,plentiful; abundant; lavish,N1,adj-na,1011100,,,
911f332826,分担,ぶんたん,buntan,apportionment; sharing,N1,n; vs; vt; adj-no,1503950,,私達は、家事を分担することで合意した。,We agreed to share the housework.
3066b28376,奮闘,ふんとう,funtou,hard struggle; strenuous effort,N1,n; vs; vi,1504750,,人々は貧困に向かって奮闘した。,People struggled against poverty.
58baea5308,分配,ぶんぱい,bunpai,division; sharing,N1,n; vs; vt,1504090,,彼らは利益を公平に分配した。,They allotted the profits fairly.
8d3323ee2e,分母,ぶんぼ,bunbo,denominator,N1,n,1504310,,,
253ca04e94,粉末,ふんまつ,funmatsu,fine powder,N1,n; adj-no,1504880,,アルミニウム、マグネシウム、シリコンなどの粉末が爆発する。,"Powders of aluminium, magnesium, silicon, etc. explode."
292ff50e0a,分離,ぶんり,bunri,separation; detachment; segregation; isolation,N1,n; vs; vt; vi,1504370,,マヨネーズの油は分離することがある。,The oil in mayonnaise sometimes separates from the other ingredients.
0b85c689e9,分裂,ぶんれつ,bunretsu,split; division; break up,N1,n; vs; vi,1504510,,党派は二つに分裂した。,The party was split up into two.
47e4de1f65,ペア,ペア,pea,pair; pear,N1,n,1120690,,,
054813c4c2,兵器,へいき,heiki,arms; weapons; ordinance,N1,n,1506320,,日本は兵器にあまりお金を使うべきではない。,Japan should not spend much money on weapons.
13b937a41a,平行,へいこう,heikou,(going) side by side; concurrent; abreast; at the same time; occurring together; parallel; parallelism,N1,n; vs; vi; adj-no,2835826,,この線はあの線に平行です。,This line is parallel to that.
be2f217a46,閉口,へいこう,heikou,shut mouth,N1,vs; vi; n; adj-na,1508660,,彼はその問題で閉口していた。,He was stumped by the problem.
96f4c03038,閉鎖,へいさ,heisa,closing; closure; shutdown; lockout; unsociable,N1,n; vs; vt,1508670,,彼らはその学校の閉鎖について討論した。,They debated closing the school.
9dc5cc6d2d,兵士,へいし,heishi,soldier,N1,n,1506420,,兵士たちは足踏みをしていた。,The soldiers were marking time.
b680cdac8a,平常,へいじょう,heijou,normal; usual,N1,adj-no; n,1507420,,,
680cb55781,平方,へいほう,heihou,square (e.g. metre); square,N1,n,1507850,,縦横８フィートの部屋の面積は６４平方フィートである。,The area of an 8-foot square room is 64 square feet.
b5f04f79ca,並列,へいれつ,heiretsu,arrangement; parallel; abreast,N1,n; adj-no,1508530,,,
ef321ac2d3,ベース,ベース,beesu,base; bass,N1,n,1119210,,,
e9b4b3b383,辟易,へきえき,hekieki,wince; shrink back; succumbing to; being frightened; disconcerted,N1,vs; vi; n,1573590,,彼は人付き合いに辟易している。,He's fed up with socializing.
e596a0fd8b,ぺこぺこ,ぺこぺこ,pekopeko,fawn; be very hungry,N1,adj-na,1011540,,上役にやたらにぺこぺこするな。,Don't be subservient to your boss.
4f4b90bb7c,ベスト,ベスト,besuto,best; vest,N1,adj-na; adj-no; n,1119530,,,
507250c924,ベストセラー,ベストセラー,besutoseraa,best-seller,N1,n,1119560,,この本はかつてはベストセラーだったが、今は絶版になっている。,"This book, which was once a best seller, is now out of print."
5e62793d87,隔たる,へだたる,hedataru,to be distant,N1,v5r; vi,1206340,,その村は海から何キロも隔たっている。,The village is many kilometers away from the seashore.
b144d145c3,謙る,へりくだる,herikudaru,to deprecate oneself and praise the listener,N1,v5r; vi,1603220,,,
08d086f265,経る,へる,heru,to pass; to elapse; to experience,N1,v1; vi,1251110,,,
0b6b5995e3,偏,へん,hen,side; left radical of a character; inclining; inclining toward; biased,N1,n,1510310,,ハンバーガーばかり食べていると、栄養が偏るよ。,Your diet is going to be really unbalanced if all you eat is hamburgers.
c88c1274da,編,へん,hen,compilation; editing; completed poem; book; part of book,N1,n; n-suf,1511870,,彼は一ヶ月の間に３編の詩を書いた。,He composed three poems in a month.
f675bf9b01,弁解,べんかい,benkai,explanation; justification; defence; excuse,N1,n; vs; vt,1512760,,その失策には弁解の余地がない。,This fault admits of no excuse.
089d39b41c,変革,へんかく,henkaku,change; reform; revolution; upheaval; (the) Reformation,N1,n; vs; vt; vi,1510940,,大統領の演説はアメリカ国民に変革をもたらした。,The President's speech brought about a change in the American people.
8a4aed3134,返還,へんかん,henkan,return; restoration,N1,n; vs; vt,1512170,,,
03a1f21cc6,便宜,べんぎ,bengi,convenience; accommodation; advantage; expedience,N1,n,1512480,,公衆の便宜は尊重されねばならない。,The public convenience should be respected.
dc0f4efe6a,偏見,へんけん,henken,prejudice; narrow view,N1,n,1510380,,彼女は科学における性的偏見について書いた。,She wrote on gender bias in science.
025f4f4271,弁護,べんご,bengo,defense; pleading; advocacy,N1,n; vs; vt,1512830,,まことにすみませんが、私のために弁護していただけませんか。,Would you be kind enough to put in a word for me?
217987ecba,返済,へんさい,hensai,repayment,N1,n; vs; vt,1512210,,彼は返済能力がないと宣告された。,He was declared insolvent.
28bbcaef7c,弁償,べんしょう,benshou,next word; compensation; reparation; indemnity; reimbursement,N1,n; vs; vt,1512980,,弁償代きっちり耳そろえて払わんかい。,Aren't you paying for the damages in full?
3354109d5e,変遷,へんせん,hensen,change; transition; vicissitudes,N1,n; vs; vi,1511260,,表面上、本書の大部分は一連の事例の変遷を記録したものである。,On the surface the book consists mostly of a series of case histories.
5138ac69ee,返答,へんとう,hentou,reply,N1,n; vs; vt; vi,1512290,,彼の返答は拒絶も同然だ。,His answer amounts to a refusal.
b32623c224,変動,へんどう,hendou,change; fluctuation,N1,n; vs; vi,1511450,,人口は変動しないでいる。,The population remains stationary.
fbb73368e3,弁論,べんろん,benron,discussion; debate; argument,N1,n; vs; vt; adj-no,1513170,,弁護士たちはその事件を何時間も弁論した。,The lawyers argued the case for hours.
d05c2603fa,穂,ほ,ho,ear (of plant); head (of plant),N1,n,1514780,,話の接ぎ穂がなくて困った。,He found it very hard to keep the conversation going.
bbe8e8b83e,保育,ほいく,hoiku,nursing; nurturing; rearing; lactation; suckling,N1,n; vs; vt,1513290,,保育ママは１名から３名までのお子さんを保育しています。,The childminder cares for between one and three children.
952a11bf16,ボイコット,ボイコット,boikotto,boycott,N1,n; vs; vt,1123670,,彼はバスのボイコット運動を組織したのである。,He organized a boycott of the bus service.
2402c719ec,ポイント,ポイント,pointo,point,N1,n,1124860,,ダウ平均株価は今日２ポイント値上がりした。,The Dow Jones average posted a gain of two points today.
aed7830e50,法案,ほうあん,houan,bill (law),N1,n,1517160,,その法案はついに通過した。,The bill at last went through.
5848a1a829,防衛,ぼうえい,bouei,defense; protection; self-defense,N1,n; vs; vt,1520200,,その防衛計画に関する見通しは暗い。,The outlook for the defense program is dismal.
77fe998ed5,防火,ぼうか,bouka,fire prevention; fire fighting; fire proof,N1,n,1520260,,私たちは昨日防火訓練をした。,We had a fire drill yesterday.
e10b8d5307,崩壊,ほうかい,houkai,collapse; decay (physics); crumbling; breaking down; caving in,N1,n; vs; vi,1516280,,チューダー朝は１６０３年に崩壊した。,The Tudor Dynasty fell in the year 1603.
f916dfd1cc,妨害,ぼうがい,bougai,disturbance; obstruction; hindrance; jamming; interference,N1,n; vs; vt,1519130,,彼は私たちの会話を妨害した。,He broke in on our conversation.
6e418239d4,法学,ほうがく,hougaku,law; jurisprudence,N1,n,1517230,,彼は法学修士の学位を得た。,He got a master's degree in law.
042950a048,宝器,ほうき,houki,treasured article or vessel; outstanding individual,N1,n,1748510,,,
1799cfb5f8,放棄,ほうき,houki,"abandonment; renunciation; abdication (responsibility, right)",N1,n; vs; vt,1516580,,日本国民は戦争を放棄している。,The Japanese people have renounced war.
817825c9b9,封建,ほうけん,houken,feudalistic,N1,n; vs; vt; adj-no,1499620,,前世紀の中頃まで日本が封建国家であったことは、よくしられている。,It is well known that up to the middle of the last century Japan was a feudal state.
85eb63e6e0,方策,ほうさく,housaku,plan; policy,N1,n,1517020,,政府は国内産業振興の方策を講じた。,The government has taken measures to promote domestic industry.
9fb7bc06a9,豊作,ほうさく,housaku,abundant harvest; bumper crop,N1,n,1518150,,米作は今年豊作だ。,The rice crop is large this year.
c1c82b2952,奉仕,ほうし,houshi,attendance; service,N1,n; vs; vi,1515950,,彼は数週間共同募金運動に奉仕した。,He worked for weeks on behalf of the community chest.
ebee201fce,方式,ほうしき,houshiki,form; method; system,N1,n,1517030,,彼は新しい方式を編み出した。,He worked out a new formula.
9e3ffc8eb0,放射,ほうしゃ,housha,radiation; emission,N1,n; vs; vt,1516600,,ドップラー効果はまた、一般に光と放射エネルギーにおいても見られる。,The Doppler effect is also observed with light and with radiant energy in general.
c015ddb7c6,放射能,ほうしゃのう,houshanou,radioactivity,N1,n,1516690,,放射能が原子力発電所から漏れた。,The radioactivity leaked out of the nuclear power plant.
a227e50797,報酬,ほうしゅう,houshuu,remuneration; recompense; reward; toll,N1,n,1515700,,その弁護士への報酬はとても高かった。,The lawyer's fee was very high.
7704534786,放出,ほうしゅつ,houshutsu,release; emit,N1,n; vs; vt; vi,1516710,,植物は栄養物を作っているとき、酸素を放出する。,Plants give off oxygen as they make food.
e3797104ae,報じる,ほうじる,houjiru,to inform; to report,N1,v1; vt,1515650,,その俳優の死は各紙で大見出しで報じられた。,The actor's death made big headlines in all the papers.
ba25c582aa,報ずる,ほうずる,houzuru,to inform; to report,N1,vz; vt,1515660,,,
3356356fb8,紡績,ぼうせき,bouseki,spinning,N1,n,1519930,,,
b55c78d275,呆然,ぼうぜん,bouzen,dumbfounded; overcome with surprise; in blank amazement,N1,adj-t; adv-to,1515610,,彼は悲嘆に暮れてぼう然としていた。,He was blind with sorrow.
5eb4b23381,放置,ほうち,houchi,leave as is; leave to chance; leave alone; neglect,N1,n; vs; vt,1516780,,雨の中に放置しておくと自転車はさびるでしょう。,A bicycle will rust if you leave it in the rain.
7c8cd24ffc,膨脹,ぼうちょう,bouchou,expansion; swelling; increase; growth,N1,n; vs; vi,1520010,,多くの天文学者は、宇宙は永遠に膨張してゆくものだと考えている。,Many astronomers assume that the universe expands infinitely.
d20d61f6b7,法廷,ほうてい,houtei,courtroom,N1,n,1517400,,法廷は彼を死刑に処した。,The court sentenced him to death.
0214a293b8,報道,ほうどう,houdou,information; report,N1,n; vs; vt,1515730,,人々はこの報道を真実だと思っている。,People believe this report to be true.
2967145e45,冒頭,ぼうとう,boutou,beginning; start; outset,N1,n,1519860,,残っているのは冒頭の部分だけであった。,All that was left was the opening.
4e4240a247,暴動,ぼうどう,boudou,insurrection; rebellion; revolt; riot; uprising,N1,n,1519520,,暴動は彼の扇動によって起こった。,He instigated the riot.
966b77c0d5,褒美,ほうび,houbi,reward; prize,N1,n,1518050,,自然界には褒美もなければ罰もない。,In nature there are neither rewards nor punishments.
8f2f3b69ad,暴風,ぼうふう,boufuu,storm; windstorm; gale,N1,n,1519540,,その家は暴風の為に屋根を剥ぎ取られた。,The house had its roof ripped off by the storm.
c103994f0c,葬る,ほうむる,houmuru,to bury; to inter; to entomb; to consign to oblivion; to shelve,N1,v5r; vt,1402130,,これがブレークの葬られている教会です。,This is the church where Blake is buried.
29f6f83ec8,放り込む,ほうりこむ,hourikomu,to throw into,N1,v5m; vt,1516500,,口いっぱいに物を放り込んで話をするのは無作法だ。,It is rude to talk when your mouth is full.
c3fd7b34c2,放り出す,ほうりだす,houridasu,to throw out; to fire; to expel; to give up; to abandon; to neglect,N1,v5s; vt,1516510,,彼は家から放り出された。,He got thrown out of the house.
add5c108a6,暴力,ぼうりょく,bouryoku,violence,N1,n,1519590,,非暴力というのは私の信仰の第１条だ。,Non-violence is the first article of my faith.
91965451e5,飽和,ほうわ,houwa,saturation,N1,n; vs; vi,1518350,,,
d1ca85869d,ホース,ホース,hoosu,hose,N1,n,1121630,,,
d545dfb4f1,ポーズ,ポーズ,poozu,pause,N1,n,2858735,,,
2352843605,ホール,ホール,hooru,hall; hole,N1,n,1122130,,,
d65feae548,保温,ほおん,hoon,retaining warmth; keeping heat in; heat insulation,N1,n; vs; vi; vt,1513310,,USBバスパワーで暖かい飲み物の入ったカップを保温しておくという製品が発売された。,A product has been launched that uses the power from the USB to keep hot drinks warm.
c161ba7230,捕獲,ほかく,hokaku,capture; seizure,N1,n; vs; vt,1514160,,私たちは、昨日、森に行き、２頭の鹿を捕獲した。,We went hunting in the forest and caught two deer yesterday.
40373b9997,保管,ほかん,hokan,charge; custody; safekeeping; deposit; storage,N1,n; vs; vt,1513320,,領収書は必ず保管してください。,Make sure you save the receipt.
6d956e7507,補給,ほきゅう,hokyuu,supply; supplying; replenishment,N1,n; vs; vt,1514510,,この薬は活力を補給してくれます。,This medicine renews your strength.
faa9c24081,補強,ほきょう,hokyou,compensation; reinforcement,N1,n; vs; vt,1514530,,コンクリートは中に鋼鉄の棒を入れる事で補強される。,Concrete can be reinforced by putting steel bars inside it.
8724bbab50,募金,ぼきん,bokin,fund-raising; collection of funds,N1,n; vs; vi,1514810,,彼女は盲人のために募金をしている。,She is collecting on behalf of the blind.
a07de51f3c,牧師,ぼくし,bokushi,pastor; minister; clergyman,N1,n; adj-no,1521770,,１９６４年にキング牧師はノーベル平和賞を受賞した。,"In 1964, Rev. King won the Nobel Peace Prize."
8f3a807dad,捕鯨,ほげい,hogei,whaling; whale fishing,N1,n,1514180,,国際的批判に直面して捕鯨をやめた国がいくつかある。,Some countries have stopped whaling in the face of international criticism.
2ad8eb39d1,保険,ほけん,hoken,insurance; guarantee,N1,n,1513440,,この保険は何もかもカバーする。,This insurance covers everything.
dffc76283b,保護,ほご,hogo,care; protection; shelter; guardianship; favor; patronage,N1,n; vs; vt,1513530,,その子はおじの保護を受けている。,He is in custody of his uncle.
d414f6e1f3,母校,ぼこう,bokou,alma mater,N1,n,1515040,,私たちは母校を訪れた。,We visited our old school.
41f92a40f2,誇る,ほこる,hokoru,to boast of; to be proud of,N1,v5r; vt,1267760,,あんなに長所が多いのに彼女は誇らなかった。,With all her merits she was not proud.
b775abdd11,綻びる,ほころびる,hokorobiru,to come apart at the seams; to begin to open; to smile broadly,N1,v1; vi,1419000,,彼女のドレスのへりはほころびていた。,The border of her dress was torn.
0556bb5bbe,ポジション,ポジション,pojishon,position,N1,n,1125060,,,
a81b409958,干し物,ほしもの,hoshimono,dried washing (clothes),N1,n,1210150,,,
1e8904b5b7,保守,ほしゅ,hoshu,conservative; maintaining,N1,n; vs; vt,1513750,,彼は保守寄りだ。,He is conservative to a degree.
f8c0cfc076,補充,ほじゅう,hojuu,supplementation; supplement; replenishment; replenishing,N1,n; vs; vt,1514580,,空所を補充せよ。,Fill in the blanks.
8932970695,補助,ほじょ,hojo,assistance; support; aid; auxiliary,N1,n; vs; vt,1514590,,その飛行機は補助ロケットを使って離陸した。,The airplane used a rocket motor to assist with takeoff.
65fc20eed5,保障,ほしょう,hoshou,guarantee; security; assurance; pledge; warranty,N1,n; vs; vt,1603500,,彼女の誠実さは私が保証します。,You have my word on her sincerity.
800e05bcf1,補償,ほしょう,hoshou,compensation; reparation,N1,n; vs; vt,1514650,,政府は損害を補償しなければならなかった。,The government had to make up for the loss.
73edd67700,舗装,ほそう,hosou,pavement; road surface,N1,n; vs; vt,1514070,,その通りはアスファルトで舗装されている。,The street is paved with asphalt.
d5de1db218,補足,ほそく,hosoku,supplement; complement,N1,n; adj-no; vs; vt,1514700,,彼の説明に何か補足することがありますか。,Do you have anything to add to his explanation?
d5c389a11d,墓地,ぼち,bochi,cemetery; graveyard,N1,n,1584040,,彼はこの墓地に埋葬されている。,He was buried in this graveyard.
10d587dd95,発作,ほっさ,hossa,fit; spasm,N1,n,1477470,,狭心症の発作が起きました。,I had an angina attack.
f907fc3a9b,没収,ぼっしゅう,bosshuu,forfeited,N1,n; vs; vt,1521990,,兵隊たちは彼らが征服した人々から食物を没収した。,The soldiers seized food from the people they conquered.
5dd2205042,発足,ほっそく,hossoku,starting; inauguration,N1,n; vs; vi,1583130,,,
633a98a624,ほっと,ほっと,hotto,feel relieved,N1,adv; vs,1011660,,老婆はほっと息をついてにっこり笑った。,The old woman smiled with a sigh of relief.
536520ea92,ポット,ポット,potto,pot,N1,n,1125290,,コーヒーがポットの中で泡立った。,The coffee bubbled in the pot.
a94e911306,頬っぺた,ほっぺた,hoppeta,cheek,N1,n,1520630,,赤ん坊のほっぺたはビロードのような手触りがする。,Little babies' cheeks feel like velvet.
f196c171b6,ぼつぼつ,ぼつぼつ,botsubotsu,gradually; here and there; spots; pimples,N1,adv; adv-to,1011840,,,
cf530cd84a,没落,ぼつらく,botsuraku,ruin; fall; collapse,N1,n; vs; vi,1522040,,商売でそんな失敗をしたらどんな会社でも没落する。,Such a business failure would sink any company.
bedcbe87a3,施す,ほどこす,hodokosu,to donate; to give; to conduct; to apply; to perform,N1,v5s; vt,1310370,,彼は自分の王国に善政を施した。,He ruled his kingdom fairly.
ce141a5e31,保母,ほぼ,hobo,day care worker in a kindergarten nursery school etc.,N1,n,1603540,,息子の保育園の保母さんにクレームをつけたいと思っています。,I'm thinking about complaining about my son's teacher at the kindergarten.
e80181aca1,ぼやく,ぼやく,boyaku,to grumble; to complain,N1,v5k; vi,1011850,,,
ea5ad26c76,ぼやける,ぼやける,boyakeru,to become dim; to become blurred,N1,v1; vi,1011860,,テレビの画像はぼやけて見えた。,The TV picture was blurred.
2d4100b55d,保養,ほよう,hoyou,health preservation; recuperation; recreation,N1,n; vs; vi,1514000,,,
d31295f643,捕吏,ほり,hori,constable,N1,n,1690070,,,
f7b704e228,捕虜,ほりょ,horyo,prisoner (of war),N1,n,1514260,,その捕虜には威厳があった。,The prisoner of war bore himself with great dignity.
f6ece0aafc,ボルト,ボルト,boruto,volt; bolt,N1,n,1124390,,,
8abbf74882,滅びる,ほろびる,horobiru,to be ruined; to go under; to perish; to be destroyed,N1,v1; vi,1603610,,肉体は滅びるが霊魂は不滅である。,"A man's body dies, but his soul is immortal."
eaf04b47de,滅ぼす,ほろぼす,horobosu,to destroy; to overthrow; to wreck; to ruin,N1,v5s; vt,1603620,,核兵器はわが地球を滅ぼすと思う。,We think nuclear weapons will destroy our earth.
e482d02cda,本格,ほんかく,honkaku,propriety; fundamental rules,N1,n; adj-f,1522310,,,
2dc4fc382a,本館,ほんかん,honkan,main building,N1,n,1522350,,別館は本館の北側にある。,The annex is on the north of the original building.
97b08ab1d6,本気,ほんき,honki,seriousness; truth; sanctity,N1,n; adj-no; adj-na,1522370,,ケンさん、君は本気かい。,"Are you on the level, Ken?"
558167f601,本質,ほんしつ,honshitsu,essence; true nature; reality,N1,n; adj-no,1522620,,親切心は礼儀の本質である。,Kindness is the essence of politeness.
a191aa054e,本体,ほんたい,hontai,substance; real form; object of worship,N1,n,1522950,,なんであれ物事の本体を捕らえる事が肝心だ。,"No matter what the problem is, it's essential to get at the heart of the matter."
b2252b99e0,本音,ほんね,honne,real intention; motive,N1,n,1522250,,社長は言うことと本音が違う。,My boss says one thing and means another.
53dd27cd3f,ほんの,ほんの,honno,mere; only; just,N1,adj-pn,1011740,本の,クリスマスはほんの２週間先です。,Christmas is only two weeks off.
dc58a8f7d2,本能,ほんのう,honnou,instinct,N1,n; adj-no,1523130,,動物は本能のままに振る舞う。,Animals act on instinct.
832d20702f,本場,ほんば,honba,home; habitat; center; best place; genuine,N1,n; adj-no,1522690,,本場のプレッツェルが食べてみたくなった！,I had an urge to eat an authentic pretzel!
184ff21342,ポンプ,ポンプ,ponpu,pump,N1,n,1126040,,ポンプはちゃんと動かなかった。,The pump didn't work properly.
2f8982fd28,本文,ほんぶん,honbun,text (of document); body (of letter),N1,n,1584270,,この本は本文の部分はそんなに多くない。,There's not so much text in this book.
8da39971fe,本名,ほんみょう,honmyou,real name,N1,n,1523240,,それって、彼女の本名じゃないよ。,That isn't her real name.
25821d4f0c,マーク,マーク,maaku,mark,N1,n,1126140,,,
e7ecb4b0a9,枚,まい,mai,counter for flat objects (e.g. sheets of paper),N1,ctr,1524610,,このページのコピーを３枚とってください。,Please make three copies of this page.
5e72c71c76,埋蔵,まいぞう,maizou,buried property; treasure trove,N1,n; vs; vt,1524560,,彼らは埋蔵された宝物を求めて砂漠を探検した。,They explored the desert in quest of buried treasure.
e8815c7d25,舞う,まう,mau,to dance; to flutter about; to revolve,N1,v5u; vi,1499100,,ヒラヒラと桜の花が舞っている。もうお花見の季節も終わりだな。,It looks like cherry blossom-viewing season is at an end. You can see the petals fluttering down.
c4991b3b08,真上,まうえ,maue,just above; right overhead,N1,n; adj-no,1363940,,ガラス製のシャンデリアがテーブルの真上に下がっていた。,A crystal chandelier was hanging over the table.
7b855940b0,前売り,まえうり,maeuri,advance sale; booking,N1,n; vs; vt,1603780,,予約は全て前売りである。,All the seats are sold in advance.
48da2af325,前置き,まえおき,maeoki,preface; introduction,N1,n; vs; vi,1393630,,彼は前置きとして、すこし話した。,He said a few words by way of preface.
363e220d56,前もって,まえもって,maemotte,in advance; beforehand; previously,N1,adv,1603820,,私は前もってあなたに知らせる。,I will let you know in advance.
4153c37df5,任す,まかす,makasu,to entrust; to leave to a person,N1,v5s; vt,1467130,,彼は重大な使命を任された。,He was given an important mission.
4477736693,負かす,まかす,makasu,to defeat,N1,v5s; vt,1497950,,あんなやつを負かすのはお茶の子さいさいだ。,I can beat him hands down.
cb43087881,賄う,まかなう,makanau,to give board to; to provide meals; to pay,N1,v5u; vt,1562510,,新しい事業は何人かの事業家によって資金を賄われた。,The new venture was financed by a group of entrepreneurs.
c20ba5147f,巻,まき,maki,volume,N1,n,1211140,,,
1635a19afd,紛らわしい,まぎらわしい,magirawashii,confusing; misleading; equivocal; ambiguous,N1,adj-i,1504990,,これはちょっと紛らわしいな。,This is a bit confusing.
4e9975ebd2,紛れる,まぎれる,magireru,to be diverted; to slip into,N1,v1; vi,1505010,,私の手紙は郵送中にどこかに紛れてしまったに違いない。,My letter must have gone astray in the mail.
f73eba62cf,膜,まく,maku,membrane; film,N1,n,1524850,,冷たい牛乳は好きだけど、温めた牛乳はあまり好きじゃない。あの白い膜と匂いが苦手なんだ。,"I like cold milk, but not hot milk. The white membrane and the smell that develops bother me."
f1d383593c,捲る,まくる,makuru,verb suffix to indicate reckless abandon to the activity,N1,aux-v; v5r,1257800,,株主たちはもうけまくっています。,The stockholders are making money hand over fist.
9d2c461a37,真心,まごころ,magokoro,sincerity; devotion,N1,n; adj-no,1363970,,彼女は彼に真心こめて感謝しました。,She thanked him with all her heart.
74601e860d,まごつく,まごつく,magotsuku,to be confused; to be flustered,N1,v5k; vi,1012100,,,
ef7ac8431d,誠,まこと,makoto,truth; faith; fidelity; sincerity; trust; confidence; reliance; devotion,N1,n,1580555,,手八丁口八丁の彼だけど、誠がないのが玉に瑕だね。,He works fast and is very articulate but his insincerity is his biggest defect.
3e5a78ba5b,真に,まことに,makotoni,truly; actually; really,N1,adv,1381160,,遅れまして、誠に申し訳ありません。,I'm awfully sorry that I was late.
3a292b13b7,正しく,まさしく,masashiku,surely; no doubt; evidently,N1,adv,1376620,,彼女はまさしく支払わされたのだ。,She was jolly well made to pay.
0be04a2d0d,勝る,まさる,masaru,to excel; to surpass; to outrival,N1,v5r; vi,1603910,,睡眠は薬に勝る。,Sleep is better than medicine.
2864340a00,増し,まし,mashi,extra; additional; less objectionable; better; preferable,N1,adj-na,1611600,,非会員は50ドル増しとなります。,Non-members pay an additional 50 dollars.
fcb506d21f,交える,まじえる,majieru,to mix; to converse with; to cross (swords),N1,v1; vt,1271660,,彼女はジェスチャーを交えて話した。,She accompanied her words with gestures.
2964d84ae8,真下,ました,mashita,right under; directly below,N1,n; adj-no,1363460,,私の部屋はこの真下です。,My room is just below.
7bc604ca44,まして,まして,mashite,still more; still less (with neg. verb); to say nothing of; not to mention,N1,exp; adv,1237470,況して,メアリーはフランス語を読むことさえできない、まして話すことはできない。,"Mary can't even read French, much less speak it."
9e08dfb738,交わる,まじわる,majiwaru,to cross; to intersect; to associate with; to mingle with; to interest; to join,N1,v5r; vi,1271700,,これらの線は直角に交わる。,These lines meet at right angles.
5f0a12f21a,麻酔,ますい,masui,anaesthesia,N1,n,1603940,,けが人は麻酔から覚めた後痛みで泣きわめいた。,The injured person wailed with pain after recovering from the anaesthesia.
b00b3d1d04,マスコミ,マスコミ,masukomi,mass communication,N1,n,1127900,,イメージはマスコミの情報に形成される。,An image is formed by the information in the media.
994b68956c,股,また,mata,groin; crotch; thigh,N1,n,1267460,,自転車の乗り過ぎで股が痛いです。,My crotch hurts from riding the bicycle too much.
b29a4ed96a,またがる,またがる,matagaru,to extend over or into; to straddle,N1,v5r; vi,1603970,跨る,最後の試験は来月にまたがるだろう。,The final exams will probably carry over into next month.
11c19333fc,瞬き,またたき,matataki,wink; twinkling (of stars); flicker (of light),N1,n; vs,1580190,,彼女はまばたきして涙を止めようとした。,She blinked to stop the tears.
60f77da4d6,待ち合わせ,まちあわせ,machiawase,appointment,N1,n,1410510,,何時にどこで待ち合わせする？,What time and where could we meet?
4984694e6d,間違う,まちがう,machigau,to make a mistake; to be incorrect; to be mistaken,N1,v5u; vi,1611610,,彼女の名前のつづりが間違っていた。,Her name was spelled wrong.
12610e01b7,待ち遠しい,まちどおしい,machidooshii,looking forward to,N1,adj-i,1410480,,パーティーが待ち遠しくて仕方ない。,I just can't wait for the party.
a9c1579160,待ち望む,まちのぞむ,machinozomu,to look anxiously for; to wait eagerly for,N1,v5m; vt,1410580,,これを待ち望んでいました。,This is what I was waiting for.
24cf50fa20,まちまち,まちまち,machimachi,several; various; divergent; conflicting; different; diverse; trivial,N1,adj-no; adj-na; n,1604010,区々,その件について彼らの意見はまちまちだ。,Their views vary on the subject.
a6b638592c,末期,まっき,makki,"closing years (period, days); last stage",N1,n,1604040,,その物語の舞台は明治末期の日本である。,The setting of the story is Japan in the late Meiji period.
8724f25af8,マッサージ,マッサージ,massaaji,massage,N1,n; vs; vt,1128360,,あのマッサージ、気持ちよかった。,That massage felt good.
0c84e3be76,真っ二つ,まっぷたつ,mapputatsu,in two equal parts,N1,n,1363280,,トムはリンゴを真っ二つに切った。,Tom cut the apple in half.
0234ae0bc2,纏まり,まとまり,matomari,conclusion; settlement; consistency,N1,n,1440910,,この組織はまとまりに欠けている。,This organization lacks unity.
fa2a840942,まとめ,まとめ,matome,settlement; conclusion,N1,n,1440920,纏め,クラスをまとめるのが君の役目だ。,It is your responsibility to bring the class together.
d8bd0de451,免れる,まぬがれる,manugareru,to escape from; to be rescued from; to avoid; to evade; to avert; to elude; to be exempted,N1,v1; vt,1584670,,われわれはかろうじて事故を免れた。,We narrowly missed the accident.
110edd2c50,招き,まねき,maneki,invitation,N1,n,1349570,,お招き下さってありがとうございました。,It was kind of you to invite us.
3904257f59,麻痺,まひ,mahi,paralysis; palsy; numbness; stupor,N1,n; vs; vi,1604160,,ゼネストで国中の機能が麻痺した。,The general strike paralyzed the whole country.
32afdf9540,間々,まま,mama,occasionally; frequently,N1,adv,1604170,,,
e0f4bf005a,眉,まゆ,mayu,eyebrow,N1,n,1486270,,妻の死の知らせを聞いてもまゆ一つ動かさなかった。,He did not even raise an eyebrow at the news of his wife's death.
7444466df7,鞠,まり,mari,ball,N1,n,1226280,,,
3bc1b71a60,丸ごと,まるごと,marugoto,in its entirety; whole; wholly,N1,adv,1216410,,彼女は１課を丸ごと暗記することで満点を取った。,She got full marks by memorizing the whole lesson.
7d2fc5b5b0,丸っきり,まるっきり,marukkiri,completely; perfectly; just as if,N1,adv,1216270,,おもってたのとまるっきり違いますねえ。,It's really different from what I expected.
65cd5f0ee7,丸々,まるまる,marumaru,completely,N1,adv; adv-to,1604260,,明日で丸々１週間雨が降り続く事になっているでしょう。,It will have been raining a whole week tomorrow.
ada31963c3,丸める,まるめる,marumeru,to make round; to round off; to roll up; to curl up; to seduce; to cajole; to explain away,N1,v1; vt,1216300,,より寒い日には、体を丸めたり、雪の中に穴を掘ったりする。,"On colder days, they curl up or dig a hole in the snow."
d172705e37,満月,まんげつ,mangetsu,full moon,N1,n; adj-no,1526770,,満月でしたか新月でしたか。,Was it a full moon or a new moon?
f7ffaf9ec1,満場,まんじょう,manjou,unanimous; whole audience,N1,n; adj-no,1526820,,非常にうまい洒落だったので、満場爆笑した。,It was such a nice joke that everybody burst out laughing.
c87b23e06b,真ん前,まんまえ,manmae,right in front; under the nose,N1,adj-no; adv,1363350,,その店はちょうど駅の真ん前にあります。,The shop is just in front of the station.
61b39f2848,真ん丸い,まんまるい,manmarui,perfectly circular,N1,adj-i,1363330,,,
68e9c896bf,三,み,mi,three,N1,num,1579350,,彼は手荷物が三個あった。,He had three pieces of baggage.
7e068a9494,見合い,みあい,miai,formal marriage interview,N1,n; vs; vi,1259550,,私は彼がおじさんの世話で今日見合いをすることを知っています。,I know that he will be introduced to a lady by his uncle today.
c0f31ccbd4,見合わせる,みあわせる,miawaseru,to exchange glances; to postpone; to suspend operations; to refrain from performing an action,N1,v1; vt,1259570,,ガラクタを見て、彼らは互いに顔を見合わせました。,"They looked at the rubbish, then they looked at each other."
4b53630a67,見落とす,みおとす,miotosu,to overlook; to fail to notice,N1,v5s; vt,1260140,,アメリカ人は何を見落としているのだろうか。,What are Americans overlooking?
b93e0a31d0,未開,みかい,mikai,savage land; backward region; uncivilized,N1,adj-no; n,1527190,,その当時、そこには未開民族が住んでいた。,A savage tribe lived there in those days.
fad263d0b1,味覚,みかく,mikaku,taste; palate; sense of taste,N1,n,1527020,,風邪で彼の味覚は鈍くなっていた。,A cold dulled his taste.
62dfbdbf3f,見掛ける,みかける,mikakeru,to (happen to) see; to notice; to catch sight of,N1,v1; vt,1604430,,私は安室奈美恵を見かけた。,I caught sight of Namie Amuro.
63607fd708,見方,みかた,mikata,viewpoint,N1,n,1260070,,私の見方ではもう少し待つほうがよさそうだ。,"From my point of view, it would be better to wait a little longer."
64a9f67d24,幹,みき,miki,(tree) trunk,N1,n,1577640,,きつつきは、長く尖ったくちばしで、木の幹をつついて、中にいる虫を食べます。,Woodpeckers peck tree trunks with their long pointed beaks and eat insects found there.
88bc3515f2,見苦しい,みぐるしい,migurushii,unsightly; ugly,N1,adj-i,1259500,,ここだけの話だけれど、あの太った見苦しい魔女は減量中なのだ。,"Between ourselves, the fat ugly witch is on a diet."
2b0e48cde1,見込み,みこみ,mikomi,hope; prospects; expectation,N1,n,1604480,,そんな計画はほとんど成功する見込みはありません。,Such a plan can hardly succeed.
bd247508be,未婚,みこん,mikon,unmarried,N1,adj-no; n,1527480,,その実験は未婚の男性１００人を対象に行われた。,The experiment was made on a hundred unmarried males.
1534662816,未熟,みじゅく,mijuku,inexperience; unripeness; raw; unskilled; immature; inexperienced,N1,adj-na; n,1527560,,彼のフランス語の知識は未熟だ。,His knowledge of French is poor.
2bbc3577e1,微塵,みじん,mijin,particle; atom,N1,n,1486050,,彼には親切心などみじんもない。,He doesn't have a particle of kindness in his heart.
434fc61861,水気,みずけ,mizuke,moisture; dampness; vapor; dropsy; edema,N1,n,1371390,,お風呂から上がって脱衣所に入る時は、タオルでしっかり水気を拭き取りましょう。,"When you get out of the bath, dry yourself off before going into the dressing room."
2606862998,ミスプリント,ミスプリント,misupurinto,misprint,N1,n,1130830,,この教科書は、急いで印刷したためにミスプリントがたくさんある。,"This textbook, having been printed in haste, has a lot of printing mistakes."
e4c887588d,見すぼらしい,みすぼらしい,misuborashii,shabby; seedy,N1,adj-i,1259180,,トム、みすぼらしい服を着てたわ。,Tom was wearing shabby clothes.
4b7e4383b0,ミセス,ミセス,misesu,Mrs.,N1,n,1130880,,,
0ac82e3b35,見せびらかす,みせびらかす,misebirakasu,to show off; to flaunt,N1,v5s; vt,1259200,,彼女は宝石を得意げに見せびらかした。,She proudly displayed her jewels.
8cfbd85b71,見せ物,みせもの,misemono,show; exhibition,N1,n,1259240,,,
084bab949b,満たす,みたす,mitasu,to satisfy; to ingratiate; to fill; to fulfill,N1,v5s; vt,1526670,,このコップをミルクで満たした。,I filled this glass with milk.
492bf6e2fc,乱す,みだす,midasu,to throw out of order; to disarrange; to disturb,N1,v5s; vt,1548930,,父は私の楽観を乱さないことにした。,My father chose not to disturb my optimism.
affcd995c2,乱れる,みだれる,midareru,to get confused; to be disordered; to be disturbed,N1,v1; vi,1548940,,ダイヤが乱れていた。,The timetable was disrupted.
5fe2bc62e1,未知,みち,michi,not yet known,N1,adj-no; n,1527770,,ソフイーは未知の差し出し人からまた手紙が来るのを心待ちにしていた。,Sophie had been looking forward to getting another letter from the unknown sender.
72f6bc6de3,身近,みぢか,mijika,near oneself; close to one; familiar,N1,adj-na; n,1365650,,そもそも事故の大半は熱帯雨林ではなく、身近な場所でおこるのである。,"Most accidents, after all, happen around the corner, not in the rainforest."
cfaa0c9c42,導く,みちびく,michibiku,to be guided; to be shown,N1,v5k; vt,1453680,,彼女は老人を部屋に導いた。,She led the old man into the room.
05164a42ee,蜜,みつ,mitsu,nectar; honey,N1,n,1647880,,口の中には蜜、心の中には毒。,Honey in the mouth and poison in the heart.
64374f31d6,密集,みっしゅう,misshuu,crowd; close formation; dense,N1,n; vs; vi,1528280,,この森には野ブドウが密集して生えている。,There is a dense growth of vines in this forest.
aac21ad21e,密接,みっせつ,missetsu,related; connected; close; intimate,N1,adj-na; n,1528290,,オランダ語はドイツ語と密接なつながりがある。,Dutch is closely related to German.
14c9478686,密度,みつど,mitsudo,density,N1,n,1528320,,,
567666993e,見積り,みつもり,mitsumori,estimation; quotation,N1,n,1604590,,特別価格の見積りです。,We have quoted special prices.
7c7723d97e,未定,みてい,mitei,not yet fixed; undecided; pending,N1,adj-no; adj-na; n,1527830,,計画はまだ未定である。,The plans are still up in the air.
5e7cd7436c,見通し,みとおし,mitooshi,perspective; unobstructed view; outlook; forecast; prospect; insight,N1,n,1604610,,その法案は今会期中に成立する見通しである。,The bill is expected to be enacted during the present session.
12c93760ce,源,みなもと,minamoto,source; origin,N1,n,1263360,,その川の源は日本アルプス山中にある。,The river has its origin in the Japan Alps.
676ccd8a3b,身なり,みなり,minari,personal appearance,N1,n,1365570,,こんな身なりで外出するのは気が引ける。,I'm ashamed to go out dressed like this.
1bdd837b48,峰,みね,mine,peak; ridge,N1,n,1516250,,その峰は雲の上にそびえている。,The peak rises above the clouds.
553c385823,見逃す,みのがす,minogasu,to miss; to overlook; to leave at large,N1,v5s; vt,1604670,,これは絶対見逃せないよ。,It's just too good to pass up.
5f2d1f7cc1,見晴らし,みはらし,miharashi,view,N1,n,1259770,,そのホテルは見晴らしがよい。,The hotel has a good prospect.
5fbb3143b5,身振り,みぶり,miburi,gesture,N1,n,1365720,,彼はもう我慢がならないという身振りをした。,He made a gesture of impatience.
b94f734eb4,脈,みゃく,myaku,pulse,N1,n,1528440,,脈が遅いです。,My pulse is slow.
e3fc8893fa,ミュージック,ミュージック,myuujikku,music,N1,n,1131680,,私は場末のジャズクラブに行って、ライブミュージックを楽しみます。,I like to go to a local jazz club where I can enjoy live music.
bd88a27e3e,未練,みれん,miren,lingering affection; attachment; regret(s); reluctance,N1,n; adj-na,1528130,,彼女にはまだ未練がある。,I still have some feelings for her.
5911280a02,見渡す,みわたす,miwatasu,to look out over; to survey (scene); to take an extensive view of,N1,v5s; vt,1259920,,この城から町を見渡すことができる。,This castle overlooks the city.
f3f52aaa64,民主,みんしゅ,minshu,democratic; the head of the nation,N1,n,1528790,,,
83127f9e88,民宿,みんしゅく,minshuku,private home providing lodging for travelers,N1,n,1528950,,あの民宿なら、素泊まり５千円だよ。,"That inn is 5,000 yen a night, meals excluded."
78fbae6020,民俗,みんぞく,minzoku,people; race; nation; racial customs; folk customs,N1,n,1604745,,,
f95af79628,民族,みんぞく,minzoku,people; race; nation; racial customs; folk customs,N1,n,1604740,,アジアにはたくさんの民族がいる。,There are many people in Asia.
c4641cd0b3,無意味,むいみ,muimi,nonsense; no meaning,N1,adj-na; n,1529610,,だが俺はお前のとって永遠に無意味なまま。,But for you I'll always be insignificant.
f15bb22d8e,ムード,ムード,muudo,mood,N1,n,1132190,,街はクリスマスムード一色・・・もうじきイブだ。,The streets are in full Christmas mood - it's almost Christmas Eve.
abe619fbd8,向き,むき,muki,direction; situation; exposure; aspect; suitability,N1,n; n-suf,1277040,,これは若者向きの車です。,This is a car for young people.
edaccd91e0,無口,むくち,mukuchi,reticence,N1,adj-na; adj-no; n,1529940,,大きくて、のろくて、無口でした。,He was big and slow and silent.
47fbf8e6d0,向け,むけ,muke,for ~; oriented towards ~,N1,n-suf,1277090,,乗り物は子供向けである。,Rides in the cars are for kids.
f6bb133d94,婿,むこ,muko,son-in-law,N1,n,1531160,,,
8c2103a006,無効,むこう,mukou,invalid; no effect; unavailable,N1,adj-no; adj-na; n,1529930,,脅迫のもとになされた約束は無効だ。,A promise given under a threat is worthless.
e167b2659b,無言,むごん,mugon,silence,N1,n; adj-no,1529860,,無言が記録されたためしはない。,No silence was ever written down.
10d56dc624,無邪気,むじゃき,mujaki,innocence; simple-mindedness,N1,adj-na; n,1530080,,彼女は無邪気を装った。,She put on an air of innocence.
4d0b322af9,毟る,むしる,mushiru,to pluck; to pick; to tear,N1,v5r; vt,1568540,,ぐはっ！？俺の貴重な頭髪を、むしるな！,O-oi!? Don't rip off my precious hair!
7fe8112793,結び,むすび,musubi,ending; conclusion; union,N1,n,1254610,,彼の努力が好成績に結びついた。,His efforts led to good results.
0c228be627,結び付き,むすびつき,musubitsuki,connection; relation,N1,n,1254630,,結婚は男女の結びつきである。,Marriage is the union of a man and woman.
4856036a33,結び付く,むすびつく,musubitsuku,to be connected or related; to join together,N1,v5k; vi,1254640,,彼の努力が好成績に結びついた。,His efforts led to good results.
d89704e126,結び付ける,むすびつける,musubitsukeru,to combine; to join; to tie on; to attach with a knot,N1,v1; vt,1254650,,ロープを木に結び付けなさい。,Fasten the rope to the tree.
037267ccd8,無線,むせん,musen,wireless; radio,N1,n,1530380,,パイロットは無線で空港と情報を交換する。,Pilots communicate with the airport by radio.
88c5764dde,無駄遣い,むだづかい,mudazukai,waste money on; squander money on; flog a dead horse,N1,n; vs; vt,1530520,,なんてひどいむだ使いでしょう。,What a fearful waste of money!
c90e42cede,無断,むだん,mudan,without permission; without notice,N1,n; n-pref,1530600,,彼女はよく無断欠席をする。,She is often absent without leave.
a256653cab,無知,むち,muchi,ignorance,N1,n; adj-na,1530630,,彼はすぐに無知をさらけ出した。,He soon betrayed his ignorance.
5a1c5f8bb5,無茶,むちゃ,mucha,absurd; unreasonable; excessive; rash; absurdity; nonsense,N1,adj-na; n,1530670,,冬にその山に登るなんて彼は無茶だ。,He'd be crazy to climb the mountain in winter.
55bc6ede70,無茶苦茶,むちゃくちゃ,muchakucha,confused; jumbled; mixed up; unreasonable,N1,n; adj-na,1530680,,彼女は泣きながら、彼からの手紙をむちゃくちゃに引き裂いて捨てた。,"In tears, she tore up his letter and threw it away."
8c40174a35,空しい,むなしい,munashii,vacant; futile; vain; void; empty; ineffective; lifeless,N1,adj-i,1245370,,彼の死は彼らの生活に空しさをもたらした。,His death has left a vacuum in their lives.
305f477ff6,無念,むねん,munen,chagrin; regret,N1,n; adj-na; adj-no,1530770,,,
28d427532a,無能,むのう,munou,inefficiency; incompetence,N1,n; adj-na; adj-no,1530780,,あらゆる芸術評論家達は無能であり危険な存在である。,Regard all art critics as useless and dangerous.
7a146a885e,無闇に,むやみに,muyamini,unreasonably; absurdly; recklessly; indiscreetly; at random,N1,adv,1529590,,私はむやみに人と約束はしない。,I don't make a promise to someone without taking it seriously.
b43cf88b29,無用,むよう,muyou,useless; futility; needlessness; unnecessariness,N1,adj-na; n,1530940,,無用の立ち入り禁止。,No admittance except on business.
a1a3c1e34b,群がる,むらがる,muragaru,to swarm; to gather,N1,v5r; vi,1247500,,群衆が現場に群がった。,A crowd gathered at the scene.
7f13f5edd2,無論,むろん,muron,of course; naturally,N1,adv,1531080,,彼は英語は無論のこと、フランス語も話します。,"He speaks French, not to speak of English."
76a17f8fb8,名産,めいさん,meisan,noted product,N1,n,1531520,,,
7d367ef36a,名称,めいしょう,meishou,name,N1,n,1531620,,この会の名称はＥ．Ｓ．Ｓ．とする。,This association shall be called the E.S.S.
c8935df87f,命中,めいちゅう,meichuu,a hit,N1,n; vs; vi,1532090,,昨日は４発命中しただけでした。,I only shot four bull's-eyes yesterday.
41432923e5,明白,めいはく,meihaku,obvious; overt; plainly; frankly,N1,adj-na,1000220,,何をしなければならないかは明白です。,It is clear what must be done.
1c86d23476,名簿,めいぼ,meibo,register of names,N1,n,1531830,,名簿に私の名前も追加してください。,Please add my name to the list.
b2d9553d2b,名誉,めいよ,meiyo,honor; credit; prestige,N1,n; adj-na,1531870,,招待された事は大変な名誉です。,It is a great honor to be invited.
7f1212c5b6,明瞭,めいりょう,meiryou,clarity,N1,adj-na; n,1532620,,その２語の用法の区別は明瞭である。,The distinction in usage between the two words is clear.
97072c51a7,明朗,めいろう,meirou,bright; clear; cheerful,N1,adj-na,1532640,,彼は明朗快活な青年だ。,He is a cheerful young man.
98f763f2b9,メーカー,メーカー,meekaa,maker,N1,n,1132420,,そのテレビのメーカーは日本の企業である。,The manufacturer of the television set is a Japanese company.
1ffaa51309,目方,めかた,mekata,weight,N1,n,1535680,,塩は目方で売られる。,Salt is sold by weight.
9f9849e508,恵み,めぐみ,megumi,blessing,N1,n,1250470,,神は私に富をお恵みくださった。,God has blessed me with riches.
46e1610514,恵む,めぐむ,megumu,to bless; to show mercy to,N1,v5m; vt,1250480,,その男は私に金を恵んでくれと頼んだ。,The man begged me for money.
647bdea783,目覚しい,めざましい,mezamashii,brilliant; splendid; striking; remarkable,N1,adj-i,1604930,,日本は戦後目覚ましい産業の進歩をとげた。,Japan achieved a remarkable development in industrial technology after the war.
d6278ccc96,目覚める,めざめる,mezameru,to wake up,N1,v1; vi,1535350,,私はこんなに早く目覚めたことはない。,I've never woken up this early.
e9948598ba,雌,めす,mesu,female (animal),N1,n; adj-no,1312880,,カンガルーの雌は子供を腹の袋に入れて動く。,A female kangaroo carries its young in the pouch.
7f47da093d,召す,めす,mesu,to call; to send for; to put on; to wear; to take (a bath); to ride in; to buy; to eat; to drink; to catch (a cold),N1,v5s; vt,1346450,,お風呂をお召しください。,Please take a bath.
6bbabf5f58,目付き,めつき,metsuki,look; expression of the eyes; eyes,N1,n,1535670,,彼女は悩ましい目つきで僕を見た。,She looked at me seductively.
012f6788c4,メッセージ,メッセージ,messeeji,message,N1,n,1133570,,このメッセージは意味をなさない。,This message doesn't make sense.
f8ce45a1e1,滅亡,めつぼう,metsubou,downfall; ruin; collapse; destruction,N1,n; vs; vi,1533030,,仮に核戦争が起こったとすれば、人類は滅亡するだろう。,"If a nuclear war were to break out, mankind would perish."
264dbc7769,メディア,メディア,media,media,N1,n,1133620,,このメディアには記録することができない。,It is not possible to record in this media.
bb06602638,目盛,めもり,memori,scale; gradations,N1,n,1605030,,この定規にはミリメートルの目盛りがある。,This ruler has the scale in millimeters.
08fe449685,メロディー,メロディー,merodii,melody,N1,n,1134150,,このメロディーは多くの日本人に知られている。,This melody is familiar to many Japanese.
9f6a0cdf6c,面会,めんかい,menkai,interview,N1,n; vs; vi,1533440,,あなたに面会したいという婦人がいます。,There's a lady asking for you.
7169d757fd,免除,めんじょ,menjo,exemption; exoneration; discharge,N1,n; vs; vt,1533200,,わたしは、彼女の残業を免除してやった。,I exempted her from working overtime.
29000d2970,面する,めんする,mensuru,to face on; to look out on to,N1,vs-s; vi,1533400,,ニューヨークは、ハドソン川に面している。,New York is on the Hudson River.
1dd4a1423d,面目,めんぼく,menboku,face; honour; reputation; prestige; dignity; credit,N1,n,1533590,,ケンはその試験に合格して面目を保った。,Ken saved his face by passing the examination.
ac2fe3732a,設ける,もうける,moukeru,to create; to establish,N1,v1; vt,1386000,,イギリスは多くの植民地を設けた。,Britain established many colonies.
b843d494ba,申し入れる,もうしいれる,moushiireru,to propose; to suggest,N1,v1; vt,1363010,,同じ頃、事務員・有村夏恵は、今月を限りに退職する旨を五鬼上に申し入れた。,"At the same time, the clerk Natsue Arimura told Gokijo of her intent to resign after this month."
c6ce77ca05,申し込み,もうしこみ,moushikomi,application; entry; request; subscription; offer; proposal; overture; challenge,N1,n,1605140,,結婚の申し込みが殺到した。,Marriage proposals flooded in.
5aa2622835,申出,もうしで,moushide,proposal; request; claim; report; notice,N1,n,1362920,,なぜ彼の申し出を断ったのですか。,Why did you turn down his offer?
ba2699e0fa,申し出る,もうしでる,moushideru,to report to; to tell; to suggest; to submit; to request; to make an offer,N1,v1; vt,1362930,,私は彼女にお金を貸そうと申し出た。,I offered to lend money to her.
ab6f675ec9,申し分,もうしぶん,moushibun,objection; shortcomings,N1,n,1363030,,その人が申し分がないからといって、恋に落ちるわけではない。,You don't fall in love with somebody because he's perfect.
37a8128b31,盲点,もうてん,mouten,blind spot,N1,n,1534280,,,
e440e0684c,猛烈,もうれつ,mouretsu,violent; vehement; rage,N1,adj-na,1534100,,警官がやってくるのを見ると彼は猛烈に走り出した。,"When he saw a policeman coming, he began to run like anything."
0b65c779f2,モーテル,モーテル,mooteru,motel,N1,n,1135150,,この通りのモーテルはどこも満室だ。,All the motels on this road are full.
f3cfd2a1e8,もがく,もがく,mogaku,to struggle; to wriggle; to be impatient,N1,v5k; vi,1012490,藻掻く,その動物は檻から出ようともがいた。,The animal struggled to get out of the cage.
303fa096e1,目録,もくろく,mokuroku,catalogue; catalog; list,N1,n,1535710,,７月２２日付けのお手紙につきまして私共の最新の目録を同封します。,"With regard to your letter of July 22nd, I enclose our most recent catalogue."
d58572d331,目論見,もくろみ,mokuromi,a plan; a scheme; a project; a program; intention; goal,N1,n,1535730,,私は自分の目論見を漏らさないように用心した。,I was wary of showing my intention.
9baecfa9f3,模型,もけい,mokei,model; dummy; maquette,N1,n; adj-no,1533650,,父は私に船の模型を作ってくれた。,Father made me a model of a ship.
912c2148b4,模索,もさく,mosaku,groping (for),N1,n; vs; vt,1533660,,より簡単な解決策を模索している。,I'm looking for a simpler solution.
16f035d374,もしかして,もしかして,moshikashite,perhaps; possibly,N1,adv,1012520,若しかして,ああ、もしかして名前を呼ばれるのが恥ずかしいって？,"Ah, could it be you're embarrassed to be called by your first name?"
b81e9f6d15,若しくは,もしくは,moshikuwa,or; otherwise,N1,conj,1324320,,７０年もしくは８０年が人間の普通の寿命期間である。,Seventy or eighty years is the normal span of a man's life.
f9c050f95c,もたらす,もたらす,motarasu,to bring; to take; to bring about,N1,v5s; vt,1573190,,富は幸福をもたらすとは限らない。,Wealth does not always bring us happiness.
fc348186ae,持ち,もち,mochi,hold; charge; keep possession; in charge; wear; durability; life; draw; usage (suff),N1,n; n-suf,1612060,,この種の洋服地は持ちがよくないだろう。,The suit materials of this sort will not stand up well.
f77942b430,持ち切り,もちきり,mochikiri,hot topic; talk of the town,N1,n,1315630,,社内はそのニュースのことで持ちきりだった。,They talked about nothing but the news in the company.
0a4e418b78,以て,もって,motte,with; by; by means of; because; in view of,N1,exp,1155020,,その状況は戦争を以てしか決着できない。,The situation could only be settled by war.
c5e616bbf8,専ら,もっぱら,moppara,wholly; solely; entirely,N1,adv; adj-no,1389740,,政治に対する私の関心は専ら学問上のものです。,My interest in politics is strictly academic.
d1f2f342ca,もてなす,もてなす,motenasu,to entertain; to make welcome,N1,v5s; vt,1315740,持て成す,主人はパーティーで私達をもてなしてくれた。,The host entertained us at the party.
b1f1dc3610,持てる,もてる,moteru,to be well liked; to be popular,N1,v1; vi,1315730,,彼はもてる物すべてを失った。,He lost his all.
c2b9455981,基,もとい,motoi,basis,N1,n,2219600,,,
123bb613f5,モニター,モニター,monitaa,(computer) monitor,N1,n,1135430,,医師は患者の心臓の鼓動と血圧をモニターで監視した。,The doctor monitored the patient's heartbeat and blood pressure.
595555080c,物好き,ものずき,monozuki,curiosity,N1,n; adj-na,1502500,,トムは大の動物好きだ。,Tom really loves animals.
1bf02a30c2,物足りない,ものたりない,monotarinai,unsatisfied; unsatisfactory,N1,adj-i,1502650,,このドラマは単純な勧善懲悪もので、今一つ深みに欠けて物足りない。,This drama is missing something. All it is is a simple cautionary tale with no real depth.
dd45f4d60f,最早,もはや,mohaya,already; now,N1,adv,1294170,,もはや言うことはない。,I have nothing further to say.
9cabd94371,模範,もはん,mohan,exemplar; exemplification; exemplum; model; example,N1,n,1533690,,あなたの答案を模範答案と比較しなさい。,Compare your paper with the model one.
efd9b9c1fc,模倣,もほう,mohou,imitation; copying,N1,n; vs; vt,1533700,,全ての子供には、尊敬し模倣する人が必要だ。,Every child needs someone to look up to and copy.
30c939edbf,揉める,もめる,momeru,to disagree; to dispute,N1,v1; vi,1567630,,彼らは財産分けのことでもめている。,They are arguing about their share of the property.
b8b395d09e,腿,もも,momo,thigh; femur,N1,n,1605310,,スケートをするには強い腿の筋肉が必要である。,You need to have strong thigh muscles to skate.
a86e81be17,催す,もよおす,moyoosu,to hold (a meeting); to give (a dinner); to feel; to show signs of; to develop symptoms of,N1,v5s; vt,1292160,,彼は勉強を始めるとどうして眠気を催すのだろうか。,Why should he feel drowsy whenever he begins to study?
9e45c25695,漏らす,もらす,morasu,to let leak; to reveal,N1,v5s; vt,1605320,,彼は仕事が終わったとき、ため息を漏らした。,He let out a sigh when the job was finished.
2f11827eb9,盛り上がる,もりあがる,moriagaru,to rouse; to swell; to rise,N1,v5r; vi,1379690,,火山活動で地面が盛り上がった。,The surface of the earth rose due to the volcanic activity.
52fc6f1676,漏る,もる,moru,to leak; to run out,N1,v5r; vi,1560840,,雨が降ると必ず屋根から雨水が漏る。,"Every time it rains, the roof leaks."
f68af590e0,漏れる,もれる,moreru,to leak out; to escape; to come through; to shine through; to filter out; to be omitted,N1,v1; vi,1605330,,ガスがパイプから漏れているようです。,Gas seems to be escaping from the pipe.
f6b83448e3,脆い,もろい,moroi,brittle; fragile; tender-hearted,N1,adj-i,1382220,,彼が作った模型飛行機はもろかった。,His paper plane was fragile.
387f269355,もろに,もろに,moroni,completely; all the way,N1,adv,1012710,,彼はもろに壁にぶつかった。,He ran sheer into the wall.
f3d5f7044e,問,もん,mon,problem; question,N1,suf; ctr,1634040,,彼女は試験で四問目をぬかしてしまった。,She left out the fourth question on the examination.
b8aa9a9501,矢,や,ya,arrow,N1,n,1537760,,彼はその兵士をねらって矢を放った。,He shot an arrow at the soldier.
1595a18d12,野外,やがい,yagai,fields; outskirts; open air; suburbs,N1,n,1537270,,天気が良かったので、その野外コンサートは大成功だった。,"Thanks to the good weather, the outdoor concert was a success."
250e369af1,夜具,やぐ,yagu,bedding,N1,n,1536660,,母はひろしの夜具をぐいと引き剥がした。,Mother yanked the bedclothes off Hiroshi.
f97c0391b5,役職,やくしょく,yakushoku,post; managerial position; official position,N1,n,1538040,,彼は策略で役職から追い出された。,He was maneuvered out of office.
dc0658901e,役立つ,やくだつ,yakudatsu,to be useful; to be helpful; to serve the purpose,N1,v5t; vi,1538090,,英語は商業において役立つ。,English is useful in commerce.
da545eed32,役場,やくば,yakuba,town hall,N1,n,1538030,,ここが役場です。,This is the Town Hall.
957434f95c,優,やさ,yasa,gentle; affectionate,N1,pref,1539020,,父は母のことを優しく抱きしめた。,Father embraced Mother lovingly.
50dfb74464,屋敷,やしき,yashiki,mansion,N1,n,1605460,,彼はいなかの屋敷に住んでいる。,He lives on his country estate.
aab82c800b,養う,やしなう,yashinau,to rear; to maintain; to cultivate,N1,v5u; vt,1547090,,我々は精神を養わなければならない。,We need to nourish our spirit.
12b7d3e1db,社,やしろ,yashiro,Shinto shrine,N1,n,1322660,,この社はジュピターにささげられたものだ。,This shrine is sacred to Jupiter.
f44b9e17b3,野心,やしん,yashin,ambition; aspiration; designs; treachery,N1,n,1537430,,彼は野心があるために熱心に働いた。,His ambition made him work hard.
ee1446d4cb,易い,やすい,yasui,easy,N1,adj-i,1156990,,言うは易く行うは難し。,It's easier said than done.
dfac47f1ac,安っぽい,やすっぽい,yasuppoi,cheap-looking; tawdry; insignificant,N1,adj-i,1153680,,彼女の服はとても安っぽい生地でできていた。,Her dress was made of very cheap material.
49b4e155dc,休める,やすめる,yasumeru,to rest; to suspend; to give relief,N1,v1; vt,1227570,,今日は休めと言われたんだけど。,He said that I shouldn't even be coming in today.
f3edf29743,野生,やせい,yasei,wild,N1,adj-no,1537470,,野原には野生の花がたくさんある。,The fields abound in wild flowers.
bd3e76856f,矢鱈に,やたらに,yatarani,randomly; recklessly; blindly,N1,,,,,
d6c56bc73f,夜中,やちゅう,yachuu,all night; the whole night,N1,n; adv,1584830,,その晩と次の日とその夜中ずっと地下室で過ごしたのよ。,"We spent all of that night, the next day, and the next night in the cellar."
f3203359ee,奴,やっこ,yakko,servant; fellow,N1,n,1445630,,,
7f32303a71,野党,やとう,yatou,opposition party,N1,n,1537580,,与党は野党非難のキャンペーンを展開しています。,The ruling party is running a smear campaign against the opposition.
f95cf14304,病,やまい,yamai,illness; disease,N1,n,1490160,,ジョンのおばあさんは長い間病に伏せていたが、亡くなった。,John's grandmother passed away after a long illness.
d7a2fbbfc9,闇,やみ,yami,darkness; the dark; black-marketeering; dark; shady; illegal,N1,n; adj-no,1154910,,闇とは光がないことです。,Darkness is the absence of light.
1abdb69949,病む,やむ,yamu,to fall ill; to be ill,N1,v5m; vi,1490210,,彼女は痛風を病んでいる。,She is affected with the gout.
7e3f27dbb0,ややこしい,ややこしい,yayakoshii,puzzling; tangled; complicated; complex,N1,adj-i,1012870,,あの５人の関係は、ややこしい。,The relationships among those five people are complicated.
720c79d386,遣り通す,やりとおす,yaritoosu,to carry through; to achieve; to complete,N1,v5s,1260440,,君は計画を遣り通さなければならない。,You must go through with your plan.
8ae69b26ca,やり遂げる,やりとげる,yaritogeru,to accomplish,N1,v1; vt,1260430,,私は、その仕事をやり遂げるでしょう。,I will carry through the work.
c2e0607746,和らげる,やわらげる,yawarageru,to soften; to moderate; to relieve,N1,v1; vt,1561960,,その薬は彼の苦痛を和らげた。,The medicine decreased his pain.
5cfbe1ca69,ヤング,ヤング,yangu,young,N1,adj-no,1136400,,ヤング氏は６台も車を持っている。,Mr Young has no less than six cars.
5faae23d3b,優位,ゆうい,yuui,predominance; ascendancy; superiority,N1,n; adj-na,1539100,,広告に関してはコークの方が優位にたっている。,"When it comes to advertising, Coke is ahead of the game."
9332d2b39b,憂鬱,ゆううつ,yuuutsu,depression; melancholy; dejection; gloom,N1,n; adj-na,1605640,,雨が降ると彼女は憂鬱になる。,"When it rains, she feels blue."
a3b8e30808,有益,ゆうえき,yuueki,beneficial; profitable,N1,adj-na; n,1541120,,私にはとても有益だった。,It was of great benefit to me.
1cd603aec5,優越,ゆうえつ,yuuetsu,supremacy; predominance; being superior to,N1,n; vs; vi,1539120,,憲法の規定に従い衆院の議決が参院に優越する。,"Under the Constitution, the lower chamber's resolutions override those of the upper chamber."
9bfec07e36,勇敢,ゆうかん,yuukan,bravery; heroism; gallantry,N1,adj-na; n,1539730,,彼は勇敢でかいかつな少年だ。,He is a brave and cheerful boy.
4d88022d0e,有機,ゆうき,yuuki,organic,N1,adj-f,1541180,,有機キウイです。どうぞご自由にお採り下さい。,Organic kiwi fruit. Feel free to help yourself.
ae14eee163,夕暮れ,ゆうぐれ,yuugure,evening; (evening) twilight,N1,n,1542770,,その校舎は夕暮れの中にきらきらと輝いていた。,The school building was a blaze of light in the evening darkness.
24ed1f170c,融資,ゆうし,yuushi,financing; loan,N1,n; vs; vt,1542600,,銀行はその会社に融資をした。,The bank accommodated the company with a loan.
929201b027,融通,ゆうずう,yuuzuu,lending (money); accommodation; adaptability; versatility; finance,N1,n; vs; vt,1584900,,石油を２、３リッターばかり融通してもらえますか。,Can you spare me a few liters of petrol?
08f7ce07ce,有する,ゆうする,yuusuru,to own; to be endowed with,N1,vs-s; vt,1540950,,偉大な天才は最短の伝記を有する。,Great geniuses have the shortest biographies.
863a435217,優勢,ゆうせい,yuusei,superiority; superior power; predominance; preponderance,N1,n; adj-na,1539340,,人類は地球上で最も優勢である。,The human race is dominant on earth.
c3a437cd2e,優先,ゆうせん,yuusen,preference; priority,N1,n; vs; vt; vi; adj-no,1539390,,この任務はすべての任務に優先する。,This duty has priority over all others.
6f6756c48e,誘導,ゆうどう,yuudou,guidance; leading; induction; introduction; incitement; inducement,N1,n; vs; vt,1542020,,水先案内人は船を港に誘導する。,A pilot guides the ship toward the port.
9dd17b71a5,優美,ゆうび,yuubi,grace; refinement; elegance,N1,adj-na; n,1539560,,彼女の動作はすべて優美だった。,All her motions were graceful.
cf54ac0087,有望,ゆうぼう,yuubou,good prospects; full of hope; promising,N1,adj-na; n,1541600,,彼女は有望な仕事に就いている。,She has a job with good prospects.
599056196d,遊牧,ゆうぼく,yuuboku,nomadism,N1,n; vs; vi; adj-no,1542310,,,
911636ba99,夕焼け,ゆうやけ,yuuyake,sunset,N1,n,1542720,,真っ赤な夕焼けは明日の晴天を告げた。,The deep red of the setting sun portended fine weather.
ce08ad9623,有力,ゆうりょく,yuuryoku,influence; prominence; potent,N1,adj-na; n,1541710,,コカ・コーラは清涼飲料水ではいつも最有力会社だ。,Coke has always been the top dog when it comes to soft drinks.
6a42957468,幽霊,ゆうれい,yuurei,ghost; specter; apparition; phantom,N1,n,1540590,,その家には幽霊が出るといわれる。,The house is said to be haunted.
ed498ffde0,誘惑,ゆうわく,yuuwaku,temptation; allurement; lure,N1,n; vs; vt,1542040,,どんな誘惑にも負けるな。,Don't yield to any temptation.
46b8b4d1cc,歪む,ゆがむ,yugamu,to warp; to swerve; to deflect; to be crooked; to be distorted; to be bent; to incline; to slant; to be perverted,N1,v5m; vi,1585360,,苦痛で彼の顔が歪んでいる。,His face is distorted by pain.
e7fd16d05d,揺さぶる,ゆさぶる,yusaburu,to shake; to jolt; to rock; to swing,N1,v5r; vt,1545600,,強い円が経済を揺さぶっている。,A strong yen is shaking the economy.
8db345d3da,ゆとり,ゆとり,yutori,reserve; affluence; room; time (to spare),N1,n; adj-f,1013070,,私には新車を買うゆとりは無い。,I can't afford a new car.
59589f7029,ユニーク,ユニーク,yuniiku,unique,N1,adj-na,1137120,,会社にパンタロンとアロハシャツを着てくる彼は、かなりユニークな存在だ。,"He's a pretty unique guy, wearing bell bottoms and Hawaiian shirts to the office."
3f164ca482,ユニフォーム,ユニフォーム,yunifoomu,uniform,N1,n,1137430,,チームのメンバーは道具とユニフォームを提供されます。,Team members are provided with equipment and uniforms.
4c2d901737,指差す,ゆびさす,yubisasu,to point at,N1,v5s; vt,1309790,,ツアーのガイドは景色を指さした。,The tour guide pointed out the sight.
b9e2b22bf7,弓,ゆみ,yumi,bow (and arrow),N1,n,1228490,,この弓は張りが強いです。,This bow has a strong draw.
c0a35530c1,揺らぐ,ゆらぐ,yuragu,to swing; to sway; to shake; to tremble,N1,v5g; vi,1545630,,,
182fdae0a6,緩む,ゆるむ,yurumu,to become loose; to slacken,N1,v5m; vi,1214430,,普通ネジはね、のの字に回すと締まって、のの字の反対に回すと緩むんだよ。,Normal screws when turned clockwise will tighten and when turned anti-clockwise will loosen.
31e870b11a,緩める,ゆるめる,yurumeru,to loosen; to slow down,N1,v1; vt,1214440,,その規則は最近緩められた。,The rules were recently relaxed.
0814ddbb40,緩やか,ゆるやか,yuruyaka,lenient,N1,adj-na,1214450,,この学校は規律がやや緩やかだ。,Discipline is rather mild at this school.
9413788b34,世,よ,yo,world; society; age; generation,N1,n,1605810,,新聞は世の動向を左右する。,Newspapers influence the current of time.
53a8f3fc5e,要因,よういん,youin,primary factor; main cause,N1,n; adj-no,1546670,,その犯罪の第一の要因は何ですか。,What is the main cause of the crime?
e298035599,溶液,ようえき,youeki,solution (liquid),N1,n,1546100,,,
2058b2a543,用件,ようけん,youken,business,N1,n,1546250,,その用件は明日まで待てますか。,Can the matter wait till tomorrow?
76255d35db,養護,ようご,yougo,protection; nursing; protective care,N1,n; vs; vt,1605847,,,
78ecbbf24b,用紙,ようし,youshi,blank form,N1,n,1546290,,いま、この用紙に書き込まなくてはいけないのですか。,Should I fill in this form now?
9f069bc7a9,様式,ようしき,youshiki,style; form; pattern,N1,n,1545830,,この服装様式はパリに始まった。,This style of costume originated in Paris.
08791814c0,要する,ようする,yousuru,to demand; to require; to take,N1,vs-s; vt,1546610,,教えるということは大いに忍耐力を要する。,Teaching demands a lot of patience.
16f829442e,要請,ようせい,yousei,claim; demand; request; application,N1,n; vs; vt; vi,1546780,,彼は私の要請については何も言わなかった。,He said nothing as to my request.
64cae32b6b,養成,ようせい,yousei,training; development,N1,n; vs; vt,1547190,,心身共にベストのコンディションで新人養成合宿に臨みましょう。,"With both mind and body in their best condition, let's look forward to the newcomers' training camp."
a9dbd9e8d9,様相,ようそう,yousou,aspect,N1,n,1545840,,コンピューターが産業の様相を大きく変えた。,Computers have changed the industrial picture considerably.
724de6838a,用品,ようひん,youhin,articles; supplies; parts,N1,n,1546400,,衛生用品売り場はどこですか。,Where is the sanitary section?
7f3a84fff7,洋風,ようふう,youfuu,western style,N1,n; adj-no; adj-na,1546010,,私は洋風の家に住んでいます。,I live in a Western-style house.
47f993e9c4,用法,ようほう,youhou,directions; rules of use,N1,n,1546410,,その２語の用法の区別は明瞭である。,The distinction in usage between the two words is clear.
ee2d6b3118,要望,ようぼう,youbou,demand for; request,N1,n; vs; vt,1546830,,ご要望により地図を送ります。,A map is available upon request.
72b86a5ca6,余暇,よか,yoka,leisure; leisure time; spare time,N1,n; adj-no,1543980,,ユリコは余暇に花を生ける。,Yuriko arranges flowers in her spare time.
7492881f35,予感,よかん,yokan,presentiment; premonition,N1,n,1542910,,吹き荒れる嵐の予感に、僕らはこぞって震えあがった。,At this hint of the violent storm to come we shuddered as one.
de99ebd20d,余興,よきょう,yokyou,side show; entertainment,N1,n,1544040,,忘年会の余興で大喜利をやることになった。,It's been decided that the entertainment for our year-end party will be a question-with-comical-improvised-answer session.
145570d162,預金,よきん,yokin,deposit; bank account,N1,n; vs; vt; vi,1545020,,私の預金残高はどうなっていますか。,What's the balance of my account?
192c16376f,抑圧,よくあつ,yokuatsu,check; restraint; oppression; suppression,N1,n; vs; vt,1547270,,彼は抑圧されている者達の味方をした。,He stood for those who were oppressed.
073662256e,浴室,よくしつ,yokushitsu,bathroom; bath,N1,n,1547460,,浴室付きの二人部屋をお願いします。,We'd like a room for two with a bath.
0484e1a526,抑制,よくせい,yokusei,suppression,N1,n; vs; vt,1547290,,彼は怒りを抑制することができなかった。,He could not control his anger.
34d33913ff,欲深い,よくふかい,yokufukai,greedy,N1,adj-i,1547380,,さて人間とは欲深いものです。,Men are greedy.
cdc0ed51d0,欲望,よくぼう,yokubou,desire; appetite,N1,n,1547410,,欲望を愛と混同するな。,Don't confuse desire with love.
a22c4bd92f,横綱,よこづな,yokozuna,sumo grand champion,N1,n,1180740,,,
0180e8874e,葦,よし,yoshi,reed; bulrush,N1,n; adj-no,1152820,,もう少し右の方へ—ようし！,"A little more to the right, just like so!"
fdb1756f8e,善し悪し,よしあし,yoshiashi,good or bad; merits or demerits; quality; suitability,N1,n,1581170,,彼女には事の善し悪しがわからない。,She can't tell the good from the bad.
a59bbff012,予想,よそう,yosou,expectation; anticipation; prediction; forecast,N1,n; vs; vt; adj-no,1543130,,あなたはどんな結果を予想していますか。,What results do you anticipate?
c685b4940c,余所見,よそみ,yosomi,looking away; looking aside,N1,n; vs; vt,1544190,,そこの男子、授業中によそ見しない！,"Boys, stop staring off into space in class!"
794e0d078e,余地,よち,yochi,place; room; margin; scope,N1,n,1544380,,屋根裏には十分広い余地がある。,There's ample room in the attic.
9c552d88c0,よって,よって,yotte,therefore; consequently; accordingly; because of,N1,conj,1605970,依って,「帰ろ」「マックよってかない？」,"""Let's head back."" ""Shall we drop by McDonald's?"""
fc653283bc,よっぽど,よっぽど,yoppodo,very; greatly; much; to a large extent; quite,N1,adv; adj-no; adj-na,2830551,,よっぽどの自信なんだなぁ。,You have considerable confidence.
8307cffb68,与党,よとう,yotou,government party; (ruling) party in power; government,N1,n,1544870,,与党は野党非難のキャンペーンを展開しています。,The ruling party is running a smear campaign against the opposition.
e22d9858a2,呼び止める,よびとめる,yobitomeru,to challenge; to call somebody to halt,N1,v1; vt,1266330,,その旅人は兵士に呼び止められて立ち止まった。,The traveler stopped at the soldier's challenge.
52b17bca55,夜更かし,よふかし,yofukashi,staying up late; keeping late hours; sitting up late at night; nighthawk,N1,n; vs; vi,1606000,,そんなに夜ふかしをするべきではない。,You ought not to sit up so late.
601e4974f7,夜更け,よふけ,yofuke,late at night,N1,n,1606010,,我々は夜更けまで語り合った。,We talked late into the night.
8d99b1a5b4,読み上げる,よみあげる,yomiageru,to read out loud (and clearly); to call a roll,N1,v1; vt,1456260,,私は彼らに向かってそれを読み上げる以外に仕方がなかった。,I had no choice but to read it out to them.
fe91926aad,寄り掛かる,よりかかる,yorikakaru,to lean against; to recline on; to lean on; to rely on,N1,v5r; vi,1606110,,彼は手すりに寄りかかっていました。,He was leaning against the rail.
16deaaa427,弱まる,よわまる,yowamaru,to abate; to weaken; to be emaciated; to be dejected; to be perplexed,N1,v5r; vi,1324580,,あらしの勢いが弱まった。,The storm abated.
fd3790e0c9,弱める,よわめる,yowameru,to weaken,N1,v1; vt,1324590,,大きなかしわの木が風の力を弱めている。,The big oak tree breaks the force of the wind.
215bd62d34,弱る,よわる,yowaru,to weaken; to be troubled; to be downcast; to be emaciated; to be dejected; to be perplexed; to impair,N1,v5r; vi,1324650,,彼は寄る年波で弱った。,He sank under the weight of age.
c83e444029,来場,らいじょう,raijou,attendance,N1,n; vs; vi,1585050,,,
8778116f3a,ライス,ライス,raisu,rice,N1,n,1137820,,ライスとキャベツをお代わりお願いします。,Can I have seconds on rice and cabbage?
aff35fe459,酪農,らくのう,rakunou,dairy (farm),N1,n,1548890,,,
ed1c4e0b8b,落下,らっか,rakka,fall; drop; come down,N1,n; vs; vi,1548650,,アダムは岩登りをしている時に、落下してあしを折りました。,"While Adam was rock-climbing, he fell and broke his leg."
4e80000648,楽観,らっかん,rakkan,optimism,N1,n; vs; vt,1207310,,父は私の楽観を乱さないことにした。,My father chose not to disturb my optimism.
9471e53797,ラベル,ラベル,raberu,label,N1,n,1139720,,このラベルは簡単につきますよ。,This label sticks easily.
d0cc8bf9a9,ランプ,ランプ,ranpu,lamp; ramp; headlight; light,N1,n,1140360,,,
a6fba53840,濫用,らんよう,ran'you,abuse; misuse; misappropriation; using to excess,N1,n; vs; vt,1549120,,彼は特権を乱用したに違いない。,He must have abused the privilege.
7d5268e159,理屈,りくつ,rikutsu,theory; reason,N1,n,1606240,,彼はその理屈がわからないほどばかではない。,He is too wise not to see the reason.
f045f3fdfe,利根,りこん,rikon,intelligence,N1,adj-na; n,1758380,,,
9ea667e1d8,利子,りし,rishi,interest (bank),N1,n,1549560,,この貸付金は高い利子をとられることになっている。,This loan will carry very heavy interest.
5b1c5016f7,利潤,りじゅん,rijun,profit; returns,N1,n,1549580,,もちろん利潤は生産費を上回るべきです。,Benefits of course should exceed the costs.
f04b9925b7,理性,りせい,risei,reason; sense,N1,n,1550010,,人間には理性があるが動物には無い。,"Man has reason, animals do not."
105141ee39,利息,りそく,risoku,interest (bank),N1,n,1549600,,彼は利息を付けて借金払いをした。,He paid the loan with interest.
16f60442c8,立体,りったい,rittai,solid body,N1,n; adj-no,1551740,,,
a46a045f8b,立法,りっぽう,rippou,legislation; lawmaking,N1,n; vs; vt; vi,1551840,,,
93039ef052,利点,りてん,riten,advantage; point in favor,N1,n,1549620,,我々の計画には多くの利点がある。,Our plan has lots of advantages.
09ead8c70e,略語,りゃくご,ryakugo,abbreviation; acronym,N1,n,1551990,,Ａｐｒ．はＡｐｒｉｌ（４月）の略語です。,Apr. is an abbreviation for April.
1389b25f13,略奪,りゃくだつ,ryakudatsu,pillage; plunder; looting; robbery,N1,n; vs; vt,1606250,,政府役人の豪邸が略奪された。,A government official's stately mansion was looted.
27d78c0d94,流,りゅう,ryuu,styleof; method of; manner of,N1,suf,1552090,,彼女は涙を流しながら答えました。,She answered with tears.
75af206529,流通,りゅうつう,ryuutsuu,circulation of money or goods; flow of water or air; distribution,N1,n; vs; vi,1552440,,よって流通するマネーが減り、物価上昇は鎮静化する。,"Thus money in circulation drops, and price escalation quietens down."
6325479166,了,りょう,ryou,finish; completion; understanding,N1,n,1553290,,,
a434acf5bd,料,りょう,ryou,material; charge; rate; fee,N1,n-suf; n,1554270,,貴重な思い出料としては安いものですよ。,That'll make for a memorable time.
3e37fcff5a,領域,りょういき,ryouiki,area; domain; territory; field; region; regime,N1,n,1554720,,かかわってくる問題は経済学の領域をはるかに越えている。,The questions involved go far beyond economics.
8c9facae6d,了解,りょうかい,ryoukai,comprehension; consent; understanding; roger (on the radio),N1,n; vs; vt,1553310,,彼はゆっくりうなずいて了解の意を示した。,He nodded slowly in comprehension.
b03689d9fa,領海,りょうかい,ryoukai,territorial waters,N1,n,1612270,,,
864c7afe67,両極,りょうきょく,ryoukyoku,both extremities; north and south poles; positive and negative poles,N1,n,1553520,,,
e6b6167d98,良好,りょうこう,ryoukou,favorable; satisfactory,N1,adj-na; n,1554550,,それに比べ最近彼女のお天気は良好。,In comparison to which she's been in a really good mood recently.
e0cafd1188,良識,りょうしき,ryoushiki,good sense,N1,n,1554570,,彼は良識ある人です。,He is a person with good sense.
1450f6b908,良質,りょうしつ,ryoushitsu,good quality; superior quality,N1,adj-na; adj-no; n,1554580,,このテーブルは良質のオーク材でできている。,This table is made of good oak.
720dca0098,了承,りょうしょう,ryoushou,acknowledgement; understanding (e.g. please be understanding of the mess during our renovation),N1,n; vs; vt,1606280,,この件についてのあなたのお求めを了承します。,Your request of this matter has been accepted.
4863d88e91,良心,りょうしん,ryoushin,conscience,N1,n,1554590,,彼は良心のとがめを感じた。,He felt the pangs of conscience.
fa1720345c,領地,りょうち,ryouchi,territory; dominion,N1,n; adj-no,1554780,,,
21cc63f32d,領土,りょうど,ryoudo,dominion; territory; possession,N1,n,1554790,,あの島はアメリカの領土です。,That island is American territory.
17969345a9,両立,りょうりつ,ryouritsu,compatibility; coexistence; standing together,N1,n; vs; vi,1554110,,健康は節制と両立する。,Health coexists with temperance.
e1864b7eb9,旅客,りょかく,ryokaku,passenger (transport),N1,n,1553140,,覆面をした男達が旅客を襲って金を奪った。,Masked men held up the passengers and robbed them of their money.
0d2ff54220,旅券,りょけん,ryoken,passport,N1,n,1553160,,彼は、旅券を余そうとした。,He tried to save something from his travel expenses.
9e34a9d77a,履歴,りれき,rireki,personal history; background; career; log,N1,n,1549810,,警察はその男の履歴を調べた。,The police looked into the records of the man.
d0ffd0f38f,理論,りろん,riron,theory,N1,n,1550160,,その考えが彼の理論の基礎となっている。,The idea underlies his theory.
c0b0e43f57,輪,りん,rin,counter for wheels and flowers,N1,ctr,1555700,,,
63601d234c,林業,りんぎょう,ringyou,forestry,N1,n,1555470,,,
bbecf30aea,類似,るいじ,ruiji,analogous,N1,n; vs; vi; adj-no,1556100,,その二つの実験は類似の結果を出した。,Those two experiments yielded similar results.
996bce1e41,類推,るいすい,ruisui,analogy,N1,n; vs; vt,1556120,,,
8cb7651d8e,ルーズ,ルーズ,ruuzu,loose,N1,adj-na,1143590,,彼女はいつも時間にルーズだ。,She is always careless about time.
118dd946b4,ルール,ルール,ruuru,rule,N1,n,1143920,,このルールはすべての場合に当てはまる。,This rule applies to all cases.
d6a5ec1c0b,冷酷,れいこく,reikoku,cruelty; coldheartedness; relentless; ruthless,N1,adj-na; n,1556980,,犬を叩くなんて彼は冷酷だ。,It was cruel of him to beat his dog.
e6e8d718b9,冷蔵,れいぞう,reizou,cold storage; refrigeration,N1,n; vs; vt,1557100,,,
47aa9c6d11,冷淡,れいたん,reitan,coolness; indifference,N1,adj-na; n,1557150,,私の演説は冷淡な沈黙で迎えられた。,My speech was greeted with cold silence.
77aabada2a,レース,レース,reesu,race; lace,N1,n,1144380,,,
4f878a51a9,レギュラー,レギュラー,regyuraa,regular,N1,adj-f,1144790,,レギュラー満タンでお願いします。,"Fill it with regular, please."
669651e81b,レクリエーション,レクリエーション,rekurieeshon,recreation,N1,n,1144860,,スキーをすることは良いレクリエーションである。,Skiing is a good form of recreation.
49dae9ac22,レッスン,レッスン,ressun,lesson,N1,n,1145510,,このレッスンはやさしい事が分かるでしょう。,You will find this lesson easy.
c7e4c9b610,レディー,レディー,redii,lady,N1,n,1145590,,,
bfef822f66,レバー,レバー,rebaa,lever; liver,N1,n,1145720,,レバーを押しあげて下さい。,Please push up the lever.
101cdef592,恋愛,れんあい,ren'ai,love; love-making; passion; emotion; affections,N1,n; vs; vi; adj-no,1558800,,時は友情を深めるが、恋愛を弱める。,"Time, which strengthens friendship, weakens love."
1338a3f47d,連休,れんきゅう,renkyuu,consecutive holidays,N1,n,1559380,,今度の３連休には何をしますか。,How will you spend the coming three-day holiday?
ca31bf8db3,レンジ,レンジ,renji,range; stove,N1,n,1146110,,地球はオレンジの形をしています。,The earth is the shape of an orange.
7d28bc070c,連日,れんじつ,renjitsu,every day; prolonged,N1,n; adj-no; adv,1559720,,連日交通事故が起きる。,Traffic accidents happen daily.
dfe344f4e2,連帯,れんたい,rentai,solidarity,N1,n; vs; vi,1559660,,荷物が遅れた場合、特別な連帯保険がある。,"In case the shipment is delayed, we have special delay insurance."
cefdf0c77c,レンタカー,レンタカー,rentakaa,hire car (lit: rent-a-car),N1,n,1146160,,キャロルはレンタカーを運転しています。,Carol is driving a rent-a-car.
04743e6a41,連中,れんちゅう,renchuu,colleagues; company; a lot,N1,n,1559700,,あの連中には近づいてはいけないよ。,You must steer clear of that gang.
543a56fe74,レントゲン,レントゲン,rentogen,X-ray (lit: Roentgen),N1,n,1146230,,胸部のレントゲンをとってください。,I'd like you to have a chest X-ray.
c3ae5da496,連邦,れんぽう,renpou,commonwealth; federation of states,N1,n,1559790,,アメリカ人は連邦税と州税の両方を払っている。,Americans pay both federal taxes and state taxes.
1487ab7edb,連盟,れんめい,renmei,league; union; alliance,N1,n,1559870,,某連盟元会長が背任の容疑で逮捕されました。,The former president of a certain association has been arrested on suspicion of breach of trust.
205f841138,老衰,ろうすい,rousui,senility; senile decay,N1,n; vs; vi; adj-no,1561120,,彼は老衰で二年前に亡くなった。,He died of old age two years ago.
3b514433e9,朗読,ろうどく,roudoku,reading aloud; recitation,N1,n; vs; vt,1560730,,彼はその詩を一本調子で朗読した。,He read the poem in a monotone.
edc9704d84,浪費,ろうひ,rouhi,waste; extravagance,N1,n; vs; vt; adj-no,1560800,,それは確かに時間の浪費です。,It's certainly a waste of time.
59cc1aa388,労力,ろうりょく,rouryoku,labour; effort; toil; trouble,N1,n,1560650,,この仕事は大変な労力を必要とする。,This job involves lots of hard work.
b083c2fe68,ロープ,ロープ,roopu,rope,N1,n,1146750,,このロープは強いですね。,"This rope is strong, isn't it?"
6098e9e230,碌な,ろくな,rokuna,satisfactory; decent,N1,adj-pn,1612330,,麻薬に手を出すとろくなことはない。,"If you mess with drugs, you're asking for trouble."
7533eeec58,碌に,ろくに,rokuni,well; enough; sufficient,N1,adv,1570040,,昨夜はろくに眠れなかった。,I could not sleep much last night.
c98b46666a,露骨,ろこつ,rokotsu,frank; blunt; plain; outspoken; conspicuous; open; broad; suggestive,N1,adj-na; n,1560120,,露骨に嫌な顔をして、彼を睨みつけた。,I glared at him with a blatant look of disapproval on my face.
077aaeea47,ロマンチック,ロマンチック,romanchikku,romantic,N1,adj-na,1148010,,その映画はロマンチックだった。,I found the film romantic.
0168723c14,論議,ろんぎ,rongi,discussion,N1,n; vs; vt,1561660,,その計画は詳細に論議された。,The plan was discussed in detail.
0a58b5edbf,論理,ろんり,ronri,logic,N1,n,1561850,,どうするかを決めるときは、論理ではなく本能を当てにする。,"In making a decision, I rely not on logic but on instinct."
b4527d4c3b,和,わ,wa,sum; harmony; peace,N1,n,1561920,,３角形のすべての角の和は１８０度に等しい。,The sum of all the angles in a triangle equals 180 degrees.
e91d9f8a96,枠,わく,waku,frame; slide,N1,n; n-suf,1562610,,ドアが枠に合わなければ合うまでドアにかんなをかけなければならない。,"If a door doesn't fit the casing, we must plane it carefully until it does."
58c834514c,惑星,わくせい,wakusei,planet,N1,n,1562600,,他の惑星には生命が存在するのですか。,Is there life on other planets?
5989bb1293,技,わざ,waza,art; technique,N1,n,1225090,,柔道では力より技のほうが大切である。,"In judo, technique is more important than strength."
bc47957953,わざわざ,わざわざ,wazawaza,expressly; specially; doing something especially rather than incidentally,N1,adv,1606710,態々,わざわざおいでにならなくて結構です。,Don't bother to come to my house.
99dd5e0ee7,煩わしい,わずらわしい,wazurawashii,troublesome; annoying; complicated,N1,adj-i,1481940,,ワープロがあれば、こんな煩わしさはなくなるだろう。,"If you had a word processor, you'd be free from all this trouble."
421caf025d,渡り鳥,わたりどり,wataridori,migratory bird; bird of passage,N1,n,1444650,,この池には、毎年冬になるとたくさんの渡り鳥がやってきます。,Many migratory birds come to this pond every year in winter.
dfecf73c10,ワット,ワット,watto,watt,N1,n,1149070,,1日300回のスクワット？そんなの絶対無理！,300 squats a day? That's completely impossible!
aa88f39126,詫び,わび,wabi,apology,N1,n,1562670,,どうしてあなたにお詫びする理由があるのですか。,Why should I apologize to you?
95c85f85f2,和風,わふう,wafuu,Japanese style,N1,n; adj-no,1562180,,梅酒はね、梅で作る和風リキュールのことだよ。,Umeshu is a Japanese liqueur made from plums.
0e1d3f747e,和文,わぶん,wabun,Japanese text; sentence in Japanese,N1,n,1562200,,この和文をフランス語に訳してください。,Please translate this Japanese text into French.
87ec2157d1,藁,わら,wara,straw,N1,n,1562710,,あのわらは火が付きやすい。,That straw catches fire easily.
cfd02fb96e,割り当て,わりあて,wariate,allotment; assignment; allocation; quota; rationing,N1,n,1606820,,輸入割り当て量についての多国間貿易交渉は暗礁に乗り上げてしまいました。,Multilateral trade negotiations ran aground over import quotas.
fd65caed2e,割り込む,わりこむ,warikomu,to cut in; to thrust oneself into; to wedge oneself in; to muscle in on; to interrupt; to disturb,N1,v5m; vt,1606870,,人の話に割り込むのは失礼だぞ。,It is rude to interrupt others.
0bc587dbfe,悪者,わるもの,warumono,bad fellow; rascal; ruffian; scoundrel,N1,n,1151840,,いない者がいつも悪者になる。,The absent are always in the wrong.
